-- liquibase formatted sql

-- changeset sameerkhan:1775937591491-0
INSERT INTO "person" ("id", "legal_name", "primary_phone", "primary_email", "phone_verified", "email_verified", "status", "created_at", "created_by", "updated_at", "updated_by")
VALUES (999999, 'Bootstrap Placeholder Person', NULL, 'bootstrap.placeholder@retailmanagement.local', FALSE, FALSE, 'ACTIVE', NOW(), NULL, NOW(), NULL);
INSERT INTO "auth_account" ("id", "person_id", "login_identifier", "password_hash", "is_active", "is_locked", "last_login_at", "created_at", "created_by", "updated_at", "updated_by")
VALUES (999999, 999999, 'bootstrap-placeholder-account', '{noop}bootstrap', TRUE, FALSE, NULL, NOW(), NULL, NOW(), NULL);

-- changeset sameerkhan:1775937591491-1
INSERT INTO "organization" ("id", "code", "name", "legal_name", "phone", "email", "gstin", "is_active", "created_at", "created_by", "updated_at", "updated_by", "subscription_version", "gst_threshold_amount", "gst_threshold_alert_enabled", "owner_account_id") VALUES (34, 'UHL', 'Urban Home Lights', 'Urban Home Lights LLP', '+91-9876500002', 'admin@urbanlights.test', '24AAAFU5678R1Z2', TRUE, '2026-03-25 04:32:16.083557', NULL, '2026-03-29 21:43:03.901681', NULL, 2, 4000000.00, TRUE, 999999);
INSERT INTO "organization" ("id", "code", "name", "legal_name", "phone", "email", "gstin", "is_active", "created_at", "created_by", "updated_at", "updated_by", "subscription_version", "gst_threshold_amount", "gst_threshold_alert_enabled", "owner_account_id") VALUES (16, 'LOCAL', 'Local Organization', NULL, NULL, NULL, NULL, TRUE, '2026-03-25 04:19:25.014499', NULL, '2026-03-29 21:43:03.901681', NULL, 2, 4000000.00, TRUE, 999999);
INSERT INTO "organization" ("id", "code", "name", "legal_name", "phone", "email", "gstin", "is_active", "created_at", "created_by", "updated_at", "updated_by", "subscription_version", "gst_threshold_amount", "gst_threshold_alert_enabled", "owner_account_id") VALUES (35, 'SPCDEM2', 'Shakti Power Demo 2', 'Shakti Power Demo Two Pvt Ltd', '+91-9876510002', 'demo2@shaktipower.test', '24AAVCS2234Q1Z5', TRUE, '2026-03-29 21:44:01.452899', NULL, '2026-03-29 21:44:01.452899', NULL, 1, 4000000.00, TRUE, 999999);
INSERT INTO "organization" ("id", "code", "name", "legal_name", "phone", "email", "gstin", "is_active", "created_at", "created_by", "updated_at", "updated_by", "subscription_version", "gst_threshold_amount", "gst_threshold_alert_enabled", "owner_account_id") VALUES (36, 'SPCDEM3', 'Shakti Power Demo 3', 'Shakti Power Demo Three Pvt Ltd', '+91-9876510003', 'demo3@shaktipower.test', '24AAVCS3234Q1Z5', TRUE, '2026-03-29 21:44:09.632368', NULL, '2026-03-29 21:44:09.632368', NULL, 1, 4000000.00, TRUE, 999999);
INSERT INTO "organization" ("id", "code", "name", "legal_name", "phone", "email", "gstin", "is_active", "created_at", "created_by", "updated_at", "updated_by", "subscription_version", "gst_threshold_amount", "gst_threshold_alert_enabled", "owner_account_id") VALUES (37, 'PLATFORM', 'Retail Management Platform', 'Retail Management Platform', '+91-9990000099', 'platform-admin@retailmanagement.test', NULL, TRUE, '2026-04-05 02:11:19.371302', NULL, '2026-04-05 02:11:19.371302', NULL, 1, 4000000.00, TRUE, 999999);
INSERT INTO "organization" ("id", "code", "name", "legal_name", "phone", "email", "gstin", "is_active", "created_at", "created_by", "updated_at", "updated_by", "subscription_version", "gst_threshold_amount", "gst_threshold_alert_enabled", "owner_account_id") VALUES (33, 'SPC', 'Shakti Power Centre', 'Shakti Power Centre Private Limited', '+91-9876500001', 'admin@shaktipower.test', '24AAVCS1234Q1Z5', TRUE, '2026-03-25 04:32:16.083557', NULL, '2026-04-05 04:39:02.481593', NULL, 3, 4000000.00, TRUE, 999999);

-- changeset sameerkhan:1775937591491-2
INSERT INTO "branch" ("id", "organization_id", "code", "name", "phone", "email", "address_line1", "address_line2", "city", "state", "postal_code", "country", "is_active", "created_at", "created_by", "updated_at", "updated_by") VALUES (71, 33, 'SPC-RJK', 'Rajkot Retail', '+91-9876501003', 'rajkot@shaktipower.test', 'Kalawad Road', NULL, 'Rajkot', 'Gujarat', '360005', 'India', TRUE, '2026-03-25 04:32:16.083557', NULL, '2026-03-25 04:32:16.083557', NULL);
INSERT INTO "branch" ("id", "organization_id", "code", "name", "phone", "email", "address_line1", "address_line2", "city", "state", "postal_code", "country", "is_active", "created_at", "created_by", "updated_at", "updated_by") VALUES (72, 33, 'SPC-JAM', 'Jamnagar Retail', '+91-9876501002', 'jam@shaktipower.test', 'Ranjit Road', NULL, 'Jamnagar', 'Gujarat', '361001', 'India', TRUE, '2026-03-25 04:32:16.083557', NULL, '2026-03-25 04:32:16.083557', NULL);
INSERT INTO "branch" ("id", "organization_id", "code", "name", "phone", "email", "address_line1", "address_line2", "city", "state", "postal_code", "country", "is_active", "created_at", "created_by", "updated_at", "updated_by") VALUES (73, 33, 'SPC-HQ', 'Mithapur Head Office', '+91-9876501001', 'hq@shaktipower.test', 'Station Road', NULL, 'Mithapur', 'Gujarat', '361345', 'India', TRUE, '2026-03-25 04:32:16.083557', NULL, '2026-03-25 04:32:16.083557', NULL);
INSERT INTO "branch" ("id", "organization_id", "code", "name", "phone", "email", "address_line1", "address_line2", "city", "state", "postal_code", "country", "is_active", "created_at", "created_by", "updated_at", "updated_by") VALUES (74, 34, 'UHL-SUR', 'Surat Lighting Hub', '+91-9876502002', 'surat@urbanlights.test', 'Ring Road', NULL, 'Surat', 'Gujarat', '395002', 'India', TRUE, '2026-03-25 04:32:16.083557', NULL, '2026-03-25 04:32:16.083557', NULL);
INSERT INTO "branch" ("id", "organization_id", "code", "name", "phone", "email", "address_line1", "address_line2", "city", "state", "postal_code", "country", "is_active", "created_at", "created_by", "updated_at", "updated_by") VALUES (75, 34, 'UHL-AHD', 'Ahmedabad Showroom', '+91-9876502001', 'ahd@urbanlights.test', 'CG Road', NULL, 'Ahmedabad', 'Gujarat', '380009', 'India', TRUE, '2026-03-25 04:32:16.083557', NULL, '2026-03-25 04:32:16.083557', NULL);
INSERT INTO "branch" ("id", "organization_id", "code", "name", "phone", "email", "address_line1", "address_line2", "city", "state", "postal_code", "country", "is_active", "created_at", "created_by", "updated_at", "updated_by") VALUES (76, 33, 'SPC-ADM-DEMO', 'SPC Admin Demo Branch', NULL, NULL, NULL, NULL, 'Rajkot', 'Gujarat', NULL, 'India', TRUE, '2026-03-29 23:34:45.139787', NULL, '2026-03-29 23:34:45.139787', NULL);

-- changeset sameerkhan:1775937591491-3
INSERT INTO "warehouse" ("id", "organization_id", "branch_id", "code", "name", "warehouse_type", "is_primary", "is_active", "created_at", "created_by", "updated_at", "updated_by") VALUES (141, 33, 73, 'SPC-HQ-STORE', 'HQ Front Store', 'STORE', TRUE, TRUE, '2026-03-25 04:32:16.083557', NULL, '2026-03-25 04:32:16.083557', NULL);
INSERT INTO "warehouse" ("id", "organization_id", "branch_id", "code", "name", "warehouse_type", "is_primary", "is_active", "created_at", "created_by", "updated_at", "updated_by") VALUES (142, 33, 73, 'SPC-HQ-GODOWN', 'HQ Central Godown', 'GODOWN', FALSE, TRUE, '2026-03-25 04:32:16.083557', NULL, '2026-03-25 04:32:16.083557', NULL);
INSERT INTO "warehouse" ("id", "organization_id", "branch_id", "code", "name", "warehouse_type", "is_primary", "is_active", "created_at", "created_by", "updated_at", "updated_by") VALUES (143, 33, 73, 'SPC-HQ-SVC', 'HQ Service Bay', 'SERVICE', FALSE, TRUE, '2026-03-25 04:32:16.083557', NULL, '2026-03-25 04:32:16.083557', NULL);
INSERT INTO "warehouse" ("id", "organization_id", "branch_id", "code", "name", "warehouse_type", "is_primary", "is_active", "created_at", "created_by", "updated_at", "updated_by") VALUES (144, 33, 72, 'SPC-JAM-STORE', 'Jamnagar Store', 'STORE', TRUE, TRUE, '2026-03-25 04:32:16.083557', NULL, '2026-03-25 04:32:16.083557', NULL);
INSERT INTO "warehouse" ("id", "organization_id", "branch_id", "code", "name", "warehouse_type", "is_primary", "is_active", "created_at", "created_by", "updated_at", "updated_by") VALUES (145, 33, 72, 'SPC-JAM-GODOWN', 'Jamnagar Back Godown', 'GODOWN', FALSE, TRUE, '2026-03-25 04:32:16.083557', NULL, '2026-03-25 04:32:16.083557', NULL);
INSERT INTO "warehouse" ("id", "organization_id", "branch_id", "code", "name", "warehouse_type", "is_primary", "is_active", "created_at", "created_by", "updated_at", "updated_by") VALUES (146, 33, 71, 'SPC-RJK-STORE', 'Rajkot Store', 'STORE', TRUE, TRUE, '2026-03-25 04:32:16.083557', NULL, '2026-03-25 04:32:16.083557', NULL);
INSERT INTO "warehouse" ("id", "organization_id", "branch_id", "code", "name", "warehouse_type", "is_primary", "is_active", "created_at", "created_by", "updated_at", "updated_by") VALUES (147, 34, 75, 'UHL-AHD-STORE', 'Ahmedabad Showroom', 'STORE', TRUE, TRUE, '2026-03-25 04:32:16.083557', NULL, '2026-03-25 04:32:16.083557', NULL);
INSERT INTO "warehouse" ("id", "organization_id", "branch_id", "code", "name", "warehouse_type", "is_primary", "is_active", "created_at", "created_by", "updated_at", "updated_by") VALUES (148, 34, 75, 'UHL-AHD-GODOWN', 'Ahmedabad Stock Hub', 'GODOWN', FALSE, TRUE, '2026-03-25 04:32:16.083557', NULL, '2026-03-25 04:32:16.083557', NULL);
INSERT INTO "warehouse" ("id", "organization_id", "branch_id", "code", "name", "warehouse_type", "is_primary", "is_active", "created_at", "created_by", "updated_at", "updated_by") VALUES (149, 34, 74, 'UHL-SUR-STORE', 'Surat Store', 'STORE', TRUE, TRUE, '2026-03-25 04:32:16.083557', NULL, '2026-03-25 04:32:16.083557', NULL);
INSERT INTO "warehouse" ("id", "organization_id", "branch_id", "code", "name", "warehouse_type", "is_primary", "is_active", "created_at", "created_by", "updated_at", "updated_by") VALUES (150, 34, 74, 'UHL-SUR-DMG', 'Surat Damaged Area', 'DAMAGED', FALSE, TRUE, '2026-03-25 04:32:16.083557', NULL, '2026-03-25 04:32:16.083557', NULL);
INSERT INTO "warehouse" ("id", "organization_id", "branch_id", "code", "name", "warehouse_type", "is_primary", "is_active", "created_at", "created_by", "updated_at", "updated_by") VALUES (151, 33, 71, 'SPC-RJK-WH2', 'Rajkot Secondary Warehouse', 'STANDARD', FALSE, TRUE, '2026-04-04 01:46:12.617984', NULL, '2026-04-04 01:46:12.617984', NULL);

-- changeset sameerkhan:1775937591491-4
INSERT INTO "app_user" ("id", "organization_id", "default_branch_id", "role_id", "employee_code", "is_active", "joined_on", "exited_on", "created_at", "created_by", "updated_at", "updated_by", "person_id", "account_id") VALUES (188, 16, NULL, 16, 'guardcheck02', TRUE, NULL, NULL, '2026-03-25 19:15:27.858078', NULL, '2026-03-25 19:15:27.858078', NULL, 999999, 999999);
INSERT INTO "app_user" ("id", "organization_id", "default_branch_id", "role_id", "employee_code", "is_active", "joined_on", "exited_on", "created_at", "created_by", "updated_at", "updated_by", "person_id", "account_id") VALUES (190, 35, NULL, 9, 'SPC-OWN-01', TRUE, NULL, NULL, '2026-03-29 21:44:01.460715', NULL, '2026-03-29 21:44:01.460715', NULL, 999999, 999999);
INSERT INTO "app_user" ("id", "organization_id", "default_branch_id", "role_id", "employee_code", "is_active", "joined_on", "exited_on", "created_at", "created_by", "updated_at", "updated_by", "person_id", "account_id") VALUES (191, 36, NULL, 9, 'SPC-OWN-01', TRUE, NULL, NULL, '2026-03-29 21:44:09.636603', NULL, '2026-03-29 21:44:09.636603', NULL, 999999, 999999);
INSERT INTO "app_user" ("id", "organization_id", "default_branch_id", "role_id", "employee_code", "is_active", "joined_on", "exited_on", "created_at", "created_by", "updated_at", "updated_by", "person_id", "account_id") VALUES (195, 37, NULL, 18, 'PLAT-ADM-01', TRUE, '2026-04-05', NULL, '2026-04-05 02:11:19.371302', NULL, '2026-04-10 19:46:08.901153', NULL, 999999, 999999);
INSERT INTO "app_user" ("id", "organization_id", "default_branch_id", "role_id", "employee_code", "is_active", "joined_on", "exited_on", "created_at", "created_by", "updated_at", "updated_by", "person_id", "account_id") VALUES (193, 33, 71, 11, 'SPC-EMP-ADM-02', TRUE, NULL, NULL, '2026-03-29 23:36:46.820688', NULL, '2026-04-05 04:40:01.684536', NULL, 999999, 999999);
INSERT INTO "app_user" ("id", "organization_id", "default_branch_id", "role_id", "employee_code", "is_active", "joined_on", "exited_on", "created_at", "created_by", "updated_at", "updated_by", "person_id", "account_id") VALUES (169, 33, 72, 9, 'SPC-OWN-02', TRUE, '2023-02-01', NULL, '2026-03-25 04:32:16.083557', NULL, '2026-04-11 16:49:06.007871', NULL, 999999, 999999);
INSERT INTO "app_user" ("id", "organization_id", "default_branch_id", "role_id", "employee_code", "is_active", "joined_on", "exited_on", "created_at", "created_by", "updated_at", "updated_by", "person_id", "account_id") VALUES (171, 33, 73, 11, 'SPC-ACC-01', TRUE, '2023-04-01', NULL, '2026-03-25 04:32:16.083557', NULL, '2026-03-25 10:45:54.012798', NULL, 999999, 999999);
INSERT INTO "app_user" ("id", "organization_id", "default_branch_id", "role_id", "employee_code", "is_active", "joined_on", "exited_on", "created_at", "created_by", "updated_at", "updated_by", "person_id", "account_id") VALUES (172, 33, 72, 12, 'SPC-MGR-01', TRUE, '2023-04-10', NULL, '2026-03-25 04:32:16.083557', NULL, '2026-03-25 10:45:54.012798', NULL, 999999, 999999);
INSERT INTO "app_user" ("id", "organization_id", "default_branch_id", "role_id", "employee_code", "is_active", "joined_on", "exited_on", "created_at", "created_by", "updated_at", "updated_by", "person_id", "account_id") VALUES (173, 33, 72, 13, 'SPC-CAS-01', TRUE, '2023-05-01', NULL, '2026-03-25 04:32:16.083557', NULL, '2026-03-25 10:45:54.012798', NULL, 999999, 999999);
INSERT INTO "app_user" ("id", "organization_id", "default_branch_id", "role_id", "employee_code", "is_active", "joined_on", "exited_on", "created_at", "created_by", "updated_at", "updated_by", "person_id", "account_id") VALUES (174, 33, 73, 14, 'SPC-PUR-01', TRUE, '2023-05-12', NULL, '2026-03-25 04:32:16.083557', NULL, '2026-03-25 10:45:54.012798', NULL, 999999, 999999);
INSERT INTO "app_user" ("id", "organization_id", "default_branch_id", "role_id", "employee_code", "is_active", "joined_on", "exited_on", "created_at", "created_by", "updated_at", "updated_by", "person_id", "account_id") VALUES (175, 33, 73, 15, 'SPC-TEC-01', TRUE, '2023-06-01', NULL, '2026-03-25 04:32:16.083557', NULL, '2026-03-25 10:45:54.012798', NULL, 999999, 999999);
INSERT INTO "app_user" ("id", "organization_id", "default_branch_id", "role_id", "employee_code", "is_active", "joined_on", "exited_on", "created_at", "created_by", "updated_at", "updated_by", "person_id", "account_id") VALUES (177, 34, 74, 9, 'UHL-OWN-02', TRUE, '2023-02-10', NULL, '2026-03-25 04:32:16.083557', NULL, '2026-03-25 10:45:54.012798', NULL, 999999, 999999);
INSERT INTO "app_user" ("id", "organization_id", "default_branch_id", "role_id", "employee_code", "is_active", "joined_on", "exited_on", "created_at", "created_by", "updated_at", "updated_by", "person_id", "account_id") VALUES (178, 34, 75, 10, 'UHL-ADM-01', TRUE, '2023-03-05', NULL, '2026-03-25 04:32:16.083557', NULL, '2026-03-25 10:45:54.012798', NULL, 999999, 999999);
INSERT INTO "app_user" ("id", "organization_id", "default_branch_id", "role_id", "employee_code", "is_active", "joined_on", "exited_on", "created_at", "created_by", "updated_at", "updated_by", "person_id", "account_id") VALUES (179, 34, 75, 11, 'UHL-ACC-01', TRUE, '2023-03-20', NULL, '2026-03-25 04:32:16.083557', NULL, '2026-03-25 10:45:54.012798', NULL, 999999, 999999);
INSERT INTO "app_user" ("id", "organization_id", "default_branch_id", "role_id", "employee_code", "is_active", "joined_on", "exited_on", "created_at", "created_by", "updated_at", "updated_by", "person_id", "account_id") VALUES (180, 34, 74, 12, 'UHL-MGR-01', TRUE, '2023-04-18', NULL, '2026-03-25 04:32:16.083557', NULL, '2026-03-25 10:45:54.012798', NULL, 999999, 999999);
INSERT INTO "app_user" ("id", "organization_id", "default_branch_id", "role_id", "employee_code", "is_active", "joined_on", "exited_on", "created_at", "created_by", "updated_at", "updated_by", "person_id", "account_id") VALUES (181, 34, 74, 13, 'UHL-CAS-01', TRUE, '2023-05-09', NULL, '2026-03-25 04:32:16.083557', NULL, '2026-03-25 10:45:54.012798', NULL, 999999, 999999);
INSERT INTO "app_user" ("id", "organization_id", "default_branch_id", "role_id", "employee_code", "is_active", "joined_on", "exited_on", "created_at", "created_by", "updated_at", "updated_by", "person_id", "account_id") VALUES (182, 34, 75, 15, 'UHL-TEC-01', TRUE, '2023-06-09', NULL, '2026-03-25 04:32:16.083557', NULL, '2026-03-25 10:45:54.012798', NULL, 999999, 999999);
INSERT INTO "app_user" ("id", "organization_id", "default_branch_id", "role_id", "employee_code", "is_active", "joined_on", "exited_on", "created_at", "created_by", "updated_at", "updated_by", "person_id", "account_id") VALUES (47, 16, NULL, 16, 'erpverify06', TRUE, NULL, NULL, '2026-03-25 04:19:25.139886', NULL, '2026-03-25 10:45:54.012798', NULL, 999999, 999999);
INSERT INTO "app_user" ("id", "organization_id", "default_branch_id", "role_id", "employee_code", "is_active", "joined_on", "exited_on", "created_at", "created_by", "updated_at", "updated_by", "person_id", "account_id") VALUES (186, 16, NULL, 16, 'identitycheck03', TRUE, NULL, NULL, '2026-03-25 12:39:41.542787', NULL, '2026-03-25 12:39:41.542787', NULL, 999999, 999999);
INSERT INTO "app_user" ("id", "organization_id", "default_branch_id", "role_id", "employee_code", "is_active", "joined_on", "exited_on", "created_at", "created_by", "updated_at", "updated_by", "person_id", "account_id") VALUES (168, 33, 73, 9, 'SPC-OWN-01', TRUE, '2023-01-01', NULL, '2026-03-25 04:32:16.083557', NULL, '2026-04-12 01:19:30.153296', NULL, 999999, 999999);
INSERT INTO "app_user" ("id", "organization_id", "default_branch_id", "role_id", "employee_code", "is_active", "joined_on", "exited_on", "created_at", "created_by", "updated_at", "updated_by", "person_id", "account_id") VALUES (189, 16, NULL, 16, 'guardcheck03', TRUE, NULL, NULL, '2026-03-25 19:17:24.95929', NULL, '2026-03-25 19:17:24.95929', NULL, 999999, 999999);
INSERT INTO "app_user" ("id", "organization_id", "default_branch_id", "role_id", "employee_code", "is_active", "joined_on", "exited_on", "created_at", "created_by", "updated_at", "updated_by", "person_id", "account_id") VALUES (194, 33, 73, 10, 'EMP-SPC-0001', TRUE, NULL, NULL, '2026-04-05 01:37:15.028388', NULL, '2026-04-05 01:37:15.028388', NULL, 999999, 999999);
INSERT INTO "app_user" ("id", "organization_id", "default_branch_id", "role_id", "employee_code", "is_active", "joined_on", "exited_on", "created_at", "created_by", "updated_at", "updated_by", "person_id", "account_id") VALUES (183, 16, NULL, 16, 'sameer.khan', TRUE, NULL, NULL, '2026-03-25 05:19:34.398817', NULL, '2026-03-31 17:38:38.646717', NULL, 999999, 999999);
INSERT INTO "app_user" ("id", "organization_id", "default_branch_id", "role_id", "employee_code", "is_active", "joined_on", "exited_on", "created_at", "created_by", "updated_at", "updated_by", "person_id", "account_id") VALUES (192, 33, 71, 11, 'SPC-EMP-ADM-01', TRUE, NULL, NULL, '2026-03-29 23:34:45.302324', NULL, '2026-03-29 23:34:45.302324', NULL, 999999, 999999);
INSERT INTO "app_user" ("id", "organization_id", "default_branch_id", "role_id", "employee_code", "is_active", "joined_on", "exited_on", "created_at", "created_by", "updated_at", "updated_by", "person_id", "account_id") VALUES (170, 33, 73, 10, 'SPC-ADM-01', TRUE, '2023-03-15', NULL, '2026-03-25 04:32:16.083557', NULL, '2026-04-05 01:02:05.398021', NULL, 999999, 999999);
INSERT INTO "app_user" ("id", "organization_id", "default_branch_id", "role_id", "employee_code", "is_active", "joined_on", "exited_on", "created_at", "created_by", "updated_at", "updated_by", "person_id", "account_id") VALUES (176, 34, 75, 9, 'UHL-OWN-01', TRUE, '2023-01-10', NULL, '2026-03-25 04:32:16.083557', NULL, '2026-04-11 13:04:34.168345', NULL, 999999, 999999);

-- changeset sameerkhan:1775937591491-4-1
UPDATE "organization"
SET "created_by" = CASE "id"
    WHEN 34 THEN 176
    WHEN 35 THEN 168
    WHEN 36 THEN 168
    WHEN 33 THEN 168
END,
"updated_by" = CASE "id"
    WHEN 34 THEN 176
    WHEN 35 THEN 168
    WHEN 36 THEN 168
    WHEN 33 THEN 195
END
WHERE "id" IN (34, 35, 36, 33);

UPDATE "branch"
SET "created_by" = CASE "id"
    WHEN 71 THEN 168
    WHEN 72 THEN 168
    WHEN 73 THEN 168
    WHEN 74 THEN 176
    WHEN 75 THEN 176
    WHEN 76 THEN 168
END,
"updated_by" = CASE "id"
    WHEN 71 THEN 168
    WHEN 72 THEN 168
    WHEN 73 THEN 168
    WHEN 74 THEN 176
    WHEN 75 THEN 176
    WHEN 76 THEN 168
END
WHERE "id" IN (71, 72, 73, 74, 75, 76);

UPDATE "warehouse"
SET "created_by" = CASE "id"
    WHEN 141 THEN 168
    WHEN 142 THEN 168
    WHEN 143 THEN 168
    WHEN 144 THEN 168
    WHEN 145 THEN 168
    WHEN 146 THEN 168
    WHEN 147 THEN 176
    WHEN 148 THEN 176
    WHEN 149 THEN 176
    WHEN 150 THEN 176
    WHEN 151 THEN 168
END,
"updated_by" = CASE "id"
    WHEN 141 THEN 168
    WHEN 142 THEN 168
    WHEN 143 THEN 168
    WHEN 144 THEN 168
    WHEN 145 THEN 168
    WHEN 146 THEN 168
    WHEN 147 THEN 176
    WHEN 148 THEN 176
    WHEN 149 THEN 176
    WHEN 150 THEN 176
    WHEN 151 THEN 168
END
WHERE "id" IN (141, 142, 143, 144, 145, 146, 147, 148, 149, 150, 151);

-- changeset sameerkhan:1775937591491-5
INSERT INTO "user_branch_access" ("id", "user_id", "branch_id", "is_default", "created_at", "created_by", "updated_at", "updated_by") VALUES (342, 168, 71, FALSE, '2026-03-25 04:32:16.083557', NULL, '2026-03-25 04:32:16.083557', NULL);
INSERT INTO "user_branch_access" ("id", "user_id", "branch_id", "is_default", "created_at", "created_by", "updated_at", "updated_by") VALUES (343, 168, 72, FALSE, '2026-03-25 04:32:16.083557', NULL, '2026-03-25 04:32:16.083557', NULL);
INSERT INTO "user_branch_access" ("id", "user_id", "branch_id", "is_default", "created_at", "created_by", "updated_at", "updated_by") VALUES (344, 168, 73, TRUE, '2026-03-25 04:32:16.083557', NULL, '2026-03-25 04:32:16.083557', NULL);
INSERT INTO "user_branch_access" ("id", "user_id", "branch_id", "is_default", "created_at", "created_by", "updated_at", "updated_by") VALUES (345, 169, 71, FALSE, '2026-03-25 04:32:16.083557', NULL, '2026-03-25 04:32:16.083557', NULL);
INSERT INTO "user_branch_access" ("id", "user_id", "branch_id", "is_default", "created_at", "created_by", "updated_at", "updated_by") VALUES (346, 169, 72, TRUE, '2026-03-25 04:32:16.083557', NULL, '2026-03-25 04:32:16.083557', NULL);
INSERT INTO "user_branch_access" ("id", "user_id", "branch_id", "is_default", "created_at", "created_by", "updated_at", "updated_by") VALUES (347, 169, 73, FALSE, '2026-03-25 04:32:16.083557', NULL, '2026-03-25 04:32:16.083557', NULL);
INSERT INTO "user_branch_access" ("id", "user_id", "branch_id", "is_default", "created_at", "created_by", "updated_at", "updated_by") VALUES (348, 170, 71, FALSE, '2026-03-25 04:32:16.083557', NULL, '2026-03-25 04:32:16.083557', NULL);
INSERT INTO "user_branch_access" ("id", "user_id", "branch_id", "is_default", "created_at", "created_by", "updated_at", "updated_by") VALUES (349, 170, 72, FALSE, '2026-03-25 04:32:16.083557', NULL, '2026-03-25 04:32:16.083557', NULL);
INSERT INTO "user_branch_access" ("id", "user_id", "branch_id", "is_default", "created_at", "created_by", "updated_at", "updated_by") VALUES (350, 170, 73, TRUE, '2026-03-25 04:32:16.083557', NULL, '2026-03-25 04:32:16.083557', NULL);
INSERT INTO "user_branch_access" ("id", "user_id", "branch_id", "is_default", "created_at", "created_by", "updated_at", "updated_by") VALUES (351, 171, 71, FALSE, '2026-03-25 04:32:16.083557', NULL, '2026-03-25 04:32:16.083557', NULL);
INSERT INTO "user_branch_access" ("id", "user_id", "branch_id", "is_default", "created_at", "created_by", "updated_at", "updated_by") VALUES (352, 171, 72, FALSE, '2026-03-25 04:32:16.083557', NULL, '2026-03-25 04:32:16.083557', NULL);
INSERT INTO "user_branch_access" ("id", "user_id", "branch_id", "is_default", "created_at", "created_by", "updated_at", "updated_by") VALUES (353, 171, 73, TRUE, '2026-03-25 04:32:16.083557', NULL, '2026-03-25 04:32:16.083557', NULL);
INSERT INTO "user_branch_access" ("id", "user_id", "branch_id", "is_default", "created_at", "created_by", "updated_at", "updated_by") VALUES (354, 176, 74, FALSE, '2026-03-25 04:32:16.083557', NULL, '2026-03-25 04:32:16.083557', NULL);
INSERT INTO "user_branch_access" ("id", "user_id", "branch_id", "is_default", "created_at", "created_by", "updated_at", "updated_by") VALUES (355, 176, 75, TRUE, '2026-03-25 04:32:16.083557', NULL, '2026-03-25 04:32:16.083557', NULL);
INSERT INTO "user_branch_access" ("id", "user_id", "branch_id", "is_default", "created_at", "created_by", "updated_at", "updated_by") VALUES (356, 177, 74, TRUE, '2026-03-25 04:32:16.083557', NULL, '2026-03-25 04:32:16.083557', NULL);
INSERT INTO "user_branch_access" ("id", "user_id", "branch_id", "is_default", "created_at", "created_by", "updated_at", "updated_by") VALUES (357, 177, 75, FALSE, '2026-03-25 04:32:16.083557', NULL, '2026-03-25 04:32:16.083557', NULL);
INSERT INTO "user_branch_access" ("id", "user_id", "branch_id", "is_default", "created_at", "created_by", "updated_at", "updated_by") VALUES (358, 178, 74, FALSE, '2026-03-25 04:32:16.083557', NULL, '2026-03-25 04:32:16.083557', NULL);
INSERT INTO "user_branch_access" ("id", "user_id", "branch_id", "is_default", "created_at", "created_by", "updated_at", "updated_by") VALUES (359, 178, 75, TRUE, '2026-03-25 04:32:16.083557', NULL, '2026-03-25 04:32:16.083557', NULL);
INSERT INTO "user_branch_access" ("id", "user_id", "branch_id", "is_default", "created_at", "created_by", "updated_at", "updated_by") VALUES (360, 179, 74, FALSE, '2026-03-25 04:32:16.083557', NULL, '2026-03-25 04:32:16.083557', NULL);
INSERT INTO "user_branch_access" ("id", "user_id", "branch_id", "is_default", "created_at", "created_by", "updated_at", "updated_by") VALUES (361, 179, 75, TRUE, '2026-03-25 04:32:16.083557', NULL, '2026-03-25 04:32:16.083557', NULL);
INSERT INTO "user_branch_access" ("id", "user_id", "branch_id", "is_default", "created_at", "created_by", "updated_at", "updated_by") VALUES (362, 172, 72, TRUE, '2026-03-25 04:32:16.083557', NULL, '2026-03-25 04:32:16.083557', NULL);
INSERT INTO "user_branch_access" ("id", "user_id", "branch_id", "is_default", "created_at", "created_by", "updated_at", "updated_by") VALUES (363, 172, 73, FALSE, '2026-03-25 04:32:16.083557', NULL, '2026-03-25 04:32:16.083557', NULL);
INSERT INTO "user_branch_access" ("id", "user_id", "branch_id", "is_default", "created_at", "created_by", "updated_at", "updated_by") VALUES (364, 173, 72, TRUE, '2026-03-25 04:32:16.083557', NULL, '2026-03-25 04:32:16.083557', NULL);
INSERT INTO "user_branch_access" ("id", "user_id", "branch_id", "is_default", "created_at", "created_by", "updated_at", "updated_by") VALUES (365, 173, 73, FALSE, '2026-03-25 04:32:16.083557', NULL, '2026-03-25 04:32:16.083557', NULL);
INSERT INTO "user_branch_access" ("id", "user_id", "branch_id", "is_default", "created_at", "created_by", "updated_at", "updated_by") VALUES (366, 174, 73, TRUE, '2026-03-25 04:32:16.083557', NULL, '2026-03-25 04:32:16.083557', NULL);
INSERT INTO "user_branch_access" ("id", "user_id", "branch_id", "is_default", "created_at", "created_by", "updated_at", "updated_by") VALUES (367, 175, 73, TRUE, '2026-03-25 04:32:16.083557', NULL, '2026-03-25 04:32:16.083557', NULL);
INSERT INTO "user_branch_access" ("id", "user_id", "branch_id", "is_default", "created_at", "created_by", "updated_at", "updated_by") VALUES (368, 180, 74, TRUE, '2026-03-25 04:32:16.083557', NULL, '2026-03-25 04:32:16.083557', NULL);
INSERT INTO "user_branch_access" ("id", "user_id", "branch_id", "is_default", "created_at", "created_by", "updated_at", "updated_by") VALUES (369, 180, 75, FALSE, '2026-03-25 04:32:16.083557', NULL, '2026-03-25 04:32:16.083557', NULL);
INSERT INTO "user_branch_access" ("id", "user_id", "branch_id", "is_default", "created_at", "created_by", "updated_at", "updated_by") VALUES (370, 181, 74, TRUE, '2026-03-25 04:32:16.083557', NULL, '2026-03-25 04:32:16.083557', NULL);
INSERT INTO "user_branch_access" ("id", "user_id", "branch_id", "is_default", "created_at", "created_by", "updated_at", "updated_by") VALUES (371, 181, 75, FALSE, '2026-03-25 04:32:16.083557', NULL, '2026-03-25 04:32:16.083557', NULL);
INSERT INTO "user_branch_access" ("id", "user_id", "branch_id", "is_default", "created_at", "created_by", "updated_at", "updated_by") VALUES (372, 182, 75, TRUE, '2026-03-25 04:32:16.083557', NULL, '2026-03-25 04:32:16.083557', NULL);
INSERT INTO "user_branch_access" ("id", "user_id", "branch_id", "is_default", "created_at", "created_by", "updated_at", "updated_by") VALUES (373, 192, 71, TRUE, '2026-03-29 23:34:45.198365', NULL, '2026-03-29 23:34:45.198365', NULL);
INSERT INTO "user_branch_access" ("id", "user_id", "branch_id", "is_default", "created_at", "created_by", "updated_at", "updated_by") VALUES (374, 192, 73, FALSE, '2026-03-29 23:34:45.198365', NULL, '2026-03-29 23:34:45.198365', NULL);
INSERT INTO "user_branch_access" ("id", "user_id", "branch_id", "is_default", "created_at", "created_by", "updated_at", "updated_by") VALUES (375, 193, 71, TRUE, '2026-03-29 23:36:46.651685', NULL, '2026-03-29 23:36:46.651685', NULL);
INSERT INTO "user_branch_access" ("id", "user_id", "branch_id", "is_default", "created_at", "created_by", "updated_at", "updated_by") VALUES (376, 193, 73, FALSE, '2026-03-29 23:36:46.651685', NULL, '2026-03-29 23:36:46.651685', NULL);
INSERT INTO "user_branch_access" ("id", "user_id", "branch_id", "is_default", "created_at", "created_by", "updated_at", "updated_by") VALUES (377, 194, 73, TRUE, '2026-04-05 01:37:14.915351', NULL, '2026-04-05 01:37:14.915351', NULL);

-- changeset sameerkhan:1775937591491-6
INSERT INTO "app_setting" ("id", "organization_id", "branch_id", "setting_key", "setting_value", "created_at", "created_by", "updated_at", "updated_by") VALUES (45, 33, NULL, 'inventory.negative_stock_policy', '{"mode": "WARN"}', '2026-03-25 04:32:16.083557', 168, '2026-03-25 04:32:16.083557', 168);
INSERT INTO "app_setting" ("id", "organization_id", "branch_id", "setting_key", "setting_value", "created_at", "created_by", "updated_at", "updated_by") VALUES (46, 34, NULL, 'inventory.negative_stock_policy', '{"mode": "WARN"}', '2026-03-25 04:32:16.083557', 176, '2026-03-25 04:32:16.083557', 176);
INSERT INTO "app_setting" ("id", "organization_id", "branch_id", "setting_key", "setting_value", "created_at", "created_by", "updated_at", "updated_by") VALUES (47, 33, NULL, 'service.default_warranty_months', '{"months": 24}', '2026-03-25 04:32:16.083557', 168, '2026-03-25 04:32:16.083557', 168);
INSERT INTO "app_setting" ("id", "organization_id", "branch_id", "setting_key", "setting_value", "created_at", "created_by", "updated_at", "updated_by") VALUES (48, 34, NULL, 'service.default_warranty_months', '{"months": 24}', '2026-03-25 04:32:16.083557', 176, '2026-03-25 04:32:16.083557', 176);

-- changeset sameerkhan:1775937591491-7
INSERT INTO "document_sequence" ("id", "organization_id", "branch_id", "document_type", "prefix", "suffix", "next_number", "padding_length", "reset_policy", "created_at", "created_by", "updated_at", "updated_by") VALUES (201, 33, NULL, 'PURCHASE_ORDER', 'PO', NULL, 1003, 5, 'YEARLY', '2026-03-25 04:32:16.083557', 168, '2026-03-25 04:32:16.083557', 168);
INSERT INTO "document_sequence" ("id", "organization_id", "branch_id", "document_type", "prefix", "suffix", "next_number", "padding_length", "reset_policy", "created_at", "created_by", "updated_at", "updated_by") VALUES (202, 33, NULL, 'PURCHASE_RECEIPT', 'GRN', NULL, 1003, 5, 'YEARLY', '2026-03-25 04:32:16.083557', 168, '2026-03-25 04:32:16.083557', 168);
INSERT INTO "document_sequence" ("id", "organization_id", "branch_id", "document_type", "prefix", "suffix", "next_number", "padding_length", "reset_policy", "created_at", "created_by", "updated_at", "updated_by") VALUES (203, 33, NULL, 'SALES_INVOICE', 'INV', NULL, 1004, 5, 'YEARLY', '2026-03-25 04:32:16.083557', 168, '2026-03-25 04:32:16.083557', 168);
INSERT INTO "document_sequence" ("id", "organization_id", "branch_id", "document_type", "prefix", "suffix", "next_number", "padding_length", "reset_policy", "created_at", "created_by", "updated_at", "updated_by") VALUES (204, 33, NULL, 'CUSTOMER_RECEIPT', 'RCPT', NULL, 1003, 5, 'YEARLY', '2026-03-25 04:32:16.083557', 168, '2026-03-25 04:32:16.083557', 168);
INSERT INTO "document_sequence" ("id", "organization_id", "branch_id", "document_type", "prefix", "suffix", "next_number", "padding_length", "reset_policy", "created_at", "created_by", "updated_at", "updated_by") VALUES (205, 33, NULL, 'SUPPLIER_PAYMENT', 'PAY', NULL, 1002, 5, 'YEARLY', '2026-03-25 04:32:16.083557', 168, '2026-03-25 04:32:16.083557', 168);
INSERT INTO "document_sequence" ("id", "organization_id", "branch_id", "document_type", "prefix", "suffix", "next_number", "padding_length", "reset_policy", "created_at", "created_by", "updated_at", "updated_by") VALUES (206, 33, NULL, 'SERVICE_TICKET', 'SVC', NULL, 1002, 5, 'YEARLY', '2026-03-25 04:32:16.083557', 168, '2026-03-25 04:32:16.083557', 168);
INSERT INTO "document_sequence" ("id", "organization_id", "branch_id", "document_type", "prefix", "suffix", "next_number", "padding_length", "reset_policy", "created_at", "created_by", "updated_at", "updated_by") VALUES (207, 33, NULL, 'WARRANTY_CLAIM', 'WCL', NULL, 1002, 5, 'YEARLY', '2026-03-25 04:32:16.083557', 168, '2026-03-25 04:32:16.083557', 168);
INSERT INTO "document_sequence" ("id", "organization_id", "branch_id", "document_type", "prefix", "suffix", "next_number", "padding_length", "reset_policy", "created_at", "created_by", "updated_at", "updated_by") VALUES (208, 33, NULL, 'EXPENSE', 'EXP', NULL, 1003, 5, 'YEARLY', '2026-03-25 04:32:16.083557', 168, '2026-03-25 04:32:16.083557', 168);
INSERT INTO "document_sequence" ("id", "organization_id", "branch_id", "document_type", "prefix", "suffix", "next_number", "padding_length", "reset_policy", "created_at", "created_by", "updated_at", "updated_by") VALUES (209, 33, NULL, 'RECURRING_EXPENSE', 'REXP', NULL, 1002, 5, 'YEARLY', '2026-03-25 04:32:16.083557', 168, '2026-03-25 04:32:16.083557', 168);
INSERT INTO "document_sequence" ("id", "organization_id", "branch_id", "document_type", "prefix", "suffix", "next_number", "padding_length", "reset_policy", "created_at", "created_by", "updated_at", "updated_by") VALUES (210, 33, NULL, 'VOUCHER', 'VCH', NULL, 1010, 5, 'YEARLY', '2026-03-25 04:32:16.083557', 168, '2026-03-25 04:32:16.083557', 168);
INSERT INTO "document_sequence" ("id", "organization_id", "branch_id", "document_type", "prefix", "suffix", "next_number", "padding_length", "reset_policy", "created_at", "created_by", "updated_at", "updated_by") VALUES (211, 34, NULL, 'PURCHASE_ORDER', 'PO', NULL, 1003, 5, 'YEARLY', '2026-03-25 04:32:16.083557', 176, '2026-03-25 04:32:16.083557', 176);
INSERT INTO "document_sequence" ("id", "organization_id", "branch_id", "document_type", "prefix", "suffix", "next_number", "padding_length", "reset_policy", "created_at", "created_by", "updated_at", "updated_by") VALUES (212, 34, NULL, 'PURCHASE_RECEIPT', 'GRN', NULL, 1003, 5, 'YEARLY', '2026-03-25 04:32:16.083557', 176, '2026-03-25 04:32:16.083557', 176);
INSERT INTO "document_sequence" ("id", "organization_id", "branch_id", "document_type", "prefix", "suffix", "next_number", "padding_length", "reset_policy", "created_at", "created_by", "updated_at", "updated_by") VALUES (213, 34, NULL, 'SALES_INVOICE', 'INV', NULL, 1004, 5, 'YEARLY', '2026-03-25 04:32:16.083557', 176, '2026-03-25 04:32:16.083557', 176);
INSERT INTO "document_sequence" ("id", "organization_id", "branch_id", "document_type", "prefix", "suffix", "next_number", "padding_length", "reset_policy", "created_at", "created_by", "updated_at", "updated_by") VALUES (214, 34, NULL, 'CUSTOMER_RECEIPT', 'RCPT', NULL, 1003, 5, 'YEARLY', '2026-03-25 04:32:16.083557', 176, '2026-03-25 04:32:16.083557', 176);
INSERT INTO "document_sequence" ("id", "organization_id", "branch_id", "document_type", "prefix", "suffix", "next_number", "padding_length", "reset_policy", "created_at", "created_by", "updated_at", "updated_by") VALUES (215, 34, NULL, 'SUPPLIER_PAYMENT', 'PAY', NULL, 1002, 5, 'YEARLY', '2026-03-25 04:32:16.083557', 176, '2026-03-25 04:32:16.083557', 176);
INSERT INTO "document_sequence" ("id", "organization_id", "branch_id", "document_type", "prefix", "suffix", "next_number", "padding_length", "reset_policy", "created_at", "created_by", "updated_at", "updated_by") VALUES (216, 34, NULL, 'SERVICE_TICKET', 'SVC', NULL, 1002, 5, 'YEARLY', '2026-03-25 04:32:16.083557', 176, '2026-03-25 04:32:16.083557', 176);
INSERT INTO "document_sequence" ("id", "organization_id", "branch_id", "document_type", "prefix", "suffix", "next_number", "padding_length", "reset_policy", "created_at", "created_by", "updated_at", "updated_by") VALUES (217, 34, NULL, 'WARRANTY_CLAIM', 'WCL', NULL, 1002, 5, 'YEARLY', '2026-03-25 04:32:16.083557', 176, '2026-03-25 04:32:16.083557', 176);
INSERT INTO "document_sequence" ("id", "organization_id", "branch_id", "document_type", "prefix", "suffix", "next_number", "padding_length", "reset_policy", "created_at", "created_by", "updated_at", "updated_by") VALUES (218, 34, NULL, 'EXPENSE', 'EXP', NULL, 1003, 5, 'YEARLY', '2026-03-25 04:32:16.083557', 176, '2026-03-25 04:32:16.083557', 176);
INSERT INTO "document_sequence" ("id", "organization_id", "branch_id", "document_type", "prefix", "suffix", "next_number", "padding_length", "reset_policy", "created_at", "created_by", "updated_at", "updated_by") VALUES (219, 34, NULL, 'RECURRING_EXPENSE', 'REXP', NULL, 1002, 5, 'YEARLY', '2026-03-25 04:32:16.083557', 176, '2026-03-25 04:32:16.083557', 176);
INSERT INTO "document_sequence" ("id", "organization_id", "branch_id", "document_type", "prefix", "suffix", "next_number", "padding_length", "reset_policy", "created_at", "created_by", "updated_at", "updated_by") VALUES (220, 34, NULL, 'VOUCHER', 'VCH', NULL, 1010, 5, 'YEARLY', '2026-03-25 04:32:16.083557', 176, '2026-03-25 04:32:16.083557', 176);

-- changeset sameerkhan:1775937591491-8
INSERT INTO "approval_rule" ("id", "organization_id", "branch_id", "entity_type", "approval_type", "min_amount", "max_amount", "approver_role_id", "priority_order", "is_active", "created_at", "created_by", "updated_at", "updated_by") VALUES (4, 33, NULL, 'EXPENSE', 'EXPENSE_APPROVAL', 1000.00, NULL, 9, 1, TRUE, '2026-03-25 04:32:16.083557', 168, '2026-03-25 04:32:16.083557', 168);
INSERT INTO "approval_rule" ("id", "organization_id", "branch_id", "entity_type", "approval_type", "min_amount", "max_amount", "approver_role_id", "priority_order", "is_active", "created_at", "created_by", "updated_at", "updated_by") VALUES (5, 34, NULL, 'EXPENSE', 'EXPENSE_APPROVAL', 1000.00, NULL, 9, 1, TRUE, '2026-03-25 04:32:16.083557', 176, '2026-03-25 04:32:16.083557', 176);
INSERT INTO "approval_rule" ("id", "organization_id", "branch_id", "entity_type", "approval_type", "min_amount", "max_amount", "approver_role_id", "priority_order", "is_active", "created_at", "created_by", "updated_at", "updated_by") VALUES (6, 34, NULL, 'STOCK_ADJUSTMENT', 'STOCK_ADJUSTMENT_APPROVAL', 500.00, NULL, 9, 1, TRUE, '2026-03-25 04:32:16.083557', 176, '2026-03-25 04:32:16.083557', 176);

-- changeset sameerkhan:1775937591491-9
INSERT INTO "approval_request" ("id", "organization_id", "branch_id", "entity_type", "entity_id", "entity_number", "approval_type", "status", "requested_by", "requested_at", "current_approver_user_id", "current_approver_role_snapshot", "request_reason", "created_at", "created_by", "updated_at", "updated_by") VALUES (2, 34, 74, 'EXPENSE', 4, 'EXP-UHL-00001', 'EXPENSE_APPROVAL', 'PENDING', 180, '2026-03-08 19:00:00', 177, 'OWNER', 'Maintenance spend above threshold', '2026-03-25 04:32:16.083557', 180, '2026-03-25 04:32:16.083557', 180);

-- changeset sameerkhan:1775937591491-10
INSERT INTO "approval_history" ("id", "approval_request_id", "approver_user_id", "action", "approver_role_snapshot", "remarks", "action_at", "created_at", "created_by", "updated_at", "updated_by") VALUES (2, 2, 180, 'REQUESTED', 'STORE_MANAGER', 'Submitted for owner approval', '2026-03-08 19:00:00', '2026-03-25 04:32:16.083557', 180, '2026-03-25 04:32:16.083557', 180);

-- changeset sameerkhan:1775937591491-11
INSERT INTO "customer" ("id", "organization_id", "branch_id", "customer_code", "full_name", "phone", "email", "gstin", "credit_limit", "status", "notes", "created_at", "created_by", "updated_at", "updated_by", "organization_person_profile_id", "linked_organization_id", "customer_type", "legal_name", "trade_name", "billing_address", "shipping_address", "state", "state_code", "contact_person_name", "contact_person_phone", "contact_person_email", "is_platform_linked") VALUES (56, 34, 74, 'CUST-UHL-003', 'Vijay Traders', '+91-9822200003', 'vijay@traders.test', '24AACCV4444N1ZA', 120000.00, 'ACTIVE', 'Wholesale lighting buyer', '2026-03-25 04:32:16.083557', 181, '2026-03-29 16:35:13.535523', 181, NULL, NULL, 'BUSINESS', 'Vijay Traders', 'Vijay Traders', 'Wholesale lighting buyer', 'Wholesale lighting buyer', 'Gujarat', '24', 'Vijay Traders', '+91-9822200003', 'vijay@traders.test', FALSE);
INSERT INTO "customer" ("id", "organization_id", "branch_id", "customer_code", "full_name", "phone", "email", "gstin", "credit_limit", "status", "notes", "created_at", "created_by", "updated_at", "updated_by", "organization_person_profile_id", "linked_organization_id", "customer_type", "legal_name", "trade_name", "billing_address", "shipping_address", "state", "state_code", "contact_person_name", "contact_person_phone", "contact_person_email", "is_platform_linked") VALUES (57, 33, 73, 'CUST-SPC-0001', 'Auto Code Customer', '9999900011', 'autocode.customer@example.com', NULL, 5000.00, 'ACTIVE', NULL, '2026-04-05 01:37:14.788801', 168, '2026-04-05 01:37:14.788801', 168, NULL, NULL, 'INDIVIDUAL', 'Auto Code Customer', 'Auto Code Customer', NULL, NULL, NULL, NULL, NULL, NULL, NULL, FALSE);
INSERT INTO "customer" ("id", "organization_id", "branch_id", "customer_code", "full_name", "phone", "email", "gstin", "credit_limit", "status", "notes", "created_at", "created_by", "updated_at", "updated_by", "organization_person_profile_id", "linked_organization_id", "customer_type", "legal_name", "trade_name", "billing_address", "shipping_address", "state", "state_code", "contact_person_name", "contact_person_phone", "contact_person_email", "is_platform_linked") VALUES (50, 33, 72, 'CUST-SPC-001', 'Maa Electronics', '+91-9811100001', 'procurement@maaelectronics.test', '24AABCM1111D1Z0', 200000.00, 'ACTIVE', 'Dealer customer', '2026-03-25 04:32:16.083557', 172, '2026-03-29 16:35:13.535523', 172, NULL, NULL, 'BUSINESS', 'Maa Electronics', 'Maa Electronics', 'Dealer customer', 'Dealer customer', 'Gujarat', '24', 'Maa Electronics', '+91-9811100001', 'procurement@maaelectronics.test', FALSE);
INSERT INTO "customer" ("id", "organization_id", "branch_id", "customer_code", "full_name", "phone", "email", "gstin", "credit_limit", "status", "notes", "created_at", "created_by", "updated_at", "updated_by", "organization_person_profile_id", "linked_organization_id", "customer_type", "legal_name", "trade_name", "billing_address", "shipping_address", "state", "state_code", "contact_person_name", "contact_person_phone", "contact_person_email", "is_platform_linked") VALUES (51, 33, 72, 'CUST-SPC-002', 'Jay Ambe Cold Drinks', '+91-9811100002', 'owner@jayambe.test', NULL, 50000.00, 'ACTIVE', 'Retail repeat customer', '2026-03-25 04:32:16.083557', 173, '2026-03-29 16:35:13.535523', 173, NULL, NULL, 'INDIVIDUAL', 'Jay Ambe Cold Drinks', 'Jay Ambe Cold Drinks', 'Retail repeat customer', 'Retail repeat customer', 'Gujarat', '24', 'Jay Ambe Cold Drinks', '+91-9811100002', 'owner@jayambe.test', FALSE);
INSERT INTO "customer" ("id", "organization_id", "branch_id", "customer_code", "full_name", "phone", "email", "gstin", "credit_limit", "status", "notes", "created_at", "created_by", "updated_at", "updated_by", "organization_person_profile_id", "linked_organization_id", "customer_type", "legal_name", "trade_name", "billing_address", "shipping_address", "state", "state_code", "contact_person_name", "contact_person_phone", "contact_person_email", "is_platform_linked") VALUES (52, 33, 71, 'CUST-SPC-003', 'Shiv Enterprise', '+91-9811100003', 'accounts@shiventerprise.test', '24AACCS2222L1Z8', 150000.00, 'ACTIVE', 'Credit customer', '2026-03-25 04:32:16.083557', 170, '2026-03-29 16:35:13.535523', 170, NULL, NULL, 'BUSINESS', 'Shiv Enterprise', 'Shiv Enterprise', 'Credit customer', 'Credit customer', 'Gujarat', '24', 'Shiv Enterprise', '+91-9811100003', 'accounts@shiventerprise.test', FALSE);
INSERT INTO "customer" ("id", "organization_id", "branch_id", "customer_code", "full_name", "phone", "email", "gstin", "credit_limit", "status", "notes", "created_at", "created_by", "updated_at", "updated_by", "organization_person_profile_id", "linked_organization_id", "customer_type", "legal_name", "trade_name", "billing_address", "shipping_address", "state", "state_code", "contact_person_name", "contact_person_phone", "contact_person_email", "is_platform_linked") VALUES (53, 33, 73, 'CUST-SPC-004', 'Ocean Residency Society', '+91-9811100004', 'admin@oceanresidency.test', NULL, 300000.00, 'ACTIVE', 'AMC / service customer', '2026-03-25 04:32:16.083557', 168, '2026-03-29 16:35:13.535523', 168, NULL, NULL, 'INDIVIDUAL', 'Ocean Residency Society', 'Ocean Residency Society', 'AMC / service customer', 'AMC / service customer', 'Gujarat', '24', 'Ocean Residency Society', '+91-9811100004', 'admin@oceanresidency.test', FALSE);
INSERT INTO "customer" ("id", "organization_id", "branch_id", "customer_code", "full_name", "phone", "email", "gstin", "credit_limit", "status", "notes", "created_at", "created_by", "updated_at", "updated_by", "organization_person_profile_id", "linked_organization_id", "customer_type", "legal_name", "trade_name", "billing_address", "shipping_address", "state", "state_code", "contact_person_name", "contact_person_phone", "contact_person_email", "is_platform_linked") VALUES (54, 34, 75, 'CUST-UHL-001', 'Bright Homes', '+91-9822200001', 'hello@brighthomes.test', '24AATFB3333P1Z3', 100000.00, 'ACTIVE', 'Interior partner', '2026-03-25 04:32:16.083557', 178, '2026-03-29 16:35:13.535523', 178, NULL, NULL, 'BUSINESS', 'Bright Homes', 'Bright Homes', 'Interior partner', 'Interior partner', 'Gujarat', '24', 'Bright Homes', '+91-9822200001', 'hello@brighthomes.test', FALSE);
INSERT INTO "customer" ("id", "organization_id", "branch_id", "customer_code", "full_name", "phone", "email", "gstin", "credit_limit", "status", "notes", "created_at", "created_by", "updated_at", "updated_by", "organization_person_profile_id", "linked_organization_id", "customer_type", "legal_name", "trade_name", "billing_address", "shipping_address", "state", "state_code", "contact_person_name", "contact_person_phone", "contact_person_email", "is_platform_linked") VALUES (55, 34, 74, 'CUST-UHL-002', 'Lumen Mart', '+91-9822200002', 'purchase@lumenmart.test', NULL, 75000.00, 'ACTIVE', 'Retail chain counter', '2026-03-25 04:32:16.083557', 180, '2026-03-29 16:35:13.535523', 180, NULL, NULL, 'INDIVIDUAL', 'Lumen Mart', 'Lumen Mart', 'Retail chain counter', 'Retail chain counter', 'Gujarat', '24', 'Lumen Mart', '+91-9822200002', 'purchase@lumenmart.test', FALSE);

-- changeset sameerkhan:1775937591491-12
INSERT INTO "customer_address" ("id", "customer_id", "address_type", "line1", "line2", "city", "state", "postal_code", "country", "is_default", "created_at", "created_by", "updated_at", "updated_by") VALUES (50, 50, 'BILLING', 'Main Market', NULL, 'Jamnagar', 'Gujarat', '361001', 'India', TRUE, '2026-03-25 04:32:16.083557', 172, '2026-03-25 04:32:16.083557', 172);
INSERT INTO "customer_address" ("id", "customer_id", "address_type", "line1", "line2", "city", "state", "postal_code", "country", "is_default", "created_at", "created_by", "updated_at", "updated_by") VALUES (51, 51, 'BILLING', 'Main Market', NULL, 'Jamnagar', 'Gujarat', '361001', 'India', TRUE, '2026-03-25 04:32:16.083557', 173, '2026-03-25 04:32:16.083557', 173);
INSERT INTO "customer_address" ("id", "customer_id", "address_type", "line1", "line2", "city", "state", "postal_code", "country", "is_default", "created_at", "created_by", "updated_at", "updated_by") VALUES (52, 52, 'BILLING', 'Main Market', NULL, 'Rajkot', 'Gujarat', '360005', 'India', TRUE, '2026-03-25 04:32:16.083557', 170, '2026-03-25 04:32:16.083557', 170);
INSERT INTO "customer_address" ("id", "customer_id", "address_type", "line1", "line2", "city", "state", "postal_code", "country", "is_default", "created_at", "created_by", "updated_at", "updated_by") VALUES (53, 53, 'BILLING', 'Main Market', NULL, 'Mithapur', 'Gujarat', '361345', 'India', TRUE, '2026-03-25 04:32:16.083557', 168, '2026-03-25 04:32:16.083557', 168);
INSERT INTO "customer_address" ("id", "customer_id", "address_type", "line1", "line2", "city", "state", "postal_code", "country", "is_default", "created_at", "created_by", "updated_at", "updated_by") VALUES (54, 54, 'BILLING', 'Main Market', NULL, 'Ahmedabad', 'Gujarat', '380009', 'India', TRUE, '2026-03-25 04:32:16.083557', 178, '2026-03-25 04:32:16.083557', 178);
INSERT INTO "customer_address" ("id", "customer_id", "address_type", "line1", "line2", "city", "state", "postal_code", "country", "is_default", "created_at", "created_by", "updated_at", "updated_by") VALUES (55, 55, 'BILLING', 'Main Market', NULL, 'Surat', 'Gujarat', '395002', 'India', TRUE, '2026-03-25 04:32:16.083557', 180, '2026-03-25 04:32:16.083557', 180);
INSERT INTO "customer_address" ("id", "customer_id", "address_type", "line1", "line2", "city", "state", "postal_code", "country", "is_default", "created_at", "created_by", "updated_at", "updated_by") VALUES (56, 56, 'BILLING', 'Main Market', NULL, 'Surat', 'Gujarat', '395002', 'India', TRUE, '2026-03-25 04:32:16.083557', 181, '2026-03-25 04:32:16.083557', 181);

-- changeset sameerkhan:1775937591491-13
INSERT INTO "supplier" ("id", "organization_id", "branch_id", "supplier_code", "name", "phone", "email", "gstin", "status", "notes", "created_at", "created_by", "updated_at", "updated_by", "organization_person_profile_id", "linked_organization_id", "legal_name", "trade_name", "billing_address", "shipping_address", "state", "state_code", "contact_person_name", "contact_person_phone", "contact_person_email", "payment_terms", "is_platform_linked") VALUES (42, 33, 73, 'SUP-SPC-0001', 'Auto Code Supplier', '9999900022', 'autocode.supplier@example.com', NULL, 'ACTIVE', NULL, '2026-04-05 01:37:14.852982', 168, '2026-04-05 01:37:14.852982', 168, NULL, NULL, 'Auto Code Supplier', 'Auto Code Supplier', NULL, NULL, NULL, NULL, NULL, NULL, NULL, 'NET 30', FALSE);
INSERT INTO "supplier" ("id", "organization_id", "branch_id", "supplier_code", "name", "phone", "email", "gstin", "status", "notes", "created_at", "created_by", "updated_at", "updated_by", "organization_person_profile_id", "linked_organization_id", "legal_name", "trade_name", "billing_address", "shipping_address", "state", "state_code", "contact_person_name", "contact_person_phone", "contact_person_email", "payment_terms", "is_platform_linked") VALUES (36, 33, 73, 'SUP-SPC-001', 'Exide Industrial Supplies', '+91-9833300001', 'sales@exide.test', '24AACES5555B1ZZ', 'ACTIVE', 'Battery supplier', '2026-03-25 04:32:16.083557', 174, '2026-03-29 16:35:13.535523', 174, NULL, NULL, 'Exide Industrial Supplies', 'Exide Industrial Supplies', 'Industrial Estate, Ahmedabad', 'Industrial Estate, Ahmedabad', 'Gujarat', '24', 'Sales Desk', '+91-9833300001', 'sales@exide.test', '30 DAYS', FALSE);
INSERT INTO "supplier" ("id", "organization_id", "branch_id", "supplier_code", "name", "phone", "email", "gstin", "status", "notes", "created_at", "created_by", "updated_at", "updated_by", "organization_person_profile_id", "linked_organization_id", "legal_name", "trade_name", "billing_address", "shipping_address", "state", "state_code", "contact_person_name", "contact_person_phone", "contact_person_email", "payment_terms", "is_platform_linked") VALUES (37, 33, 73, 'SUP-SPC-002', 'Luminous Power Tech', '+91-9833300002', 'partner@luminous.test', '24AACCL6666M1ZX', 'ACTIVE', 'Inverter supplier', '2026-03-25 04:32:16.083557', 174, '2026-03-29 16:35:13.535523', 174, NULL, NULL, 'Luminous Power Tech', 'Luminous Power Tech', 'Industrial Estate, Ahmedabad', 'Industrial Estate, Ahmedabad', 'Gujarat', '24', 'Sales Desk', '+91-9833300002', 'partner@luminous.test', '30 DAYS', FALSE);
INSERT INTO "supplier" ("id", "organization_id", "branch_id", "supplier_code", "name", "phone", "email", "gstin", "status", "notes", "created_at", "created_by", "updated_at", "updated_by", "organization_person_profile_id", "linked_organization_id", "legal_name", "trade_name", "billing_address", "shipping_address", "state", "state_code", "contact_person_name", "contact_person_phone", "contact_person_email", "payment_terms", "is_platform_linked") VALUES (38, 33, 73, 'SUP-SPC-003', 'Polycab Distribution', '+91-9833300003', 'wire@polycab.test', '24AACCP7777Q1Z7', 'ACTIVE', 'Wire and cable supplier', '2026-03-25 04:32:16.083557', 174, '2026-03-29 16:35:13.535523', 174, NULL, NULL, 'Polycab Distribution', 'Polycab Distribution', 'Industrial Estate, Ahmedabad', 'Industrial Estate, Ahmedabad', 'Gujarat', '24', 'Sales Desk', '+91-9833300003', 'wire@polycab.test', '30 DAYS', FALSE);
INSERT INTO "supplier" ("id", "organization_id", "branch_id", "supplier_code", "name", "phone", "email", "gstin", "status", "notes", "created_at", "created_by", "updated_at", "updated_by", "organization_person_profile_id", "linked_organization_id", "legal_name", "trade_name", "billing_address", "shipping_address", "state", "state_code", "contact_person_name", "contact_person_phone", "contact_person_email", "payment_terms", "is_platform_linked") VALUES (39, 34, 75, 'SUP-UHL-001', 'Philips Lighting India', '+91-9844400001', 'b2b@philips.test', '24AACCP8888W1Z5', 'ACTIVE', 'Lighting supplier', '2026-03-25 04:32:16.083557', 178, '2026-03-29 16:35:13.535523', 178, NULL, NULL, 'Philips Lighting India', 'Philips Lighting India', 'Industrial Estate, Ahmedabad', 'Industrial Estate, Ahmedabad', 'Gujarat', '24', 'Sales Desk', '+91-9844400001', 'b2b@philips.test', '30 DAYS', FALSE);
INSERT INTO "supplier" ("id", "organization_id", "branch_id", "supplier_code", "name", "phone", "email", "gstin", "status", "notes", "created_at", "created_by", "updated_at", "updated_by", "organization_person_profile_id", "linked_organization_id", "legal_name", "trade_name", "billing_address", "shipping_address", "state", "state_code", "contact_person_name", "contact_person_phone", "contact_person_email", "payment_terms", "is_platform_linked") VALUES (40, 34, 75, 'SUP-UHL-002', 'Havells Trade Channel', '+91-9844400002', 'trade@havells.test', '24AABCH9999T1Z4', 'ACTIVE', 'Electrical goods supplier', '2026-03-25 04:32:16.083557', 178, '2026-03-29 16:35:13.535523', 178, NULL, NULL, 'Havells Trade Channel', 'Havells Trade Channel', 'Industrial Estate, Ahmedabad', 'Industrial Estate, Ahmedabad', 'Gujarat', '24', 'Sales Desk', '+91-9844400002', 'trade@havells.test', '30 DAYS', FALSE);
INSERT INTO "supplier" ("id", "organization_id", "branch_id", "supplier_code", "name", "phone", "email", "gstin", "status", "notes", "created_at", "created_by", "updated_at", "updated_by", "organization_person_profile_id", "linked_organization_id", "legal_name", "trade_name", "billing_address", "shipping_address", "state", "state_code", "contact_person_name", "contact_person_phone", "contact_person_email", "payment_terms", "is_platform_linked") VALUES (41, 33, 73, 'SUP-SPC-004', 'Philips Trade Gujarat', '+91-9833300004', 'lighting@philips-gujarat.test', '24AACCP8888W1Z5', 'ACTIVE', 'Shared lighting supplier for demo walkthroughs', '2026-03-29 16:35:13.535523', 174, '2026-03-29 16:35:13.535523', 174, NULL, NULL, 'Philips Trade Gujarat Private Limited', 'Philips Trade Gujarat', 'Naroda GIDC, Ahmedabad', 'Naroda GIDC, Ahmedabad', 'Gujarat', '24', 'Amit Shah', '+91-9833300104', 'amit@philips-gujarat.test', '30 DAYS', FALSE);

-- changeset sameerkhan:1775937591491-14
INSERT INTO "supplier_address" ("id", "supplier_id", "address_type", "line1", "line2", "city", "state", "postal_code", "country", "is_default", "created_at", "created_by", "updated_at", "updated_by") VALUES (36, 36, 'BILLING', 'Industrial Estate', NULL, 'Ahmedabad', 'Gujarat', '380001', 'India', TRUE, '2026-03-25 04:32:16.083557', 174, '2026-03-25 04:32:16.083557', 174);
INSERT INTO "supplier_address" ("id", "supplier_id", "address_type", "line1", "line2", "city", "state", "postal_code", "country", "is_default", "created_at", "created_by", "updated_at", "updated_by") VALUES (37, 37, 'BILLING', 'Industrial Estate', NULL, 'Ahmedabad', 'Gujarat', '380001', 'India', TRUE, '2026-03-25 04:32:16.083557', 174, '2026-03-25 04:32:16.083557', 174);
INSERT INTO "supplier_address" ("id", "supplier_id", "address_type", "line1", "line2", "city", "state", "postal_code", "country", "is_default", "created_at", "created_by", "updated_at", "updated_by") VALUES (38, 38, 'BILLING', 'Industrial Estate', NULL, 'Ahmedabad', 'Gujarat', '380001', 'India', TRUE, '2026-03-25 04:32:16.083557', 174, '2026-03-25 04:32:16.083557', 174);
INSERT INTO "supplier_address" ("id", "supplier_id", "address_type", "line1", "line2", "city", "state", "postal_code", "country", "is_default", "created_at", "created_by", "updated_at", "updated_by") VALUES (39, 39, 'BILLING', 'Industrial Estate', NULL, 'Ahmedabad', 'Gujarat', '380001', 'India', TRUE, '2026-03-25 04:32:16.083557', 178, '2026-03-25 04:32:16.083557', 178);
INSERT INTO "supplier_address" ("id", "supplier_id", "address_type", "line1", "line2", "city", "state", "postal_code", "country", "is_default", "created_at", "created_by", "updated_at", "updated_by") VALUES (40, 40, 'BILLING', 'Industrial Estate', NULL, 'Ahmedabad', 'Gujarat', '380001', 'India', TRUE, '2026-03-25 04:32:16.083557', 178, '2026-03-25 04:32:16.083557', 178);

-- changeset sameerkhan:1775937591491-15
INSERT INTO "distributor" ("id", "organization_id", "branch_id", "distributor_code", "name", "phone", "email", "gstin", "status", "notes", "created_at", "created_by", "updated_at", "updated_by", "organization_person_profile_id") VALUES (15, 33, 73, 'DST-SPC-001', 'Gujarat Energy Distribution', '+91-9855500001', 'warranty@ged.test', '24AACCG1111F1Z2', 'ACTIVE', 'Warranty routing partner', '2026-03-25 04:32:16.083557', 170, '2026-03-25 10:45:54.012798', 170, NULL);
INSERT INTO "distributor" ("id", "organization_id", "branch_id", "distributor_code", "name", "phone", "email", "gstin", "status", "notes", "created_at", "created_by", "updated_at", "updated_by", "organization_person_profile_id") VALUES (16, 34, 75, 'DST-UHL-001', 'West India Electrical Distributors', '+91-9855500002', 'claims@wied.test', '24AACCW2222H1Z9', 'ACTIVE', 'Regional lighting distributor', '2026-03-25 04:32:16.083557', 178, '2026-03-25 10:45:54.012798', 178, NULL);

-- changeset sameerkhan:1775937591491-16
INSERT INTO "distributor_address" ("id", "distributor_id", "address_type", "line1", "line2", "city", "state", "postal_code", "country", "is_default", "created_at", "created_by", "updated_at", "updated_by") VALUES (15, 15, 'BILLING', 'Corporate Park', NULL, 'Vadodara', 'Gujarat', '390001', 'India', TRUE, '2026-03-25 04:32:16.083557', 170, '2026-03-25 04:32:16.083557', 170);
INSERT INTO "distributor_address" ("id", "distributor_id", "address_type", "line1", "line2", "city", "state", "postal_code", "country", "is_default", "created_at", "created_by", "updated_at", "updated_by") VALUES (16, 16, 'BILLING', 'Corporate Park', NULL, 'Vadodara', 'Gujarat', '390001', 'India', TRUE, '2026-03-25 04:32:16.083557', 178, '2026-03-25 04:32:16.083557', 178);

-- changeset sameerkhan:1775937591491-17
INSERT INTO "category" ("id", "organization_id", "parent_category_id", "name", "code", "is_active", "created_at", "created_by", "updated_at", "updated_by") VALUES (71, 33, NULL, 'Power Solutions', 'POWER', TRUE, '2026-03-25 04:32:16.083557', 168, '2026-03-25 04:32:16.083557', 168);
INSERT INTO "category" ("id", "organization_id", "parent_category_id", "name", "code", "is_active", "created_at", "created_by", "updated_at", "updated_by") VALUES (72, 33, NULL, 'Battery', 'BATTERY', TRUE, '2026-03-25 04:32:16.083557', 168, '2026-03-25 04:32:16.083557', 168);
INSERT INTO "category" ("id", "organization_id", "parent_category_id", "name", "code", "is_active", "created_at", "created_by", "updated_at", "updated_by") VALUES (73, 33, NULL, 'Wires & Cables', 'WIRE', TRUE, '2026-03-25 04:32:16.083557', 168, '2026-03-25 04:32:16.083557', 168);
INSERT INTO "category" ("id", "organization_id", "parent_category_id", "name", "code", "is_active", "created_at", "created_by", "updated_at", "updated_by") VALUES (74, 33, NULL, 'Lubricants', 'LUBE', TRUE, '2026-03-25 04:32:16.083557', 168, '2026-03-25 04:32:16.083557', 168);
INSERT INTO "category" ("id", "organization_id", "parent_category_id", "name", "code", "is_active", "created_at", "created_by", "updated_at", "updated_by") VALUES (75, 33, NULL, 'Lighting', 'LIGHT', TRUE, '2026-03-25 04:32:16.083557', 168, '2026-03-25 04:32:16.083557', 168);
INSERT INTO "category" ("id", "organization_id", "parent_category_id", "name", "code", "is_active", "created_at", "created_by", "updated_at", "updated_by") VALUES (76, 34, NULL, 'Power Solutions', 'POWER', TRUE, '2026-03-25 04:32:16.083557', 176, '2026-03-25 04:32:16.083557', 176);
INSERT INTO "category" ("id", "organization_id", "parent_category_id", "name", "code", "is_active", "created_at", "created_by", "updated_at", "updated_by") VALUES (77, 34, NULL, 'Battery', 'BATTERY', TRUE, '2026-03-25 04:32:16.083557', 176, '2026-03-25 04:32:16.083557', 176);
INSERT INTO "category" ("id", "organization_id", "parent_category_id", "name", "code", "is_active", "created_at", "created_by", "updated_at", "updated_by") VALUES (78, 34, NULL, 'Wires & Cables', 'WIRE', TRUE, '2026-03-25 04:32:16.083557', 176, '2026-03-25 04:32:16.083557', 176);
INSERT INTO "category" ("id", "organization_id", "parent_category_id", "name", "code", "is_active", "created_at", "created_by", "updated_at", "updated_by") VALUES (79, 34, NULL, 'Lubricants', 'LUBE', TRUE, '2026-03-25 04:32:16.083557', 176, '2026-03-25 04:32:16.083557', 176);
INSERT INTO "category" ("id", "organization_id", "parent_category_id", "name", "code", "is_active", "created_at", "created_by", "updated_at", "updated_by") VALUES (80, 34, NULL, 'Lighting', 'LIGHT', TRUE, '2026-03-25 04:32:16.083557', 176, '2026-03-25 04:32:16.083557', 176);

-- changeset sameerkhan:1775937591491-18
INSERT INTO "brand" ("id", "organization_id", "name", "code", "is_active", "created_at", "created_by", "updated_at", "updated_by") VALUES (85, 33, 'LUMINOUS', 'LUMI', TRUE, '2026-03-25 04:32:16.083557', 168, '2026-03-25 04:32:16.083557', 168);
INSERT INTO "brand" ("id", "organization_id", "name", "code", "is_active", "created_at", "created_by", "updated_at", "updated_by") VALUES (86, 33, 'EXIDE', 'EXID', TRUE, '2026-03-25 04:32:16.083557', 168, '2026-03-25 04:32:16.083557', 168);
INSERT INTO "brand" ("id", "organization_id", "name", "code", "is_active", "created_at", "created_by", "updated_at", "updated_by") VALUES (87, 33, 'POLYCAB', 'POLY', TRUE, '2026-03-25 04:32:16.083557', 168, '2026-03-25 04:32:16.083557', 168);
INSERT INTO "brand" ("id", "organization_id", "name", "code", "is_active", "created_at", "created_by", "updated_at", "updated_by") VALUES (88, 33, 'SERVO', 'SERV', TRUE, '2026-03-25 04:32:16.083557', 168, '2026-03-25 04:32:16.083557', 168);
INSERT INTO "brand" ("id", "organization_id", "name", "code", "is_active", "created_at", "created_by", "updated_at", "updated_by") VALUES (89, 33, 'PHILIPS', 'PHIL', TRUE, '2026-03-25 04:32:16.083557', 168, '2026-03-25 04:32:16.083557', 168);
INSERT INTO "brand" ("id", "organization_id", "name", "code", "is_active", "created_at", "created_by", "updated_at", "updated_by") VALUES (90, 33, 'HAVELLS', 'HAVL', TRUE, '2026-03-25 04:32:16.083557', 168, '2026-03-25 04:32:16.083557', 168);
INSERT INTO "brand" ("id", "organization_id", "name", "code", "is_active", "created_at", "created_by", "updated_at", "updated_by") VALUES (91, 34, 'LUMINOUS', 'LUMI', TRUE, '2026-03-25 04:32:16.083557', 176, '2026-03-25 04:32:16.083557', 176);
INSERT INTO "brand" ("id", "organization_id", "name", "code", "is_active", "created_at", "created_by", "updated_at", "updated_by") VALUES (92, 34, 'EXIDE', 'EXID', TRUE, '2026-03-25 04:32:16.083557', 176, '2026-03-25 04:32:16.083557', 176);
INSERT INTO "brand" ("id", "organization_id", "name", "code", "is_active", "created_at", "created_by", "updated_at", "updated_by") VALUES (93, 34, 'POLYCAB', 'POLY', TRUE, '2026-03-25 04:32:16.083557', 176, '2026-03-25 04:32:16.083557', 176);
INSERT INTO "brand" ("id", "organization_id", "name", "code", "is_active", "created_at", "created_by", "updated_at", "updated_by") VALUES (94, 34, 'SERVO', 'SERV', TRUE, '2026-03-25 04:32:16.083557', 176, '2026-03-25 04:32:16.083557', 176);
INSERT INTO "brand" ("id", "organization_id", "name", "code", "is_active", "created_at", "created_by", "updated_at", "updated_by") VALUES (95, 34, 'PHILIPS', 'PHIL', TRUE, '2026-03-25 04:32:16.083557', 176, '2026-03-25 04:32:16.083557', 176);
INSERT INTO "brand" ("id", "organization_id", "name", "code", "is_active", "created_at", "created_by", "updated_at", "updated_by") VALUES (96, 34, 'HAVELLS', 'HAVL', TRUE, '2026-03-25 04:32:16.083557', 176, '2026-03-25 04:32:16.083557', 176);

-- changeset sameerkhan:1775937591491-19
INSERT INTO "tax_group" ("id", "organization_id", "code", "name", "cgst_rate", "sgst_rate", "igst_rate", "cess_rate", "is_active", "created_at", "created_by", "updated_at", "updated_by") VALUES (89, 33, 'GST_0', 'GST 0%', 0.0000, 0.0000, 0.0000, 0.0000, TRUE, '2026-03-25 04:32:16.083557', 168, '2026-03-25 04:32:16.083557', 168);
INSERT INTO "tax_group" ("id", "organization_id", "code", "name", "cgst_rate", "sgst_rate", "igst_rate", "cess_rate", "is_active", "created_at", "created_by", "updated_at", "updated_by") VALUES (90, 33, 'GST_5', 'GST 5%', 2.5000, 2.5000, 5.0000, 0.0000, TRUE, '2026-03-25 04:32:16.083557', 168, '2026-03-25 04:32:16.083557', 168);
INSERT INTO "tax_group" ("id", "organization_id", "code", "name", "cgst_rate", "sgst_rate", "igst_rate", "cess_rate", "is_active", "created_at", "created_by", "updated_at", "updated_by") VALUES (91, 33, 'GST_12', 'GST 12%', 6.0000, 6.0000, 12.0000, 0.0000, TRUE, '2026-03-25 04:32:16.083557', 168, '2026-03-25 04:32:16.083557', 168);
INSERT INTO "tax_group" ("id", "organization_id", "code", "name", "cgst_rate", "sgst_rate", "igst_rate", "cess_rate", "is_active", "created_at", "created_by", "updated_at", "updated_by") VALUES (92, 33, 'GST_18', 'GST 18%', 9.0000, 9.0000, 18.0000, 0.0000, TRUE, '2026-03-25 04:32:16.083557', 168, '2026-03-25 04:32:16.083557', 168);
INSERT INTO "tax_group" ("id", "organization_id", "code", "name", "cgst_rate", "sgst_rate", "igst_rate", "cess_rate", "is_active", "created_at", "created_by", "updated_at", "updated_by") VALUES (93, 34, 'GST_0', 'GST 0%', 0.0000, 0.0000, 0.0000, 0.0000, TRUE, '2026-03-25 04:32:16.083557', 176, '2026-03-25 04:32:16.083557', 176);
INSERT INTO "tax_group" ("id", "organization_id", "code", "name", "cgst_rate", "sgst_rate", "igst_rate", "cess_rate", "is_active", "created_at", "created_by", "updated_at", "updated_by") VALUES (94, 34, 'GST_5', 'GST 5%', 2.5000, 2.5000, 5.0000, 0.0000, TRUE, '2026-03-25 04:32:16.083557', 176, '2026-03-25 04:32:16.083557', 176);
INSERT INTO "tax_group" ("id", "organization_id", "code", "name", "cgst_rate", "sgst_rate", "igst_rate", "cess_rate", "is_active", "created_at", "created_by", "updated_at", "updated_by") VALUES (95, 34, 'GST_12', 'GST 12%', 6.0000, 6.0000, 12.0000, 0.0000, TRUE, '2026-03-25 04:32:16.083557', 176, '2026-03-25 04:32:16.083557', 176);
INSERT INTO "tax_group" ("id", "organization_id", "code", "name", "cgst_rate", "sgst_rate", "igst_rate", "cess_rate", "is_active", "created_at", "created_by", "updated_at", "updated_by") VALUES (96, 34, 'GST_18', 'GST 18%', 9.0000, 9.0000, 18.0000, 0.0000, TRUE, '2026-03-25 04:32:16.083557', 176, '2026-03-25 04:32:16.083557', 176);

-- changeset sameerkhan:1775937591491-20
INSERT INTO "price_list" ("id", "organization_id", "code", "name", "price_list_type", "valid_from", "valid_to", "is_active", "created_at", "created_by", "updated_at", "updated_by") VALUES (89, 33, 'MRP', 'MRP', 'MRP', NULL, NULL, TRUE, '2026-03-25 04:32:16.083557', 168, '2026-03-25 04:32:16.083557', 168);
INSERT INTO "price_list" ("id", "organization_id", "code", "name", "price_list_type", "valid_from", "valid_to", "is_active", "created_at", "created_by", "updated_at", "updated_by") VALUES (90, 33, 'RETAIL', 'Retail', 'RETAIL', NULL, NULL, TRUE, '2026-03-25 04:32:16.083557', 168, '2026-03-25 04:32:16.083557', 168);
INSERT INTO "price_list" ("id", "organization_id", "code", "name", "price_list_type", "valid_from", "valid_to", "is_active", "created_at", "created_by", "updated_at", "updated_by") VALUES (91, 33, 'WHOLESALE', 'Wholesale', 'WHOLESALE', NULL, NULL, TRUE, '2026-03-25 04:32:16.083557', 168, '2026-03-25 04:32:16.083557', 168);
INSERT INTO "price_list" ("id", "organization_id", "code", "name", "price_list_type", "valid_from", "valid_to", "is_active", "created_at", "created_by", "updated_at", "updated_by") VALUES (92, 33, 'DEALER', 'Dealer', 'DEALER', NULL, NULL, TRUE, '2026-03-25 04:32:16.083557', 168, '2026-03-25 04:32:16.083557', 168);
INSERT INTO "price_list" ("id", "organization_id", "code", "name", "price_list_type", "valid_from", "valid_to", "is_active", "created_at", "created_by", "updated_at", "updated_by") VALUES (93, 34, 'MRP', 'MRP', 'MRP', NULL, NULL, TRUE, '2026-03-25 04:32:16.083557', 176, '2026-03-25 04:32:16.083557', 176);
INSERT INTO "price_list" ("id", "organization_id", "code", "name", "price_list_type", "valid_from", "valid_to", "is_active", "created_at", "created_by", "updated_at", "updated_by") VALUES (94, 34, 'RETAIL', 'Retail', 'RETAIL', NULL, NULL, TRUE, '2026-03-25 04:32:16.083557', 176, '2026-03-25 04:32:16.083557', 176);
INSERT INTO "price_list" ("id", "organization_id", "code", "name", "price_list_type", "valid_from", "valid_to", "is_active", "created_at", "created_by", "updated_at", "updated_by") VALUES (95, 34, 'WHOLESALE', 'Wholesale', 'WHOLESALE', NULL, NULL, TRUE, '2026-03-25 04:32:16.083557', 176, '2026-03-25 04:32:16.083557', 176);
INSERT INTO "price_list" ("id", "organization_id", "code", "name", "price_list_type", "valid_from", "valid_to", "is_active", "created_at", "created_by", "updated_at", "updated_by") VALUES (96, 34, 'DEALER', 'Dealer', 'DEALER', NULL, NULL, TRUE, '2026-03-25 04:32:16.083557', 176, '2026-03-25 04:32:16.083557', 176);

-- changeset sameerkhan:1775937591491-20-1
INSERT INTO "product" ("id", "name", "description", "category_name", "brand_name", "base_uom_id", "inventory_tracking_mode", "serial_tracking_enabled", "batch_tracking_enabled", "expiry_tracking_enabled", "fractional_quantity_allowed", "is_service_item", "is_active", "created_at", "created_by", "updated_at", "updated_by", "hsn_code") VALUES (1, 'Ceiling Fan 1200mm', 'Fan with serial tracking', 'Lighting', 'HAVELLS', 5, 'SERIALIZED', TRUE, FALSE, FALSE, FALSE, FALSE, TRUE, '2026-03-25 04:32:16.083557', 176, '2026-03-25 04:32:16.083557', 176, '84145120') ON CONFLICT ("id") DO NOTHING;
INSERT INTO "product" ("id", "name", "description", "category_name", "brand_name", "base_uom_id", "inventory_tracking_mode", "serial_tracking_enabled", "batch_tracking_enabled", "expiry_tracking_enabled", "fractional_quantity_allowed", "is_service_item", "is_active", "created_at", "created_by", "updated_at", "updated_by", "hsn_code") VALUES (2, 'Copper Wire 6 Sqmm', 'Wire sold by metre', 'Wires & Cables', 'POLYCAB', 11, 'FRACTIONAL', FALSE, FALSE, FALSE, TRUE, FALSE, TRUE, '2026-03-25 04:32:16.083557', 168, '2026-03-25 04:32:16.083557', 168, '85444999') ON CONFLICT ("id") DO NOTHING;
INSERT INTO "product" ("id", "name", "description", "category_name", "brand_name", "base_uom_id", "inventory_tracking_mode", "serial_tracking_enabled", "batch_tracking_enabled", "expiry_tracking_enabled", "fractional_quantity_allowed", "is_service_item", "is_active", "created_at", "created_by", "updated_at", "updated_by", "hsn_code") VALUES (3, 'EcoVolt 900VA Inverter', 'Home inverter with serial tracking', 'Power Solutions', 'LUMINOUS', 5, 'SERIALIZED', TRUE, FALSE, FALSE, FALSE, FALSE, TRUE, '2026-03-25 04:32:16.083557', 168, '2026-03-25 04:32:16.083557', 168, '85044090') ON CONFLICT ("id") DO NOTHING;
INSERT INTO "product" ("id", "name", "description", "category_name", "brand_name", "base_uom_id", "inventory_tracking_mode", "serial_tracking_enabled", "batch_tracking_enabled", "expiry_tracking_enabled", "fractional_quantity_allowed", "is_service_item", "is_active", "created_at", "created_by", "updated_at", "updated_by", "hsn_code") VALUES (4, 'House Wire 1.5 Sqmm', 'Electrical wire sold by metre', 'Wires & Cables', 'HAVELLS', 11, 'FRACTIONAL', FALSE, FALSE, FALSE, TRUE, FALSE, TRUE, '2026-03-25 04:32:16.083557', 176, '2026-03-25 04:32:16.083557', 176, '85444999') ON CONFLICT ("id") DO NOTHING;
INSERT INTO "product" ("id", "name", "description", "category_name", "brand_name", "base_uom_id", "inventory_tracking_mode", "serial_tracking_enabled", "batch_tracking_enabled", "expiry_tracking_enabled", "fractional_quantity_allowed", "is_service_item", "is_active", "created_at", "created_by", "updated_at", "updated_by", "hsn_code") VALUES (5, 'LED Bulb 9W', 'Bulb sold in piece/dozen/carton', 'Lighting', 'PHILIPS', 5, 'MIXED_UOM', FALSE, TRUE, FALSE, FALSE, FALSE, TRUE, '2026-03-25 04:32:16.083557', 168, '2026-03-25 04:32:16.083557', 168, '85395000') ON CONFLICT ("id") DO NOTHING;
INSERT INTO "product" ("id", "name", "description", "category_name", "brand_name", "base_uom_id", "inventory_tracking_mode", "serial_tracking_enabled", "batch_tracking_enabled", "expiry_tracking_enabled", "fractional_quantity_allowed", "is_service_item", "is_active", "created_at", "created_by", "updated_at", "updated_by", "hsn_code") VALUES (6, 'LED Strip 5M', 'Strip lighting with batch control', 'Lighting', 'PHILIPS', 5, 'BATCHED', FALSE, TRUE, FALSE, FALSE, FALSE, TRUE, '2026-03-25 04:32:16.083557', 176, '2026-03-25 04:32:16.083557', 176, '94054090') ON CONFLICT ("id") DO NOTHING;
INSERT INTO "product" ("id", "name", "description", "category_name", "brand_name", "base_uom_id", "inventory_tracking_mode", "serial_tracking_enabled", "batch_tracking_enabled", "expiry_tracking_enabled", "fractional_quantity_allowed", "is_service_item", "is_active", "created_at", "created_by", "updated_at", "updated_by", "hsn_code") VALUES (7, 'Modular Switch 6A', 'Switch sold in box/carton', 'Lighting', 'HAVELLS', 5, 'MIXED_UOM', FALSE, TRUE, FALSE, FALSE, FALSE, TRUE, '2026-03-25 04:32:16.083557', 176, '2026-03-25 04:32:16.083557', 176, '85365090') ON CONFLICT ("id") DO NOTHING;
INSERT INTO "product" ("id", "name", "description", "category_name", "brand_name", "base_uom_id", "inventory_tracking_mode", "serial_tracking_enabled", "batch_tracking_enabled", "expiry_tracking_enabled", "fractional_quantity_allowed", "is_service_item", "is_active", "created_at", "created_by", "updated_at", "updated_by", "hsn_code") VALUES (8, 'Servo Battery Distilled Water 1L', 'Consumable sold by bottle / carton', 'Lubricants', 'SERVO', 9, 'BATCHED', FALSE, TRUE, FALSE, TRUE, FALSE, TRUE, '2026-03-25 04:32:16.083557', 168, '2026-03-25 04:32:16.083557', 168, '38200000') ON CONFLICT ("id") DO NOTHING;
INSERT INTO "product" ("id", "name", "description", "category_name", "brand_name", "base_uom_id", "inventory_tracking_mode", "serial_tracking_enabled", "batch_tracking_enabled", "expiry_tracking_enabled", "fractional_quantity_allowed", "is_service_item", "is_active", "created_at", "created_by", "updated_at", "updated_by", "hsn_code") VALUES (9, 'Slim Panel Light 18W', 'Ceiling panel light', 'Lighting', 'PHILIPS', 5, 'SIMPLE', FALSE, FALSE, FALSE, FALSE, FALSE, TRUE, '2026-03-25 04:32:16.083557', 176, '2026-03-25 04:32:16.083557', 176, '94054090') ON CONFLICT ("id") DO NOTHING;
INSERT INTO "product" ("id", "name", "description", "category_name", "brand_name", "base_uom_id", "inventory_tracking_mode", "serial_tracking_enabled", "batch_tracking_enabled", "expiry_tracking_enabled", "fractional_quantity_allowed", "is_service_item", "is_active", "created_at", "created_by", "updated_at", "updated_by", "hsn_code") VALUES (10, 'Tubular Battery 150AH', 'Battery with serial tracking and warranty', 'Battery', 'EXIDE', 5, 'SERIALIZED', TRUE, FALSE, FALSE, FALSE, FALSE, TRUE, '2026-03-25 04:32:16.083557', 168, '2026-03-25 04:32:16.083557', 168, '85072000') ON CONFLICT ("id") DO NOTHING;
INSERT INTO "product" ("id", "name", "description", "category_name", "brand_name", "base_uom_id", "inventory_tracking_mode", "serial_tracking_enabled", "batch_tracking_enabled", "expiry_tracking_enabled", "fractional_quantity_allowed", "is_service_item", "is_active", "created_at", "created_by", "updated_at", "updated_by", "hsn_code") VALUES (11, 'LED Flood Light 50W', 'Shared flood light demo product sold by both organizations', 'Lighting', 'PHILIPS', 5, 'SIMPLE', FALSE, FALSE, FALSE, FALSE, FALSE, TRUE, '2026-03-29 16:35:13.535523', NULL, '2026-03-29 16:35:13.535523', NULL, '94054090') ON CONFLICT ("id") DO NOTHING;
INSERT INTO "product" ("id", "name", "description", "category_name", "brand_name", "base_uom_id", "inventory_tracking_mode", "serial_tracking_enabled", "batch_tracking_enabled", "expiry_tracking_enabled", "fractional_quantity_allowed", "is_service_item", "is_active", "created_at", "created_by", "updated_at", "updated_by", "hsn_code") VALUES (14, 'Exide Dynamic Attribute Demo Battery', 'Live verification item for dynamic product attributes', 'Battery', 'EXIDE', 5, 'SERIALIZED', TRUE, FALSE, FALSE, FALSE, FALSE, TRUE, '2026-04-04 18:51:35.70822', 168, '2026-04-04 18:51:35.70822', 168, NULL) ON CONFLICT ("id") DO NOTHING;
INSERT INTO "product" ("id", "name", "description", "category_name", "brand_name", "base_uom_id", "inventory_tracking_mode", "serial_tracking_enabled", "batch_tracking_enabled", "expiry_tracking_enabled", "fractional_quantity_allowed", "is_service_item", "is_active", "created_at", "created_by", "updated_at", "updated_by", "hsn_code") VALUES (16, 'Luminous power inverter 1500 VA', NULL, 'Power Solutions', 'LUMINOUS', 5, 'SERIALIZED', TRUE, FALSE, FALSE, FALSE, FALSE, TRUE, '2026-04-04 19:36:02.59581', 168, '2026-04-04 19:36:02.59581', 168, NULL) ON CONFLICT ("id") DO NOTHING;

-- changeset sameerkhan:1775937591491-21
INSERT INTO "store_product" ("id", "organization_id", "category_id", "brand_id", "base_uom_id", "tax_group_id", "sku", "name", "description", "inventory_tracking_mode", "serial_tracking_enabled", "batch_tracking_enabled", "expiry_tracking_enabled", "fractional_quantity_allowed", "min_stock_base_qty", "reorder_level_base_qty", "is_service_item", "is_active", "created_at", "created_by", "updated_at", "updated_by", "product_id", "default_sale_price", "default_warranty_months", "warranty_terms") VALUES (57, 33, 71, 85, 5, 91, 'LUIN1500', 'Luminous power inverter 1500 VA', NULL, 'SERIALIZED', TRUE, FALSE, FALSE, FALSE, 1.000000, 2.000000, FALSE, TRUE, '2026-04-04 19:36:02.604466', 168, '2026-04-04 20:29:04.426633', 168, 16, NULL, 0, NULL);
INSERT INTO "store_product" ("id", "organization_id", "category_id", "brand_id", "base_uom_id", "tax_group_id", "sku", "name", "description", "inventory_tracking_mode", "serial_tracking_enabled", "batch_tracking_enabled", "expiry_tracking_enabled", "fractional_quantity_allowed", "min_stock_base_qty", "reorder_level_base_qty", "is_service_item", "is_active", "created_at", "created_by", "updated_at", "updated_by", "product_id", "default_sale_price", "default_warranty_months", "warranty_terms") VALUES (55, 33, 72, 86, 5, 92, 'SPC-ATTR-171225', 'Exide Dynamic Attribute Demo Battery', 'Live verification item for dynamic product attributes', 'SERIALIZED', TRUE, FALSE, FALSE, FALSE, 1.000000, 2.000000, FALSE, TRUE, '2026-04-04 18:51:35.712493', 168, '2026-04-04 20:29:04.426633', 168, 14, 7200.00, 0, NULL);
INSERT INTO "store_product" ("id", "organization_id", "category_id", "brand_id", "base_uom_id", "tax_group_id", "sku", "name", "description", "inventory_tracking_mode", "serial_tracking_enabled", "batch_tracking_enabled", "expiry_tracking_enabled", "fractional_quantity_allowed", "min_stock_base_qty", "reorder_level_base_qty", "is_service_item", "is_active", "created_at", "created_by", "updated_at", "updated_by", "product_id", "default_sale_price", "default_warranty_months", "warranty_terms") VALUES (47, 34, 80, 96, 5, 96, 'FAN-CLG-1200', 'Ceiling Fan 1200mm', 'Fan with serial tracking', 'SERIALIZED', TRUE, FALSE, FALSE, FALSE, 4.000000, 10.000000, FALSE, TRUE, '2026-03-25 04:32:16.083557', 176, '2026-04-04 20:29:04.426633', 176, 1, 2200.00, 0, NULL);
INSERT INTO "store_product" ("id", "organization_id", "category_id", "brand_id", "base_uom_id", "tax_group_id", "sku", "name", "description", "inventory_tracking_mode", "serial_tracking_enabled", "batch_tracking_enabled", "expiry_tracking_enabled", "fractional_quantity_allowed", "min_stock_base_qty", "reorder_level_base_qty", "is_service_item", "is_active", "created_at", "created_by", "updated_at", "updated_by", "product_id", "default_sale_price", "default_warranty_months", "warranty_terms") VALUES (44, 33, 73, 87, 11, 92, 'WIRE-6SQ', 'Copper Wire 6 Sqmm', 'Wire sold by metre', 'FRACTIONAL', FALSE, FALSE, FALSE, TRUE, 100.000000, 300.000000, FALSE, TRUE, '2026-03-25 04:32:16.083557', 168, '2026-04-04 20:29:04.426633', 168, 2, 92.00, 0, NULL);
INSERT INTO "store_product" ("id", "organization_id", "category_id", "brand_id", "base_uom_id", "tax_group_id", "sku", "name", "description", "inventory_tracking_mode", "serial_tracking_enabled", "batch_tracking_enabled", "expiry_tracking_enabled", "fractional_quantity_allowed", "min_stock_base_qty", "reorder_level_base_qty", "is_service_item", "is_active", "created_at", "created_by", "updated_at", "updated_by", "product_id", "default_sale_price", "default_warranty_months", "warranty_terms") VALUES (42, 33, 71, 85, 5, 92, 'INV-900VA', 'EcoVolt 900VA Inverter', 'Home inverter with serial tracking', 'SERIALIZED', TRUE, FALSE, FALSE, FALSE, 2.000000, 5.000000, FALSE, TRUE, '2026-03-25 04:32:16.083557', 168, '2026-04-04 20:29:04.426633', 168, 3, 6500.00, 0, NULL);
INSERT INTO "store_product" ("id", "organization_id", "category_id", "brand_id", "base_uom_id", "tax_group_id", "sku", "name", "description", "inventory_tracking_mode", "serial_tracking_enabled", "batch_tracking_enabled", "expiry_tracking_enabled", "fractional_quantity_allowed", "min_stock_base_qty", "reorder_level_base_qty", "is_service_item", "is_active", "created_at", "created_by", "updated_at", "updated_by", "product_id", "default_sale_price", "default_warranty_months", "warranty_terms") VALUES (48, 34, 78, 96, 11, 96, 'WIRE-1.5SQ', 'House Wire 1.5 Sqmm', 'Electrical wire sold by metre', 'FRACTIONAL', FALSE, FALSE, FALSE, TRUE, 200.000000, 500.000000, FALSE, TRUE, '2026-03-25 04:32:16.083557', 176, '2026-04-04 20:29:04.426633', 176, 4, 24.00, 0, NULL);
INSERT INTO "store_product" ("id", "organization_id", "category_id", "brand_id", "base_uom_id", "tax_group_id", "sku", "name", "description", "inventory_tracking_mode", "serial_tracking_enabled", "batch_tracking_enabled", "expiry_tracking_enabled", "fractional_quantity_allowed", "min_stock_base_qty", "reorder_level_base_qty", "is_service_item", "is_active", "created_at", "created_by", "updated_at", "updated_by", "product_id", "default_sale_price", "default_warranty_months", "warranty_terms") VALUES (41, 33, 75, 89, 5, 91, 'BULB-9W', 'LED Bulb 9W', 'Bulb sold in piece/dozen/carton', 'MIXED_UOM', FALSE, TRUE, FALSE, FALSE, 24.000000, 120.000000, FALSE, TRUE, '2026-03-25 04:32:16.083557', 168, '2026-04-04 20:29:04.426633', 168, 5, 95.00, 0, NULL);
INSERT INTO "store_product" ("id", "organization_id", "category_id", "brand_id", "base_uom_id", "tax_group_id", "sku", "name", "description", "inventory_tracking_mode", "serial_tracking_enabled", "batch_tracking_enabled", "expiry_tracking_enabled", "fractional_quantity_allowed", "min_stock_base_qty", "reorder_level_base_qty", "is_service_item", "is_active", "created_at", "created_by", "updated_at", "updated_by", "product_id", "default_sale_price", "default_warranty_months", "warranty_terms") VALUES (49, 34, 80, 95, 5, 96, 'STRIP-LED5M', 'LED Strip 5M', 'Strip lighting with batch control', 'BATCHED', FALSE, TRUE, FALSE, FALSE, 10.000000, 40.000000, FALSE, TRUE, '2026-03-25 04:32:16.083557', 176, '2026-04-04 20:29:04.426633', 176, 6, 410.00, 0, NULL);
INSERT INTO "store_product" ("id", "organization_id", "category_id", "brand_id", "base_uom_id", "tax_group_id", "sku", "name", "description", "inventory_tracking_mode", "serial_tracking_enabled", "batch_tracking_enabled", "expiry_tracking_enabled", "fractional_quantity_allowed", "min_stock_base_qty", "reorder_level_base_qty", "is_service_item", "is_active", "created_at", "created_by", "updated_at", "updated_by", "product_id", "default_sale_price", "default_warranty_months", "warranty_terms") VALUES (50, 34, 80, 96, 5, 96, 'SWITCH-6A', 'Modular Switch 6A', 'Switch sold in box/carton', 'MIXED_UOM', FALSE, TRUE, FALSE, FALSE, 100.000000, 500.000000, FALSE, TRUE, '2026-03-25 04:32:16.083557', 176, '2026-04-04 20:29:04.426633', 176, 7, 45.00, 0, NULL);
INSERT INTO "store_product" ("id", "organization_id", "category_id", "brand_id", "base_uom_id", "tax_group_id", "sku", "name", "description", "inventory_tracking_mode", "serial_tracking_enabled", "batch_tracking_enabled", "expiry_tracking_enabled", "fractional_quantity_allowed", "min_stock_base_qty", "reorder_level_base_qty", "is_service_item", "is_active", "created_at", "created_by", "updated_at", "updated_by", "product_id", "default_sale_price", "default_warranty_months", "warranty_terms") VALUES (45, 33, 74, 88, 9, 92, 'OIL-1LTR', 'Servo Battery Distilled Water 1L', 'Consumable sold by bottle / carton', 'BATCHED', FALSE, TRUE, FALSE, TRUE, 20.000000, 50.000000, FALSE, TRUE, '2026-03-25 04:32:16.083557', 168, '2026-04-04 20:29:04.426633', 168, 8, 55.00, 0, NULL);
INSERT INTO "store_product" ("id", "organization_id", "category_id", "brand_id", "base_uom_id", "tax_group_id", "sku", "name", "description", "inventory_tracking_mode", "serial_tracking_enabled", "batch_tracking_enabled", "expiry_tracking_enabled", "fractional_quantity_allowed", "min_stock_base_qty", "reorder_level_base_qty", "is_service_item", "is_active", "created_at", "created_by", "updated_at", "updated_by", "product_id", "default_sale_price", "default_warranty_months", "warranty_terms") VALUES (46, 34, 80, 95, 5, 96, 'LIGHT-PANEL18', 'Slim Panel Light 18W', 'Ceiling panel light', 'SIMPLE', FALSE, FALSE, FALSE, FALSE, 20.000000, 60.000000, FALSE, TRUE, '2026-03-25 04:32:16.083557', 176, '2026-04-04 20:29:04.426633', 176, 9, 650.00, 0, NULL);
INSERT INTO "store_product" ("id", "organization_id", "category_id", "brand_id", "base_uom_id", "tax_group_id", "sku", "name", "description", "inventory_tracking_mode", "serial_tracking_enabled", "batch_tracking_enabled", "expiry_tracking_enabled", "fractional_quantity_allowed", "min_stock_base_qty", "reorder_level_base_qty", "is_service_item", "is_active", "created_at", "created_by", "updated_at", "updated_by", "product_id", "default_sale_price", "default_warranty_months", "warranty_terms") VALUES (43, 33, 72, 86, 5, 92, 'BAT-150AH', 'Tubular Battery 150AH', 'Battery with serial tracking and warranty', 'SERIALIZED', TRUE, FALSE, FALSE, FALSE, 3.000000, 8.000000, FALSE, TRUE, '2026-03-25 04:32:16.083557', 168, '2026-04-04 20:29:04.426633', 168, 10, 12800.00, 0, NULL);
INSERT INTO "store_product" ("id", "organization_id", "category_id", "brand_id", "base_uom_id", "tax_group_id", "sku", "name", "description", "inventory_tracking_mode", "serial_tracking_enabled", "batch_tracking_enabled", "expiry_tracking_enabled", "fractional_quantity_allowed", "min_stock_base_qty", "reorder_level_base_qty", "is_service_item", "is_active", "created_at", "created_by", "updated_at", "updated_by", "product_id", "default_sale_price", "default_warranty_months", "warranty_terms") VALUES (51, 33, 75, 89, 5, 92, 'SPC-FLOOD-50W', 'LED Flood Light 50W', 'Shared flood light demo product sold by both organizations', 'SIMPLE', FALSE, FALSE, FALSE, FALSE, 12.000000, 30.000000, FALSE, TRUE, '2026-03-29 16:35:13.535523', 168, '2026-04-04 20:29:04.426633', 168, 11, 890.00, 0, NULL);
INSERT INTO "store_product" ("id", "organization_id", "category_id", "brand_id", "base_uom_id", "tax_group_id", "sku", "name", "description", "inventory_tracking_mode", "serial_tracking_enabled", "batch_tracking_enabled", "expiry_tracking_enabled", "fractional_quantity_allowed", "min_stock_base_qty", "reorder_level_base_qty", "is_service_item", "is_active", "created_at", "created_by", "updated_at", "updated_by", "product_id", "default_sale_price", "default_warranty_months", "warranty_terms") VALUES (52, 34, 80, 95, 5, 96, 'UHL-FLOOD-50W', 'LED Flood Light 50W', 'Shared flood light demo product sold by both organizations', 'SIMPLE', FALSE, FALSE, FALSE, FALSE, 20.000000, 45.000000, FALSE, TRUE, '2026-03-29 16:35:13.535523', 176, '2026-04-04 20:29:04.426633', 176, 11, 950.00, 0, NULL);

-- changeset sameerkhan:1775937591491-22
INSERT INTO "product_uom_conversion" ("id", "product_id", "from_uom_id", "to_uom_id", "multiplier", "is_purchase_uom", "is_sales_uom", "is_default", "created_at", "created_by", "updated_at", "updated_by") VALUES (25, 41, 2, 5, 120.000000, TRUE, FALSE, FALSE, '2026-03-25 04:32:16.083557', 168, '2026-03-25 04:32:16.083557', 168);
INSERT INTO "product_uom_conversion" ("id", "product_id", "from_uom_id", "to_uom_id", "multiplier", "is_purchase_uom", "is_sales_uom", "is_default", "created_at", "created_by", "updated_at", "updated_by") VALUES (26, 41, 4, 5, 12.000000, TRUE, TRUE, FALSE, '2026-03-25 04:32:16.083557', 168, '2026-03-25 04:32:16.083557', 168);
INSERT INTO "product_uom_conversion" ("id", "product_id", "from_uom_id", "to_uom_id", "multiplier", "is_purchase_uom", "is_sales_uom", "is_default", "created_at", "created_by", "updated_at", "updated_by") VALUES (27, 45, 10, 9, 0.001000, FALSE, TRUE, FALSE, '2026-03-25 04:32:16.083557', 168, '2026-03-25 04:32:16.083557', 168);
INSERT INTO "product_uom_conversion" ("id", "product_id", "from_uom_id", "to_uom_id", "multiplier", "is_purchase_uom", "is_sales_uom", "is_default", "created_at", "created_by", "updated_at", "updated_by") VALUES (28, 49, 3, 5, 10.000000, TRUE, FALSE, FALSE, '2026-03-25 04:32:16.083557', 176, '2026-03-25 04:32:16.083557', 176);
INSERT INTO "product_uom_conversion" ("id", "product_id", "from_uom_id", "to_uom_id", "multiplier", "is_purchase_uom", "is_sales_uom", "is_default", "created_at", "created_by", "updated_at", "updated_by") VALUES (29, 50, 2, 5, 200.000000, TRUE, FALSE, FALSE, '2026-03-25 04:32:16.083557', 176, '2026-03-25 04:32:16.083557', 176);
INSERT INTO "product_uom_conversion" ("id", "product_id", "from_uom_id", "to_uom_id", "multiplier", "is_purchase_uom", "is_sales_uom", "is_default", "created_at", "created_by", "updated_at", "updated_by") VALUES (30, 50, 3, 5, 20.000000, TRUE, TRUE, FALSE, '2026-03-25 04:32:16.083557', 176, '2026-03-25 04:32:16.083557', 176);

-- changeset sameerkhan:1775937591491-23
INSERT INTO "price_list_item" ("id", "price_list_id", "product_id", "uom_id", "price", "created_at", "created_by", "updated_at", "updated_by") VALUES (45, 91, 41, 4, 1020.00, '2026-03-25 04:32:16.083557', 168, '2026-03-25 04:32:16.083557', 168);
INSERT INTO "price_list_item" ("id", "price_list_id", "product_id", "uom_id", "price", "created_at", "created_by", "updated_at", "updated_by") VALUES (46, 90, 41, 5, 95.00, '2026-03-25 04:32:16.083557', 168, '2026-03-25 04:32:16.083557', 168);
INSERT INTO "price_list_item" ("id", "price_list_id", "product_id", "uom_id", "price", "created_at", "created_by", "updated_at", "updated_by") VALUES (47, 90, 45, 9, 55.00, '2026-03-25 04:32:16.083557', 168, '2026-03-25 04:32:16.083557', 168);
INSERT INTO "price_list_item" ("id", "price_list_id", "product_id", "uom_id", "price", "created_at", "created_by", "updated_at", "updated_by") VALUES (48, 90, 44, 11, 92.00, '2026-03-25 04:32:16.083557', 168, '2026-03-25 04:32:16.083557', 168);
INSERT INTO "price_list_item" ("id", "price_list_id", "product_id", "uom_id", "price", "created_at", "created_by", "updated_at", "updated_by") VALUES (49, 90, 43, 5, 12800.00, '2026-03-25 04:32:16.083557', 168, '2026-03-25 04:32:16.083557', 168);
INSERT INTO "price_list_item" ("id", "price_list_id", "product_id", "uom_id", "price", "created_at", "created_by", "updated_at", "updated_by") VALUES (50, 90, 42, 5, 6500.00, '2026-03-25 04:32:16.083557', 168, '2026-03-25 04:32:16.083557', 168);
INSERT INTO "price_list_item" ("id", "price_list_id", "product_id", "uom_id", "price", "created_at", "created_by", "updated_at", "updated_by") VALUES (51, 95, 50, 3, 780.00, '2026-03-25 04:32:16.083557', 176, '2026-03-25 04:32:16.083557', 176);
INSERT INTO "price_list_item" ("id", "price_list_id", "product_id", "uom_id", "price", "created_at", "created_by", "updated_at", "updated_by") VALUES (52, 94, 49, 5, 410.00, '2026-03-25 04:32:16.083557', 176, '2026-03-25 04:32:16.083557', 176);
INSERT INTO "price_list_item" ("id", "price_list_id", "product_id", "uom_id", "price", "created_at", "created_by", "updated_at", "updated_by") VALUES (53, 94, 48, 11, 24.00, '2026-03-25 04:32:16.083557', 176, '2026-03-25 04:32:16.083557', 176);
INSERT INTO "price_list_item" ("id", "price_list_id", "product_id", "uom_id", "price", "created_at", "created_by", "updated_at", "updated_by") VALUES (54, 94, 47, 5, 2200.00, '2026-03-25 04:32:16.083557', 176, '2026-03-25 04:32:16.083557', 176);
INSERT INTO "price_list_item" ("id", "price_list_id", "product_id", "uom_id", "price", "created_at", "created_by", "updated_at", "updated_by") VALUES (55, 94, 46, 5, 650.00, '2026-03-25 04:32:16.083557', 176, '2026-03-25 04:32:16.083557', 176);

-- changeset sameerkhan:1775937591491-24
INSERT INTO "inventory_batch" ("id", "organization_id", "product_id", "batch_number", "manufacturer_batch_number", "manufactured_on", "expiry_on", "status", "created_at", "created_by", "updated_at", "updated_by") VALUES (19, 33, 45, 'OIL-B-2025-01', 'SERVO-2025-01', '2025-01-01', '2027-01-01', 'ACTIVE', '2026-03-25 04:32:16.083557', 174, '2026-03-25 04:32:16.083557', 174);
INSERT INTO "inventory_batch" ("id", "organization_id", "product_id", "batch_number", "manufacturer_batch_number", "manufactured_on", "expiry_on", "status", "created_at", "created_by", "updated_at", "updated_by") VALUES (20, 33, 41, 'BULB-B-2025-02', 'PHIL-2025-02', '2025-02-10', NULL, 'ACTIVE', '2026-03-25 04:32:16.083557', 174, '2026-03-25 04:32:16.083557', 174);
INSERT INTO "inventory_batch" ("id", "organization_id", "product_id", "batch_number", "manufacturer_batch_number", "manufactured_on", "expiry_on", "status", "created_at", "created_by", "updated_at", "updated_by") VALUES (21, 34, 49, 'STRIP-B-2025-03', 'PHIL-2025-03', '2025-03-01', NULL, 'ACTIVE', '2026-03-25 04:32:16.083557', 178, '2026-03-25 04:32:16.083557', 178);
INSERT INTO "inventory_batch" ("id", "organization_id", "product_id", "batch_number", "manufacturer_batch_number", "manufactured_on", "expiry_on", "status", "created_at", "created_by", "updated_at", "updated_by") VALUES (22, 34, 50, 'SWITCH-B-2025-02', 'HAVL-2025-02', '2025-02-15', NULL, 'ACTIVE', '2026-03-25 04:32:16.083557', 178, '2026-03-25 04:32:16.083557', 178);
INSERT INTO "inventory_batch" ("id", "organization_id", "product_id", "batch_number", "manufacturer_batch_number", "manufactured_on", "expiry_on", "status", "created_at", "created_by", "updated_at", "updated_by") VALUES (23, 34, 49, 'STRIP-B-2026-01', 'PHIL-2026-01', '2026-01-15', NULL, 'ACTIVE', '2026-03-25 04:32:16.083557', 178, '2026-03-25 04:32:16.083557', 178);

-- changeset sameerkhan:1775937591491-25
INSERT INTO "serial_number" ("id", "organization_id", "product_id", "batch_id", "serial_number", "manufacturer_serial_number", "status", "current_warehouse_id", "current_customer_id", "warranty_start_date", "warranty_end_date", "created_at", "created_by", "updated_at", "updated_by") VALUES (52, 33, 43, NULL, 'BAT150-0101', 'EXD-BAT150-0101', 'IN_STOCK', 142, NULL, NULL, NULL, '2026-03-25 04:32:16.083557', 174, '2026-03-25 04:32:16.083557', 174);
INSERT INTO "serial_number" ("id", "organization_id", "product_id", "batch_id", "serial_number", "manufacturer_serial_number", "status", "current_warehouse_id", "current_customer_id", "warranty_start_date", "warranty_end_date", "created_at", "created_by", "updated_at", "updated_by") VALUES (53, 33, 43, NULL, 'BAT150-0102', 'EXD-BAT150-0102', 'IN_STOCK', 142, NULL, NULL, NULL, '2026-03-25 04:32:16.083557', 174, '2026-03-25 04:32:16.083557', 174);
INSERT INTO "serial_number" ("id", "organization_id", "product_id", "batch_id", "serial_number", "manufacturer_serial_number", "status", "current_warehouse_id", "current_customer_id", "warranty_start_date", "warranty_end_date", "created_at", "created_by", "updated_at", "updated_by") VALUES (55, 34, 47, NULL, 'FAN1200-0201', 'HAV-FAN1200-0201', 'IN_STOCK', 148, NULL, NULL, NULL, '2026-03-25 04:32:16.083557', 178, '2026-03-25 04:32:16.083557', 178);
INSERT INTO "serial_number" ("id", "organization_id", "product_id", "batch_id", "serial_number", "manufacturer_serial_number", "status", "current_warehouse_id", "current_customer_id", "warranty_start_date", "warranty_end_date", "created_at", "created_by", "updated_at", "updated_by") VALUES (57, 34, 47, NULL, 'FAN1200-0203', 'HAV-FAN1200-0203', 'IN_STOCK', 149, NULL, NULL, NULL, '2026-03-25 04:32:16.083557', 178, '2026-03-25 04:32:16.083557', 178);
INSERT INTO "serial_number" ("id", "organization_id", "product_id", "batch_id", "serial_number", "manufacturer_serial_number", "status", "current_warehouse_id", "current_customer_id", "warranty_start_date", "warranty_end_date", "created_at", "created_by", "updated_at", "updated_by") VALUES (58, 33, 42, NULL, 'INV900-1001', 'LUM-INV900-1001', 'IN_STOCK', 142, NULL, NULL, NULL, '2026-03-25 04:32:16.083557', 174, '2026-03-25 04:32:16.083557', 174);
INSERT INTO "serial_number" ("id", "organization_id", "product_id", "batch_id", "serial_number", "manufacturer_serial_number", "status", "current_warehouse_id", "current_customer_id", "warranty_start_date", "warranty_end_date", "created_at", "created_by", "updated_at", "updated_by") VALUES (59, 33, 42, NULL, 'INV900-1002', 'LUM-INV900-1002', 'IN_STOCK', 142, NULL, NULL, NULL, '2026-03-25 04:32:16.083557', 174, '2026-03-25 04:32:16.083557', 174);
INSERT INTO "serial_number" ("id", "organization_id", "product_id", "batch_id", "serial_number", "manufacturer_serial_number", "status", "current_warehouse_id", "current_customer_id", "warranty_start_date", "warranty_end_date", "created_at", "created_by", "updated_at", "updated_by") VALUES (60, 33, 43, NULL, 'BAT150-1101', 'EXD-BAT150-1101', 'IN_STOCK', 142, NULL, NULL, NULL, '2026-03-25 04:32:16.083557', 174, '2026-03-25 04:32:16.083557', 174);
INSERT INTO "serial_number" ("id", "organization_id", "product_id", "batch_id", "serial_number", "manufacturer_serial_number", "status", "current_warehouse_id", "current_customer_id", "warranty_start_date", "warranty_end_date", "created_at", "created_by", "updated_at", "updated_by") VALUES (61, 34, 47, NULL, 'FAN1200-1201', 'HAV-FAN1200-1201', 'IN_STOCK', 148, NULL, NULL, NULL, '2026-03-25 04:32:16.083557', 178, '2026-03-25 04:32:16.083557', 178);
INSERT INTO "serial_number" ("id", "organization_id", "product_id", "batch_id", "serial_number", "manufacturer_serial_number", "status", "current_warehouse_id", "current_customer_id", "warranty_start_date", "warranty_end_date", "created_at", "created_by", "updated_at", "updated_by") VALUES (62, 34, 47, NULL, 'FAN1200-1202', 'HAV-FAN1200-1202', 'IN_STOCK', 148, NULL, NULL, NULL, '2026-03-25 04:32:16.083557', 178, '2026-03-25 04:32:16.083557', 178);
INSERT INTO "serial_number" ("id", "organization_id", "product_id", "batch_id", "serial_number", "manufacturer_serial_number", "status", "current_warehouse_id", "current_customer_id", "warranty_start_date", "warranty_end_date", "created_at", "created_by", "updated_at", "updated_by") VALUES (63, 34, 47, NULL, 'FAN1200-1203', 'HAV-FAN1200-1203', 'IN_STOCK', 148, NULL, NULL, NULL, '2026-03-25 04:32:16.083557', 178, '2026-03-25 04:32:16.083557', 178);
INSERT INTO "serial_number" ("id", "organization_id", "product_id", "batch_id", "serial_number", "manufacturer_serial_number", "status", "current_warehouse_id", "current_customer_id", "warranty_start_date", "warranty_end_date", "created_at", "created_by", "updated_at", "updated_by") VALUES (51, 33, 42, NULL, 'INV900-0003', 'LUM-INV900-0003', 'SOLD', 144, 51, '2026-03-03', '2028-03-03', '2026-03-25 04:32:16.083557', 174, '2026-03-25 04:32:16.083557', 173);
INSERT INTO "serial_number" ("id", "organization_id", "product_id", "batch_id", "serial_number", "manufacturer_serial_number", "status", "current_warehouse_id", "current_customer_id", "warranty_start_date", "warranty_end_date", "created_at", "created_by", "updated_at", "updated_by") VALUES (54, 33, 43, NULL, 'BAT150-0103', 'EXD-BAT150-0103', 'SOLD', 144, 51, '2026-03-03', '2028-03-03', '2026-03-25 04:32:16.083557', 174, '2026-03-25 04:32:16.083557', 173);
INSERT INTO "serial_number" ("id", "organization_id", "product_id", "batch_id", "serial_number", "manufacturer_serial_number", "status", "current_warehouse_id", "current_customer_id", "warranty_start_date", "warranty_end_date", "created_at", "created_by", "updated_at", "updated_by") VALUES (56, 34, 47, NULL, 'FAN1200-0202', 'HAV-FAN1200-0202', 'SOLD', 149, 55, '2026-03-07', '2028-03-07', '2026-03-25 04:32:16.083557', 178, '2026-03-25 04:32:16.083557', 181);
INSERT INTO "serial_number" ("id", "organization_id", "product_id", "batch_id", "serial_number", "manufacturer_serial_number", "status", "current_warehouse_id", "current_customer_id", "warranty_start_date", "warranty_end_date", "created_at", "created_by", "updated_at", "updated_by") VALUES (49, 33, 42, NULL, 'INV900-0001', 'LUM-INV900-0001', 'SOLD', NULL, 53, '2026-03-29', NULL, '2026-03-25 04:32:16.083557', 174, '2026-03-29 20:28:08.326459', 168);
INSERT INTO "serial_number" ("id", "organization_id", "product_id", "batch_id", "serial_number", "manufacturer_serial_number", "status", "current_warehouse_id", "current_customer_id", "warranty_start_date", "warranty_end_date", "created_at", "created_by", "updated_at", "updated_by") VALUES (50, 33, 42, NULL, 'INV900-0002', 'LUM-INV900-0002', 'SOLD', NULL, 53, '2026-03-29', NULL, '2026-03-25 04:32:16.083557', 174, '2026-03-29 20:31:19.223303', 168);

-- changeset sameerkhan:1775937591491-26
INSERT INTO "inventory_balance" ("id", "organization_id", "branch_id", "warehouse_id", "product_id", "batch_id", "on_hand_base_quantity", "reserved_base_quantity", "available_base_quantity", "avg_cost", "created_at", "created_by", "updated_at", "updated_by") VALUES (54, 33, 72, 144, 42, NULL, 1.000000, 0.000000, 1.000000, 5050.000000, '2026-03-25 04:32:16.083557', 174, '2026-03-25 04:32:16.083557', 174);
INSERT INTO "inventory_balance" ("id", "organization_id", "branch_id", "warehouse_id", "product_id", "batch_id", "on_hand_base_quantity", "reserved_base_quantity", "available_base_quantity", "avg_cost", "created_at", "created_by", "updated_at", "updated_by") VALUES (55, 33, 73, 142, 43, NULL, 2.000000, 0.000000, 2.000000, 9800.000000, '2026-03-25 04:32:16.083557', 174, '2026-03-25 04:32:16.083557', 174);
INSERT INTO "inventory_balance" ("id", "organization_id", "branch_id", "warehouse_id", "product_id", "batch_id", "on_hand_base_quantity", "reserved_base_quantity", "available_base_quantity", "avg_cost", "created_at", "created_by", "updated_at", "updated_by") VALUES (56, 33, 72, 144, 43, NULL, 1.000000, 0.000000, 1.000000, 9900.000000, '2026-03-25 04:32:16.083557', 174, '2026-03-25 04:32:16.083557', 174);
INSERT INTO "inventory_balance" ("id", "organization_id", "branch_id", "warehouse_id", "product_id", "batch_id", "on_hand_base_quantity", "reserved_base_quantity", "available_base_quantity", "avg_cost", "created_at", "created_by", "updated_at", "updated_by") VALUES (59, 33, 72, 144, 41, 20, 240.000000, 0.000000, 240.000000, 60.000000, '2026-03-25 04:32:16.083557', 174, '2026-03-25 04:32:16.083557', 174);
INSERT INTO "inventory_balance" ("id", "organization_id", "branch_id", "warehouse_id", "product_id", "batch_id", "on_hand_base_quantity", "reserved_base_quantity", "available_base_quantity", "avg_cost", "created_at", "created_by", "updated_at", "updated_by") VALUES (60, 34, 75, 148, 47, NULL, 1.000000, 0.000000, 1.000000, 1650.000000, '2026-03-25 04:32:16.083557', 178, '2026-03-25 04:32:16.083557', 178);
INSERT INTO "inventory_balance" ("id", "organization_id", "branch_id", "warehouse_id", "product_id", "batch_id", "on_hand_base_quantity", "reserved_base_quantity", "available_base_quantity", "avg_cost", "created_at", "created_by", "updated_at", "updated_by") VALUES (61, 34, 74, 149, 47, NULL, 2.000000, 0.000000, 2.000000, 1680.000000, '2026-03-25 04:32:16.083557', 178, '2026-03-25 04:32:16.083557', 178);
INSERT INTO "inventory_balance" ("id", "organization_id", "branch_id", "warehouse_id", "product_id", "batch_id", "on_hand_base_quantity", "reserved_base_quantity", "available_base_quantity", "avg_cost", "created_at", "created_by", "updated_at", "updated_by") VALUES (62, 34, 75, 148, 46, NULL, 80.000000, 0.000000, 80.000000, 420.000000, '2026-03-25 04:32:16.083557', 178, '2026-03-25 04:32:16.083557', 178);
INSERT INTO "inventory_balance" ("id", "organization_id", "branch_id", "warehouse_id", "product_id", "batch_id", "on_hand_base_quantity", "reserved_base_quantity", "available_base_quantity", "avg_cost", "created_at", "created_by", "updated_at", "updated_by") VALUES (63, 34, 74, 149, 48, NULL, 900.000000, 0.000000, 900.000000, 15.500000, '2026-03-25 04:32:16.083557', 178, '2026-03-25 04:32:16.083557', 178);
INSERT INTO "inventory_balance" ("id", "organization_id", "branch_id", "warehouse_id", "product_id", "batch_id", "on_hand_base_quantity", "reserved_base_quantity", "available_base_quantity", "avg_cost", "created_at", "created_by", "updated_at", "updated_by") VALUES (64, 34, 75, 148, 49, 21, 70.000000, 0.000000, 70.000000, 250.000000, '2026-03-25 04:32:16.083557', 178, '2026-03-25 04:32:16.083557', 178);
INSERT INTO "inventory_balance" ("id", "organization_id", "branch_id", "warehouse_id", "product_id", "batch_id", "on_hand_base_quantity", "reserved_base_quantity", "available_base_quantity", "avg_cost", "created_at", "created_by", "updated_at", "updated_by") VALUES (65, 34, 74, 149, 50, 22, 600.000000, 0.000000, 600.000000, 22.000000, '2026-03-25 04:32:16.083557', 178, '2026-03-25 04:32:16.083557', 178);
INSERT INTO "inventory_balance" ("id", "organization_id", "branch_id", "warehouse_id", "product_id", "batch_id", "on_hand_base_quantity", "reserved_base_quantity", "available_base_quantity", "avg_cost", "created_at", "created_by", "updated_at", "updated_by") VALUES (67, 34, 75, 148, 52, NULL, 25.000000, 0.000000, 25.000000, 665.000000, '2026-03-29 16:35:13.535523', 178, '2026-03-29 16:35:13.535523', 178);
INSERT INTO "inventory_balance" ("id", "organization_id", "branch_id", "warehouse_id", "product_id", "batch_id", "on_hand_base_quantity", "reserved_base_quantity", "available_base_quantity", "avg_cost", "created_at", "created_by", "updated_at", "updated_by") VALUES (66, 33, 73, 142, 51, NULL, 16.000000, 0.000000, 16.000000, 0.000000, '2026-03-29 16:35:13.535523', 174, '2026-03-29 18:34:01.206794', 168);
INSERT INTO "inventory_balance" ("id", "organization_id", "branch_id", "warehouse_id", "product_id", "batch_id", "on_hand_base_quantity", "reserved_base_quantity", "available_base_quantity", "avg_cost", "created_at", "created_by", "updated_at", "updated_by") VALUES (57, 33, 73, 142, 44, NULL, 488.000000, 0.000000, 488.000000, 0.000000, '2026-03-25 04:32:16.083557', 174, '2026-03-29 18:34:01.206794', 168);
INSERT INTO "inventory_balance" ("id", "organization_id", "branch_id", "warehouse_id", "product_id", "batch_id", "on_hand_base_quantity", "reserved_base_quantity", "available_base_quantity", "avg_cost", "created_at", "created_by", "updated_at", "updated_by") VALUES (68, 33, 71, 142, 51, NULL, 4.000000, 0.000000, 4.000000, 0.000000, '2026-03-29 20:16:14.990859', 168, '2026-03-29 20:16:15.045481', 168);
INSERT INTO "inventory_balance" ("id", "organization_id", "branch_id", "warehouse_id", "product_id", "batch_id", "on_hand_base_quantity", "reserved_base_quantity", "available_base_quantity", "avg_cost", "created_at", "created_by", "updated_at", "updated_by") VALUES (58, 33, 73, 142, 45, 19, 118.000000, 0.000000, 118.000000, 0.000000, '2026-03-25 04:32:16.083557', 174, '2026-03-29 20:28:43.158565', 168);
INSERT INTO "inventory_balance" ("id", "organization_id", "branch_id", "warehouse_id", "product_id", "batch_id", "on_hand_base_quantity", "reserved_base_quantity", "available_base_quantity", "avg_cost", "created_at", "created_by", "updated_at", "updated_by") VALUES (53, 33, 73, 142, 42, NULL, 1.000000, 0.000000, 1.000000, 0.000000, '2026-03-25 04:32:16.083557', 174, '2026-03-29 20:31:19.223303', 168);

-- changeset sameerkhan:1775937591491-27
INSERT INTO "stock_movement" ("id", "organization_id", "branch_id", "warehouse_id", "product_id", "movement_type", "reference_type", "reference_id", "reference_number", "direction", "uom_id", "quantity", "base_quantity", "unit_cost", "total_cost", "movement_at", "created_at", "created_by", "updated_at", "updated_by") VALUES (86, 33, 73, 142, 42, 'OPENING_STOCK', 'OPENING', 1, 'OPEN-2025', 'IN', 5, 2.000000, 2.000000, 5000.000000, 10000.000000, '2025-03-01 09:00:00', '2026-03-25 04:32:16.083557', 174, '2026-03-25 04:32:16.083557', 174);
INSERT INTO "stock_movement" ("id", "organization_id", "branch_id", "warehouse_id", "product_id", "movement_type", "reference_type", "reference_id", "reference_number", "direction", "uom_id", "quantity", "base_quantity", "unit_cost", "total_cost", "movement_at", "created_at", "created_by", "updated_at", "updated_by") VALUES (87, 33, 72, 144, 42, 'OPENING_STOCK', 'OPENING', 1, 'OPEN-2025', 'IN', 5, 1.000000, 1.000000, 5050.000000, 5050.000000, '2025-03-01 09:10:00', '2026-03-25 04:32:16.083557', 174, '2026-03-25 04:32:16.083557', 174);
INSERT INTO "stock_movement" ("id", "organization_id", "branch_id", "warehouse_id", "product_id", "movement_type", "reference_type", "reference_id", "reference_number", "direction", "uom_id", "quantity", "base_quantity", "unit_cost", "total_cost", "movement_at", "created_at", "created_by", "updated_at", "updated_by") VALUES (88, 33, 73, 142, 43, 'OPENING_STOCK', 'OPENING', 1, 'OPEN-2025', 'IN', 5, 2.000000, 2.000000, 9800.000000, 19600.000000, '2025-03-01 09:15:00', '2026-03-25 04:32:16.083557', 174, '2026-03-25 04:32:16.083557', 174);
INSERT INTO "stock_movement" ("id", "organization_id", "branch_id", "warehouse_id", "product_id", "movement_type", "reference_type", "reference_id", "reference_number", "direction", "uom_id", "quantity", "base_quantity", "unit_cost", "total_cost", "movement_at", "created_at", "created_by", "updated_at", "updated_by") VALUES (89, 33, 72, 144, 43, 'OPENING_STOCK', 'OPENING', 1, 'OPEN-2025', 'IN', 5, 1.000000, 1.000000, 9900.000000, 9900.000000, '2025-03-01 09:20:00', '2026-03-25 04:32:16.083557', 174, '2026-03-25 04:32:16.083557', 174);
INSERT INTO "stock_movement" ("id", "organization_id", "branch_id", "warehouse_id", "product_id", "movement_type", "reference_type", "reference_id", "reference_number", "direction", "uom_id", "quantity", "base_quantity", "unit_cost", "total_cost", "movement_at", "created_at", "created_by", "updated_at", "updated_by") VALUES (90, 33, 73, 142, 44, 'OPENING_STOCK', 'OPENING', 1, 'OPEN-2025', 'IN', 11, 500.000000, 500.000000, 70.000000, 35000.000000, '2025-03-01 09:30:00', '2026-03-25 04:32:16.083557', 174, '2026-03-25 04:32:16.083557', 174);
INSERT INTO "stock_movement" ("id", "organization_id", "branch_id", "warehouse_id", "product_id", "movement_type", "reference_type", "reference_id", "reference_number", "direction", "uom_id", "quantity", "base_quantity", "unit_cost", "total_cost", "movement_at", "created_at", "created_by", "updated_at", "updated_by") VALUES (91, 33, 73, 142, 45, 'OPENING_STOCK', 'OPENING', 1, 'OPEN-2025', 'IN', 9, 120.000000, 120.000000, 35.000000, 4200.000000, '2025-03-01 09:40:00', '2026-03-25 04:32:16.083557', 174, '2026-03-25 04:32:16.083557', 174);
INSERT INTO "stock_movement" ("id", "organization_id", "branch_id", "warehouse_id", "product_id", "movement_type", "reference_type", "reference_id", "reference_number", "direction", "uom_id", "quantity", "base_quantity", "unit_cost", "total_cost", "movement_at", "created_at", "created_by", "updated_at", "updated_by") VALUES (92, 33, 72, 144, 41, 'OPENING_STOCK', 'OPENING', 1, 'OPEN-2025', 'IN', 5, 240.000000, 240.000000, 60.000000, 14400.000000, '2025-03-01 09:50:00', '2026-03-25 04:32:16.083557', 174, '2026-03-25 04:32:16.083557', 174);
INSERT INTO "stock_movement" ("id", "organization_id", "branch_id", "warehouse_id", "product_id", "movement_type", "reference_type", "reference_id", "reference_number", "direction", "uom_id", "quantity", "base_quantity", "unit_cost", "total_cost", "movement_at", "created_at", "created_by", "updated_at", "updated_by") VALUES (93, 34, 75, 148, 47, 'OPENING_STOCK', 'OPENING', 1, 'OPEN-2025', 'IN', 5, 1.000000, 1.000000, 1650.000000, 1650.000000, '2025-03-01 10:00:00', '2026-03-25 04:32:16.083557', 178, '2026-03-25 04:32:16.083557', 178);
INSERT INTO "stock_movement" ("id", "organization_id", "branch_id", "warehouse_id", "product_id", "movement_type", "reference_type", "reference_id", "reference_number", "direction", "uom_id", "quantity", "base_quantity", "unit_cost", "total_cost", "movement_at", "created_at", "created_by", "updated_at", "updated_by") VALUES (94, 34, 74, 149, 47, 'OPENING_STOCK', 'OPENING', 1, 'OPEN-2025', 'IN', 5, 2.000000, 2.000000, 1680.000000, 3360.000000, '2025-03-01 10:10:00', '2026-03-25 04:32:16.083557', 178, '2026-03-25 04:32:16.083557', 178);
INSERT INTO "stock_movement" ("id", "organization_id", "branch_id", "warehouse_id", "product_id", "movement_type", "reference_type", "reference_id", "reference_number", "direction", "uom_id", "quantity", "base_quantity", "unit_cost", "total_cost", "movement_at", "created_at", "created_by", "updated_at", "updated_by") VALUES (95, 34, 75, 148, 46, 'OPENING_STOCK', 'OPENING', 1, 'OPEN-2025', 'IN', 5, 80.000000, 80.000000, 420.000000, 33600.000000, '2025-03-01 10:20:00', '2026-03-25 04:32:16.083557', 178, '2026-03-25 04:32:16.083557', 178);
INSERT INTO "stock_movement" ("id", "organization_id", "branch_id", "warehouse_id", "product_id", "movement_type", "reference_type", "reference_id", "reference_number", "direction", "uom_id", "quantity", "base_quantity", "unit_cost", "total_cost", "movement_at", "created_at", "created_by", "updated_at", "updated_by") VALUES (96, 34, 74, 149, 48, 'OPENING_STOCK', 'OPENING', 1, 'OPEN-2025', 'IN', 11, 900.000000, 900.000000, 15.500000, 13950.000000, '2025-03-01 10:30:00', '2026-03-25 04:32:16.083557', 178, '2026-03-25 04:32:16.083557', 178);
INSERT INTO "stock_movement" ("id", "organization_id", "branch_id", "warehouse_id", "product_id", "movement_type", "reference_type", "reference_id", "reference_number", "direction", "uom_id", "quantity", "base_quantity", "unit_cost", "total_cost", "movement_at", "created_at", "created_by", "updated_at", "updated_by") VALUES (97, 34, 75, 148, 49, 'OPENING_STOCK', 'OPENING', 1, 'OPEN-2025', 'IN', 5, 70.000000, 70.000000, 250.000000, 17500.000000, '2025-03-01 10:40:00', '2026-03-25 04:32:16.083557', 178, '2026-03-25 04:32:16.083557', 178);
INSERT INTO "stock_movement" ("id", "organization_id", "branch_id", "warehouse_id", "product_id", "movement_type", "reference_type", "reference_id", "reference_number", "direction", "uom_id", "quantity", "base_quantity", "unit_cost", "total_cost", "movement_at", "created_at", "created_by", "updated_at", "updated_by") VALUES (98, 34, 74, 149, 50, 'OPENING_STOCK', 'OPENING', 1, 'OPEN-2025', 'IN', 5, 600.000000, 600.000000, 22.000000, 13200.000000, '2025-03-01 10:50:00', '2026-03-25 04:32:16.083557', 178, '2026-03-25 04:32:16.083557', 178);
INSERT INTO "stock_movement" ("id", "organization_id", "branch_id", "warehouse_id", "product_id", "movement_type", "reference_type", "reference_id", "reference_number", "direction", "uom_id", "quantity", "base_quantity", "unit_cost", "total_cost", "movement_at", "created_at", "created_by", "updated_at", "updated_by") VALUES (99, 33, 73, 142, 44, 'PURCHASE_RECEIPT', 'PURCHASE_RECEIPT', 7, 'GRN-SPC-00001', 'IN', 11, 100.000000, 100.000000, 64.000000, 6400.000000, '2026-02-28 17:45:00', '2026-03-25 04:32:16.083557', 174, '2026-03-25 04:32:16.083557', 174);
INSERT INTO "stock_movement" ("id", "organization_id", "branch_id", "warehouse_id", "product_id", "movement_type", "reference_type", "reference_id", "reference_number", "direction", "uom_id", "quantity", "base_quantity", "unit_cost", "total_cost", "movement_at", "created_at", "created_by", "updated_at", "updated_by") VALUES (100, 33, 73, 142, 43, 'PURCHASE_RECEIPT', 'PURCHASE_RECEIPT', 7, 'GRN-SPC-00001', 'IN', 5, 1.000000, 1.000000, 9800.000000, 9800.000000, '2026-02-28 17:45:00', '2026-03-25 04:32:16.083557', 174, '2026-03-25 04:32:16.083557', 174);
INSERT INTO "stock_movement" ("id", "organization_id", "branch_id", "warehouse_id", "product_id", "movement_type", "reference_type", "reference_id", "reference_number", "direction", "uom_id", "quantity", "base_quantity", "unit_cost", "total_cost", "movement_at", "created_at", "created_by", "updated_at", "updated_by") VALUES (101, 33, 73, 142, 42, 'PURCHASE_RECEIPT', 'PURCHASE_RECEIPT', 7, 'GRN-SPC-00001', 'IN', 5, 2.000000, 2.000000, 4900.000000, 9800.000000, '2026-02-28 17:45:00', '2026-03-25 04:32:16.083557', 174, '2026-03-25 04:32:16.083557', 174);
INSERT INTO "stock_movement" ("id", "organization_id", "branch_id", "warehouse_id", "product_id", "movement_type", "reference_type", "reference_id", "reference_number", "direction", "uom_id", "quantity", "base_quantity", "unit_cost", "total_cost", "movement_at", "created_at", "created_by", "updated_at", "updated_by") VALUES (102, 34, 75, 148, 47, 'PURCHASE_RECEIPT', 'PURCHASE_RECEIPT', 8, 'GRN-UHL-00001', 'IN', 5, 3.000000, 3.000000, 1650.000000, 4950.000000, '2026-03-01 18:10:00', '2026-03-25 04:32:16.083557', 178, '2026-03-25 04:32:16.083557', 178);
INSERT INTO "stock_movement" ("id", "organization_id", "branch_id", "warehouse_id", "product_id", "movement_type", "reference_type", "reference_id", "reference_number", "direction", "uom_id", "quantity", "base_quantity", "unit_cost", "total_cost", "movement_at", "created_at", "created_by", "updated_at", "updated_by") VALUES (103, 34, 75, 148, 50, 'PURCHASE_RECEIPT', 'PURCHASE_RECEIPT', 8, 'GRN-UHL-00001', 'IN', 3, 8.000000, 160.000000, 380.000000, 60800.000000, '2026-03-01 18:10:00', '2026-03-25 04:32:16.083557', 178, '2026-03-25 04:32:16.083557', 178);
INSERT INTO "stock_movement" ("id", "organization_id", "branch_id", "warehouse_id", "product_id", "movement_type", "reference_type", "reference_id", "reference_number", "direction", "uom_id", "quantity", "base_quantity", "unit_cost", "total_cost", "movement_at", "created_at", "created_by", "updated_at", "updated_by") VALUES (104, 34, 75, 148, 49, 'PURCHASE_RECEIPT', 'PURCHASE_RECEIPT', 8, 'GRN-UHL-00001', 'IN', 5, 20.000000, 20.000000, 240.000000, 4800.000000, '2026-03-01 18:10:00', '2026-03-25 04:32:16.083557', 178, '2026-03-25 04:32:16.083557', 178);
INSERT INTO "stock_movement" ("id", "organization_id", "branch_id", "warehouse_id", "product_id", "movement_type", "reference_type", "reference_id", "reference_number", "direction", "uom_id", "quantity", "base_quantity", "unit_cost", "total_cost", "movement_at", "created_at", "created_by", "updated_at", "updated_by") VALUES (105, 34, 75, 148, 46, 'PURCHASE_RECEIPT', 'PURCHASE_RECEIPT', 8, 'GRN-UHL-00001', 'IN', 5, 50.000000, 50.000000, 410.000000, 20500.000000, '2026-03-01 18:10:00', '2026-03-25 04:32:16.083557', 178, '2026-03-25 04:32:16.083557', 178);
INSERT INTO "stock_movement" ("id", "organization_id", "branch_id", "warehouse_id", "product_id", "movement_type", "reference_type", "reference_id", "reference_number", "direction", "uom_id", "quantity", "base_quantity", "unit_cost", "total_cost", "movement_at", "created_at", "created_by", "updated_at", "updated_by") VALUES (106, 33, 71, 142, 41, 'SALES_INVOICE', 'SALES_INVOICE', 9, 'INV-SPC-00002', 'OUT', 4, 6.000000, 72.000000, 60.000000, 4320.000000, '2026-03-05 18:20:00', '2026-03-25 04:32:16.083557', 170, '2026-03-25 04:32:16.083557', 170);
INSERT INTO "stock_movement" ("id", "organization_id", "branch_id", "warehouse_id", "product_id", "movement_type", "reference_type", "reference_id", "reference_number", "direction", "uom_id", "quantity", "base_quantity", "unit_cost", "total_cost", "movement_at", "created_at", "created_by", "updated_at", "updated_by") VALUES (107, 33, 71, 142, 45, 'SALES_INVOICE', 'SALES_INVOICE', 9, 'INV-SPC-00002', 'OUT', 9, 20.000000, 20.000000, 35.000000, 700.000000, '2026-03-05 18:20:00', '2026-03-25 04:32:16.083557', 170, '2026-03-25 04:32:16.083557', 170);
INSERT INTO "stock_movement" ("id", "organization_id", "branch_id", "warehouse_id", "product_id", "movement_type", "reference_type", "reference_id", "reference_number", "direction", "uom_id", "quantity", "base_quantity", "unit_cost", "total_cost", "movement_at", "created_at", "created_by", "updated_at", "updated_by") VALUES (108, 33, 71, 142, 44, 'SALES_INVOICE', 'SALES_INVOICE', 9, 'INV-SPC-00002', 'OUT', 11, 80.000000, 80.000000, 70.000000, 5600.000000, '2026-03-05 18:20:00', '2026-03-25 04:32:16.083557', 170, '2026-03-25 04:32:16.083557', 170);
INSERT INTO "stock_movement" ("id", "organization_id", "branch_id", "warehouse_id", "product_id", "movement_type", "reference_type", "reference_id", "reference_number", "direction", "uom_id", "quantity", "base_quantity", "unit_cost", "total_cost", "movement_at", "created_at", "created_by", "updated_at", "updated_by") VALUES (109, 33, 72, 144, 43, 'SALES_INVOICE', 'SALES_INVOICE', 10, 'INV-SPC-00001', 'OUT', 5, 1.000000, 1.000000, 9900.000000, 9900.000000, '2026-03-03 12:55:00', '2026-03-25 04:32:16.083557', 173, '2026-03-25 04:32:16.083557', 173);
INSERT INTO "stock_movement" ("id", "organization_id", "branch_id", "warehouse_id", "product_id", "movement_type", "reference_type", "reference_id", "reference_number", "direction", "uom_id", "quantity", "base_quantity", "unit_cost", "total_cost", "movement_at", "created_at", "created_by", "updated_at", "updated_by") VALUES (110, 33, 72, 144, 42, 'SALES_INVOICE', 'SALES_INVOICE', 10, 'INV-SPC-00001', 'OUT', 5, 1.000000, 1.000000, 5050.000000, 5050.000000, '2026-03-03 12:55:00', '2026-03-25 04:32:16.083557', 173, '2026-03-25 04:32:16.083557', 173);
INSERT INTO "stock_movement" ("id", "organization_id", "branch_id", "warehouse_id", "product_id", "movement_type", "reference_type", "reference_id", "reference_number", "direction", "uom_id", "quantity", "base_quantity", "unit_cost", "total_cost", "movement_at", "created_at", "created_by", "updated_at", "updated_by") VALUES (111, 34, 74, 149, 47, 'SALES_INVOICE', 'SALES_INVOICE', 11, 'INV-UHL-00001', 'OUT', 5, 1.000000, 1.000000, 1680.000000, 1680.000000, '2026-03-07 19:55:00', '2026-03-25 04:32:16.083557', 181, '2026-03-25 04:32:16.083557', 181);
INSERT INTO "stock_movement" ("id", "organization_id", "branch_id", "warehouse_id", "product_id", "movement_type", "reference_type", "reference_id", "reference_number", "direction", "uom_id", "quantity", "base_quantity", "unit_cost", "total_cost", "movement_at", "created_at", "created_by", "updated_at", "updated_by") VALUES (112, 34, 74, 149, 50, 'SALES_INVOICE', 'SALES_INVOICE', 11, 'INV-UHL-00001', 'OUT', 3, 1.000000, 20.000000, 22.000000, 440.000000, '2026-03-07 19:55:00', '2026-03-25 04:32:16.083557', 181, '2026-03-25 04:32:16.083557', 181);
INSERT INTO "stock_movement" ("id", "organization_id", "branch_id", "warehouse_id", "product_id", "movement_type", "reference_type", "reference_id", "reference_number", "direction", "uom_id", "quantity", "base_quantity", "unit_cost", "total_cost", "movement_at", "created_at", "created_by", "updated_at", "updated_by") VALUES (113, 34, 74, 149, 48, 'SALES_INVOICE', 'SALES_INVOICE', 11, 'INV-UHL-00001', 'OUT', 11, 60.000000, 60.000000, 15.500000, 930.000000, '2026-03-07 19:55:00', '2026-03-25 04:32:16.083557', 181, '2026-03-25 04:32:16.083557', 181);
INSERT INTO "stock_movement" ("id", "organization_id", "branch_id", "warehouse_id", "product_id", "movement_type", "reference_type", "reference_id", "reference_number", "direction", "uom_id", "quantity", "base_quantity", "unit_cost", "total_cost", "movement_at", "created_at", "created_by", "updated_at", "updated_by") VALUES (114, 34, 74, 149, 46, 'SALES_INVOICE', 'SALES_INVOICE', 11, 'INV-UHL-00001', 'OUT', 5, 4.000000, 4.000000, 420.000000, 1680.000000, '2026-03-07 19:55:00', '2026-03-25 04:32:16.083557', 181, '2026-03-25 04:32:16.083557', 181);
INSERT INTO "stock_movement" ("id", "organization_id", "branch_id", "warehouse_id", "product_id", "movement_type", "reference_type", "reference_id", "reference_number", "direction", "uom_id", "quantity", "base_quantity", "unit_cost", "total_cost", "movement_at", "created_at", "created_by", "updated_at", "updated_by") VALUES (115, 34, 74, 149, 47, 'RESERVATION', 'SALES_INVOICE', 12, 'INV-UHL-00002', 'OUT', 5, 1.000000, 1.000000, 1680.000000, 1680.000000, '2026-03-25 04:32:16.083557', '2026-03-25 04:32:16.083557', 181, '2026-03-25 04:32:16.083557', 181);
INSERT INTO "stock_movement" ("id", "organization_id", "branch_id", "warehouse_id", "product_id", "movement_type", "reference_type", "reference_id", "reference_number", "direction", "uom_id", "quantity", "base_quantity", "unit_cost", "total_cost", "movement_at", "created_at", "created_by", "updated_at", "updated_by") VALUES (116, 33, 73, 142, 51, 'OPENING_STOCK', 'OPENING', 1, 'OPEN-DEMO-SHARED', 'IN', 5, 18.000000, 18.000000, 610.000000, 10980.000000, '2026-03-01 11:30:00', '2026-03-29 16:35:13.535523', 174, '2026-03-29 16:35:13.535523', 174);
INSERT INTO "stock_movement" ("id", "organization_id", "branch_id", "warehouse_id", "product_id", "movement_type", "reference_type", "reference_id", "reference_number", "direction", "uom_id", "quantity", "base_quantity", "unit_cost", "total_cost", "movement_at", "created_at", "created_by", "updated_at", "updated_by") VALUES (117, 34, 75, 148, 52, 'OPENING_STOCK', 'OPENING', 1, 'OPEN-DEMO-SHARED', 'IN', 5, 25.000000, 25.000000, 665.000000, 16625.000000, '2026-03-01 11:30:00', '2026-03-29 16:35:13.535523', 178, '2026-03-29 16:35:13.535523', 178);
INSERT INTO "stock_movement" ("id", "organization_id", "branch_id", "warehouse_id", "product_id", "movement_type", "reference_type", "reference_id", "reference_number", "direction", "uom_id", "quantity", "base_quantity", "unit_cost", "total_cost", "movement_at", "created_at", "created_by", "updated_at", "updated_by") VALUES (118, 33, 73, 142, 51, 'SALES_INVOICE', 'sales_invoice', 15, 'INV-20260329-1774789091050', 'OUT', 5, 2.000000, 2.000000, 0.000000, 0.000000, '2026-03-29 18:28:11.167873', '2026-03-29 18:28:11.168201', 168, '2026-03-29 18:28:11.168201', 168);
INSERT INTO "stock_movement" ("id", "organization_id", "branch_id", "warehouse_id", "product_id", "movement_type", "reference_type", "reference_id", "reference_number", "direction", "uom_id", "quantity", "base_quantity", "unit_cost", "total_cost", "movement_at", "created_at", "created_by", "updated_at", "updated_by") VALUES (119, 33, 73, 142, 44, 'SALES_INVOICE', 'sales_invoice', 15, 'INV-20260329-1774789091050', 'OUT', 11, 12.000000, 12.000000, 0.000000, 0.000000, '2026-03-29 18:28:11.226314', '2026-03-29 18:28:11.226364', 168, '2026-03-29 18:28:11.226364', 168);
INSERT INTO "stock_movement" ("id", "organization_id", "branch_id", "warehouse_id", "product_id", "movement_type", "reference_type", "reference_id", "reference_number", "direction", "uom_id", "quantity", "base_quantity", "unit_cost", "total_cost", "movement_at", "created_at", "created_by", "updated_at", "updated_by") VALUES (120, 33, 71, 142, 51, 'SALES_INVOICE', 'SALES_INVOICE', 16, 'INV-SPC-00003', 'OUT', 5, 2.000000, 2.000000, 610.000000, 1220.000000, '2026-03-14 14:35:00', '2026-03-29 18:34:01.206794', 168, '2026-03-29 18:34:01.206794', 168);
INSERT INTO "stock_movement" ("id", "organization_id", "branch_id", "warehouse_id", "product_id", "movement_type", "reference_type", "reference_id", "reference_number", "direction", "uom_id", "quantity", "base_quantity", "unit_cost", "total_cost", "movement_at", "created_at", "created_by", "updated_at", "updated_by") VALUES (121, 33, 71, 142, 44, 'SALES_INVOICE', 'SALES_INVOICE', 16, 'INV-SPC-00003', 'OUT', 11, 12.000000, 12.000000, 70.000000, 840.000000, '2026-03-14 14:35:00', '2026-03-29 18:34:01.206794', 168, '2026-03-29 18:34:01.206794', 168);
INSERT INTO "stock_movement" ("id", "organization_id", "branch_id", "warehouse_id", "product_id", "movement_type", "reference_type", "reference_id", "reference_number", "direction", "uom_id", "quantity", "base_quantity", "unit_cost", "total_cost", "movement_at", "created_at", "created_by", "updated_at", "updated_by") VALUES (122, 33, 71, 142, 51, 'ADJUSTMENT_IN', 'stock_adjustment', 5, 'ADJ-20260329-1774795574973', 'IN', 5, 5.000000, 5.000000, 500.000000, 2500.000000, '2026-03-29 20:16:14.99351', '2026-03-29 20:16:14.993651', 168, '2026-03-29 20:16:14.993651', 168);
INSERT INTO "stock_movement" ("id", "organization_id", "branch_id", "warehouse_id", "product_id", "movement_type", "reference_type", "reference_id", "reference_number", "direction", "uom_id", "quantity", "base_quantity", "unit_cost", "total_cost", "movement_at", "created_at", "created_by", "updated_at", "updated_by") VALUES (123, 33, 71, 142, 51, 'SALES_INVOICE', 'sales_invoice', 26, 'INV-20260329-1774795575062', 'OUT', 5, 1.000000, 1.000000, 0.000000, 0.000000, '2026-03-29 20:16:15.114753', '2026-03-29 20:16:15.114803', 168, '2026-03-29 20:16:15.114803', 168);
INSERT INTO "stock_movement" ("id", "organization_id", "branch_id", "warehouse_id", "product_id", "movement_type", "reference_type", "reference_id", "reference_number", "direction", "uom_id", "quantity", "base_quantity", "unit_cost", "total_cost", "movement_at", "created_at", "created_by", "updated_at", "updated_by") VALUES (124, 33, 73, 142, 45, 'SALES_INVOICE', 'sales_invoice', 34, 'INV-20260329-1774796323171', 'OUT', 9, 2.000000, 2.000000, 0.000000, 0.000000, '2026-03-29 20:28:43.201574', '2026-03-29 20:28:43.201875', 168, '2026-03-29 20:28:43.201875', 168);
INSERT INTO "stock_movement" ("id", "organization_id", "branch_id", "warehouse_id", "product_id", "movement_type", "reference_type", "reference_id", "reference_number", "direction", "uom_id", "quantity", "base_quantity", "unit_cost", "total_cost", "movement_at", "created_at", "created_by", "updated_at", "updated_by") VALUES (125, 33, 73, 142, 42, 'SALES_INVOICE', 'sales_invoice', 36, 'INV-20260329-1774796479238', 'OUT', 5, 1.000000, 1.000000, 0.000000, 0.000000, '2026-03-29 20:31:19.309329', '2026-03-29 20:31:19.309532', 168, '2026-03-29 20:31:19.309532', 168);

-- changeset sameerkhan:1775937591491-28
INSERT INTO "stock_movement_serial" ("id", "stock_movement_id", "serial_number_id", "created_at", "created_by", "updated_at", "updated_by") VALUES (37, 86, 49, '2026-03-25 04:32:16.083557', 174, '2026-03-25 04:32:16.083557', 174);
INSERT INTO "stock_movement_serial" ("id", "stock_movement_id", "serial_number_id", "created_at", "created_by", "updated_at", "updated_by") VALUES (38, 86, 50, '2026-03-25 04:32:16.083557', 174, '2026-03-25 04:32:16.083557', 174);
INSERT INTO "stock_movement_serial" ("id", "stock_movement_id", "serial_number_id", "created_at", "created_by", "updated_at", "updated_by") VALUES (39, 87, 51, '2026-03-25 04:32:16.083557', 174, '2026-03-25 04:32:16.083557', 174);
INSERT INTO "stock_movement_serial" ("id", "stock_movement_id", "serial_number_id", "created_at", "created_by", "updated_at", "updated_by") VALUES (40, 88, 52, '2026-03-25 04:32:16.083557', 174, '2026-03-25 04:32:16.083557', 174);
INSERT INTO "stock_movement_serial" ("id", "stock_movement_id", "serial_number_id", "created_at", "created_by", "updated_at", "updated_by") VALUES (41, 88, 53, '2026-03-25 04:32:16.083557', 174, '2026-03-25 04:32:16.083557', 174);
INSERT INTO "stock_movement_serial" ("id", "stock_movement_id", "serial_number_id", "created_at", "created_by", "updated_at", "updated_by") VALUES (42, 89, 54, '2026-03-25 04:32:16.083557', 174, '2026-03-25 04:32:16.083557', 174);
INSERT INTO "stock_movement_serial" ("id", "stock_movement_id", "serial_number_id", "created_at", "created_by", "updated_at", "updated_by") VALUES (43, 93, 55, '2026-03-25 04:32:16.083557', 178, '2026-03-25 04:32:16.083557', 178);
INSERT INTO "stock_movement_serial" ("id", "stock_movement_id", "serial_number_id", "created_at", "created_by", "updated_at", "updated_by") VALUES (44, 94, 56, '2026-03-25 04:32:16.083557', 178, '2026-03-25 04:32:16.083557', 178);
INSERT INTO "stock_movement_serial" ("id", "stock_movement_id", "serial_number_id", "created_at", "created_by", "updated_at", "updated_by") VALUES (45, 94, 57, '2026-03-25 04:32:16.083557', 178, '2026-03-25 04:32:16.083557', 178);

-- changeset sameerkhan:1775937591491-29
INSERT INTO "stock_movement_batch" ("id", "stock_movement_id", "batch_id", "quantity", "base_quantity", "created_at", "created_by", "updated_at", "updated_by") VALUES (17, 91, 19, 120.000000, 120.000000, '2026-03-25 04:32:16.083557', 174, '2026-03-25 04:32:16.083557', 174);
INSERT INTO "stock_movement_batch" ("id", "stock_movement_id", "batch_id", "quantity", "base_quantity", "created_at", "created_by", "updated_at", "updated_by") VALUES (18, 92, 20, 240.000000, 240.000000, '2026-03-25 04:32:16.083557', 174, '2026-03-25 04:32:16.083557', 174);
INSERT INTO "stock_movement_batch" ("id", "stock_movement_id", "batch_id", "quantity", "base_quantity", "created_at", "created_by", "updated_at", "updated_by") VALUES (19, 97, 21, 70.000000, 70.000000, '2026-03-25 04:32:16.083557', 178, '2026-03-25 04:32:16.083557', 178);
INSERT INTO "stock_movement_batch" ("id", "stock_movement_id", "batch_id", "quantity", "base_quantity", "created_at", "created_by", "updated_at", "updated_by") VALUES (20, 98, 22, 600.000000, 600.000000, '2026-03-25 04:32:16.083557', 178, '2026-03-25 04:32:16.083557', 178);

-- changeset sameerkhan:1775937591491-30
INSERT INTO "inventory_reservation" ("id", "organization_id", "branch_id", "warehouse_id", "product_id", "source_document_type", "source_document_id", "source_document_line_id", "reserved_base_quantity", "status", "created_at", "created_by", "updated_at", "updated_by", "batch_id", "serial_number_id", "expires_at", "released_at", "release_reason") VALUES (3, 33, 73, 142, 51, 'sales_invoice', 15, 33, 2.000000, 'CONSUMED', '2026-03-29 18:28:11.09539', 168, '2026-03-29 18:28:11.041019', 168, NULL, NULL, '2026-03-29 20:28:11.094933', NULL, NULL);
INSERT INTO "inventory_reservation" ("id", "organization_id", "branch_id", "warehouse_id", "product_id", "source_document_type", "source_document_id", "source_document_line_id", "reserved_base_quantity", "status", "created_at", "created_by", "updated_at", "updated_by", "batch_id", "serial_number_id", "expires_at", "released_at", "release_reason") VALUES (4, 33, 73, 142, 44, 'sales_invoice', 15, 34, 12.000000, 'CONSUMED', '2026-03-29 18:28:11.118751', 168, '2026-03-29 18:28:11.041019', 168, NULL, NULL, '2026-03-29 20:28:11.118574', NULL, NULL);
INSERT INTO "inventory_reservation" ("id", "organization_id", "branch_id", "warehouse_id", "product_id", "source_document_type", "source_document_id", "source_document_line_id", "reserved_base_quantity", "status", "created_at", "created_by", "updated_at", "updated_by", "batch_id", "serial_number_id", "expires_at", "released_at", "release_reason") VALUES (5, 33, 71, 142, 51, 'sales_invoice', 26, 43, 1.000000, 'CONSUMED', '2026-03-29 20:16:15.100892', 168, '2026-03-29 20:16:15.045481', 168, NULL, NULL, '2026-03-29 13:46:15.100683', NULL, NULL);
INSERT INTO "inventory_reservation" ("id", "organization_id", "branch_id", "warehouse_id", "product_id", "source_document_type", "source_document_id", "source_document_line_id", "reserved_base_quantity", "status", "created_at", "created_by", "updated_at", "updated_by", "batch_id", "serial_number_id", "expires_at", "released_at", "release_reason") VALUES (7, 33, 73, 142, 42, 'sales_invoice', 33, 47, 1.000000, 'CONSUMED', '2026-03-29 20:28:08.369567', 168, '2026-03-29 20:28:08.326459', 168, NULL, 49, '2026-03-29 22:28:08.369122', NULL, NULL);
INSERT INTO "inventory_reservation" ("id", "organization_id", "branch_id", "warehouse_id", "product_id", "source_document_type", "source_document_id", "source_document_line_id", "reserved_base_quantity", "status", "created_at", "created_by", "updated_at", "updated_by", "batch_id", "serial_number_id", "expires_at", "released_at", "release_reason") VALUES (8, 33, 73, 142, 45, 'sales_invoice', 34, 48, 2.000000, 'CONSUMED', '2026-03-29 20:28:43.188252', 168, '2026-03-29 20:28:43.158565', 168, 19, NULL, '2026-03-29 22:28:43.188199', NULL, NULL);
INSERT INTO "inventory_reservation" ("id", "organization_id", "branch_id", "warehouse_id", "product_id", "source_document_type", "source_document_id", "source_document_line_id", "reserved_base_quantity", "status", "created_at", "created_by", "updated_at", "updated_by", "batch_id", "serial_number_id", "expires_at", "released_at", "release_reason") VALUES (9, 33, 73, 142, 42, 'sales_invoice', 36, 49, 1.000000, 'CONSUMED', '2026-03-29 20:31:19.263366', 168, '2026-03-29 20:31:19.223303', 168, NULL, 50, '2026-03-29 22:31:19.262955', NULL, NULL);
INSERT INTO "inventory_reservation" ("id", "organization_id", "branch_id", "warehouse_id", "product_id", "source_document_type", "source_document_id", "source_document_line_id", "reserved_base_quantity", "status", "created_at", "created_by", "updated_at", "updated_by", "batch_id", "serial_number_id", "expires_at", "released_at", "release_reason") VALUES (2, 34, 74, 149, 47, 'SALES_INVOICE', 12, 30, 1.000000, 'RELEASED', '2026-03-25 04:32:16.083557', 181, '2026-03-29 20:38:54.336341', 181, NULL, NULL, '2026-03-25 06:32:16.083557', '2026-03-29 20:38:54.301195', 'EXPIRED_STALE_BALANCE');

-- changeset sameerkhan:1775937591491-31
INSERT INTO "stock_transfer" ("id", "organization_id", "branch_id", "from_warehouse_id", "to_warehouse_id", "transfer_number", "transfer_date", "status", "remarks", "created_at", "created_by", "updated_at", "updated_by") VALUES (2, 33, 73, 142, 144, 'TRN-SPC-00001', '2026-03-04', 'POSTED', 'Move inverter from HQ to Jamnagar store', '2026-03-25 04:32:16.083557', 170, '2026-03-25 04:32:16.083557', 170);

-- changeset sameerkhan:1775937591491-32
INSERT INTO "stock_transfer_line" ("id", "stock_transfer_id", "product_id", "uom_id", "quantity", "base_quantity", "created_at", "created_by", "updated_at", "updated_by") VALUES (2, 2, 42, 5, 1.000000, 1.000000, '2026-03-25 04:32:16.083557', 170, '2026-03-25 04:32:16.083557', 170);

-- changeset sameerkhan:1775937591491-33
INSERT INTO "stock_adjustment" ("id", "organization_id", "branch_id", "warehouse_id", "adjustment_number", "adjustment_date", "reason", "status", "remarks", "created_at", "created_by", "updated_at", "updated_by") VALUES (2, 34, 75, 148, 'ADJ-UHL-00001', '2026-03-08', 'Damaged one LED strip during handling', 'POSTED', NULL, '2026-03-25 04:32:16.083557', 178, '2026-03-25 04:32:16.083557', 178);
INSERT INTO "stock_adjustment" ("id", "organization_id", "branch_id", "warehouse_id", "adjustment_number", "adjustment_date", "reason", "status", "remarks", "created_at", "created_by", "updated_at", "updated_by") VALUES (5, 33, 71, 142, 'ADJ-20260329-1774795574973', '2026-03-29', 'Recurring invoice verification stock', 'POSTED', NULL, '2026-03-29 20:16:14.973779', 168, '2026-03-29 20:16:14.974204', 168);

-- changeset sameerkhan:1775937591491-34
INSERT INTO "stock_adjustment_line" ("id", "stock_adjustment_id", "product_id", "uom_id", "quantity_delta", "base_quantity_delta", "unit_cost", "line_reason", "created_at", "created_by", "updated_at", "updated_by") VALUES (2, 2, 49, 5, -1.000000, -1.000000, 250.000000, 'Physical damage', '2026-03-25 04:32:16.083557', 178, '2026-03-25 04:32:16.083557', 178);
INSERT INTO "stock_adjustment_line" ("id", "stock_adjustment_id", "product_id", "uom_id", "quantity_delta", "base_quantity_delta", "unit_cost", "line_reason", "created_at", "created_by", "updated_at", "updated_by") VALUES (3, 5, 51, 5, 5.000000, 5.000000, 500.000000, 'Recurring invoice verification stock', '2026-03-29 20:16:14.977146', 168, '2026-03-29 20:16:14.977146', 168);

-- changeset sameerkhan:1775937591491-34-1
INSERT INTO "tax_registration" ("id", "organization_id", "branch_id", "registration_type", "registration_name", "legal_name", "gstin", "registration_state_code", "registration_state_name", "effective_from", "effective_to", "is_default", "is_active", "created_at", "created_by", "updated_at", "updated_by") VALUES (1, 34, NULL, 'GST', 'Urban Home Lights', 'Urban Home Lights LLP', '24AAAFU5678R1Z2', '24', NULL, '2026-03-25', NULL, TRUE, TRUE, '2026-03-25 20:26:26.070128', NULL, '2026-03-25 20:26:26.070128', NULL) ON CONFLICT ("id") DO NOTHING;
INSERT INTO "tax_registration" ("id", "organization_id", "branch_id", "registration_type", "registration_name", "legal_name", "gstin", "registration_state_code", "registration_state_name", "effective_from", "effective_to", "is_default", "is_active", "created_at", "created_by", "updated_at", "updated_by") VALUES (2, 33, NULL, 'GST', 'Shakti Power Centre', 'Shakti Power Centre Private Limited', '24AAVCS1234Q1Z5', '24', NULL, '2026-03-25', NULL, TRUE, TRUE, '2026-03-25 20:26:26.070128', NULL, '2026-03-25 20:26:26.070128', NULL) ON CONFLICT ("id") DO NOTHING;

-- changeset sameerkhan:1775937591491-35
INSERT INTO "purchase_order" ("id", "organization_id", "branch_id", "supplier_id", "po_number", "po_date", "status", "subtotal", "tax_amount", "total_amount", "remarks", "submitted_at", "submitted_by", "approved_at", "approved_by", "cancelled_at", "cancelled_by", "cancel_reason", "created_at", "created_by", "updated_at", "updated_by", "seller_tax_registration_id", "seller_gstin", "supplier_gstin", "place_of_supply_state_code") VALUES (10, 34, 75, 39, 'PO-UHL-00001', '2026-02-27', 'APPROVED', 47000.00, 8460.00, 55460.00, 'Panel and strip procurement', '2026-02-27 10:30:00', 178, '2026-02-27 13:00:00', 176, NULL, NULL, NULL, '2026-03-25 04:32:16.083557', 178, '2026-03-25 21:18:49.460367', 178, 1, '24AAAFU5678R1Z2', '24AACCP8888W1Z5', '24');
INSERT INTO "purchase_order" ("id", "organization_id", "branch_id", "supplier_id", "po_number", "po_date", "status", "subtotal", "tax_amount", "total_amount", "remarks", "submitted_at", "submitted_by", "approved_at", "approved_by", "cancelled_at", "cancelled_by", "cancel_reason", "created_at", "created_by", "updated_at", "updated_by", "seller_tax_registration_id", "seller_gstin", "supplier_gstin", "place_of_supply_state_code") VALUES (9, 33, 73, 37, 'PO-SPC-00001', '2026-02-25', 'APPROVED', 26000.00, 4680.00, 30680.00, 'Monthly inverter and battery replenishment', '2026-02-25 11:00:00', 174, '2026-02-25 15:00:00', 168, NULL, NULL, NULL, '2026-03-25 04:32:16.083557', 174, '2026-03-25 21:18:49.460367', 174, 2, '24AAVCS1234Q1Z5', '24AACCL6666M1ZX', '24');

-- changeset sameerkhan:1775937591491-35-1
INSERT INTO "supplier_product" ("id", "organization_id", "supplier_id", "product_id", "supplier_product_code", "supplier_product_name", "priority", "is_preferred", "is_active", "created_at", "created_by", "updated_at", "updated_by") VALUES (1, 33, 37, 10, NULL, 'Tubular Battery 150AH', 1, FALSE, TRUE, '2026-03-29 09:02:32.507694', NULL, '2026-03-29 09:02:32.507694', NULL) ON CONFLICT ("id") DO NOTHING;
INSERT INTO "supplier_product" ("id", "organization_id", "supplier_id", "product_id", "supplier_product_code", "supplier_product_name", "priority", "is_preferred", "is_active", "created_at", "created_by", "updated_at", "updated_by") VALUES (2, 34, 39, 7, NULL, 'Modular Switch 6A', 1, FALSE, TRUE, '2026-03-29 09:02:32.507694', NULL, '2026-03-29 09:02:32.507694', NULL) ON CONFLICT ("id") DO NOTHING;
INSERT INTO "supplier_product" ("id", "organization_id", "supplier_id", "product_id", "supplier_product_code", "supplier_product_name", "priority", "is_preferred", "is_active", "created_at", "created_by", "updated_at", "updated_by") VALUES (3, 33, 37, 3, NULL, 'EcoVolt 900VA Inverter', 1, FALSE, TRUE, '2026-03-29 09:02:32.507694', NULL, '2026-03-29 09:02:32.507694', NULL) ON CONFLICT ("id") DO NOTHING;
INSERT INTO "supplier_product" ("id", "organization_id", "supplier_id", "product_id", "supplier_product_code", "supplier_product_name", "priority", "is_preferred", "is_active", "created_at", "created_by", "updated_at", "updated_by") VALUES (4, 34, 39, 1, NULL, 'Ceiling Fan 1200mm', 1, FALSE, TRUE, '2026-03-29 09:02:32.507694', NULL, '2026-03-29 09:02:32.507694', NULL) ON CONFLICT ("id") DO NOTHING;
INSERT INTO "supplier_product" ("id", "organization_id", "supplier_id", "product_id", "supplier_product_code", "supplier_product_name", "priority", "is_preferred", "is_active", "created_at", "created_by", "updated_at", "updated_by") VALUES (5, 34, 39, 9, NULL, 'Slim Panel Light 18W', 1, FALSE, TRUE, '2026-03-29 09:02:32.507694', NULL, '2026-03-29 09:02:32.507694', NULL) ON CONFLICT ("id") DO NOTHING;
INSERT INTO "supplier_product" ("id", "organization_id", "supplier_id", "product_id", "supplier_product_code", "supplier_product_name", "priority", "is_preferred", "is_active", "created_at", "created_by", "updated_at", "updated_by") VALUES (6, 33, 37, 2, NULL, 'Copper Wire 6 Sqmm', 1, FALSE, TRUE, '2026-03-29 09:02:32.507694', NULL, '2026-03-29 09:02:32.507694', NULL) ON CONFLICT ("id") DO NOTHING;
INSERT INTO "supplier_product" ("id", "organization_id", "supplier_id", "product_id", "supplier_product_code", "supplier_product_name", "priority", "is_preferred", "is_active", "created_at", "created_by", "updated_at", "updated_by") VALUES (7, 34, 39, 6, NULL, 'LED Strip 5M', 1, FALSE, TRUE, '2026-03-29 09:02:32.507694', NULL, '2026-03-29 09:02:32.507694', NULL) ON CONFLICT ("id") DO NOTHING;

-- changeset sameerkhan:1775937591491-36
INSERT INTO "purchase_order_line" ("id", "purchase_order_id", "product_id", "uom_id", "quantity", "base_quantity", "unit_price", "tax_rate", "line_amount", "received_base_quantity", "created_at", "created_by", "updated_at", "updated_by", "taxable_amount", "cgst_rate", "cgst_amount", "sgst_rate", "sgst_amount", "igst_rate", "igst_amount", "cess_rate", "cess_amount", "supplier_product_id", "product_master_id", "sku_snapshot", "product_name_snapshot", "supplier_product_code_snapshot", "hsn_snapshot") VALUES (22, 9, 44, 11, 100.000000, 100.000000, 64.00, 18.0000, 6400.00, 100.000000, '2026-03-25 04:32:16.083557', 174, '2026-03-29 09:02:32.507694', 174, 6400.00, 9.0000, 576.00, 9.0000, 576.00, 0.0000, 0.00, 0.0000, 0.00, 6, 2, 'WIRE-6SQ', 'Copper Wire 6 Sqmm', NULL, NULL);
INSERT INTO "purchase_order_line" ("id", "purchase_order_id", "product_id", "uom_id", "quantity", "base_quantity", "unit_price", "tax_rate", "line_amount", "received_base_quantity", "created_at", "created_by", "updated_at", "updated_by", "taxable_amount", "cgst_rate", "cgst_amount", "sgst_rate", "sgst_amount", "igst_rate", "igst_amount", "cess_rate", "cess_amount", "supplier_product_id", "product_master_id", "sku_snapshot", "product_name_snapshot", "supplier_product_code_snapshot", "hsn_snapshot") VALUES (23, 9, 43, 5, 1.000000, 1.000000, 9800.00, 18.0000, 9800.00, 1.000000, '2026-03-25 04:32:16.083557', 174, '2026-03-29 09:02:32.507694', 174, 9800.00, 9.0000, 882.00, 9.0000, 882.00, 0.0000, 0.00, 0.0000, 0.00, 1, 10, 'BAT-150AH', 'Tubular Battery 150AH', NULL, NULL);
INSERT INTO "purchase_order_line" ("id", "purchase_order_id", "product_id", "uom_id", "quantity", "base_quantity", "unit_price", "tax_rate", "line_amount", "received_base_quantity", "created_at", "created_by", "updated_at", "updated_by", "taxable_amount", "cgst_rate", "cgst_amount", "sgst_rate", "sgst_amount", "igst_rate", "igst_amount", "cess_rate", "cess_amount", "supplier_product_id", "product_master_id", "sku_snapshot", "product_name_snapshot", "supplier_product_code_snapshot", "hsn_snapshot") VALUES (24, 9, 42, 5, 2.000000, 2.000000, 4900.00, 18.0000, 9800.00, 2.000000, '2026-03-25 04:32:16.083557', 174, '2026-03-29 09:02:32.507694', 174, 9800.00, 9.0000, 882.00, 9.0000, 882.00, 0.0000, 0.00, 0.0000, 0.00, 3, 3, 'INV-900VA', 'EcoVolt 900VA Inverter', NULL, NULL);
INSERT INTO "purchase_order_line" ("id", "purchase_order_id", "product_id", "uom_id", "quantity", "base_quantity", "unit_price", "tax_rate", "line_amount", "received_base_quantity", "created_at", "created_by", "updated_at", "updated_by", "taxable_amount", "cgst_rate", "cgst_amount", "sgst_rate", "sgst_amount", "igst_rate", "igst_amount", "cess_rate", "cess_amount", "supplier_product_id", "product_master_id", "sku_snapshot", "product_name_snapshot", "supplier_product_code_snapshot", "hsn_snapshot") VALUES (25, 10, 47, 5, 3.000000, 3.000000, 1650.00, 18.0000, 4950.00, 3.000000, '2026-03-25 04:32:16.083557', 178, '2026-03-29 09:02:32.507694', 178, 4950.00, 9.0000, 445.50, 9.0000, 445.50, 0.0000, 0.00, 0.0000, 0.00, 4, 1, 'FAN-CLG-1200', 'Ceiling Fan 1200mm', NULL, NULL);
INSERT INTO "purchase_order_line" ("id", "purchase_order_id", "product_id", "uom_id", "quantity", "base_quantity", "unit_price", "tax_rate", "line_amount", "received_base_quantity", "created_at", "created_by", "updated_at", "updated_by", "taxable_amount", "cgst_rate", "cgst_amount", "sgst_rate", "sgst_amount", "igst_rate", "igst_amount", "cess_rate", "cess_amount", "supplier_product_id", "product_master_id", "sku_snapshot", "product_name_snapshot", "supplier_product_code_snapshot", "hsn_snapshot") VALUES (26, 10, 50, 3, 10.000000, 200.000000, 380.00, 18.0000, 3800.00, 200.000000, '2026-03-25 04:32:16.083557', 178, '2026-03-29 09:02:32.507694', 178, 3800.00, 9.0000, 342.00, 9.0000, 342.00, 0.0000, 0.00, 0.0000, 0.00, 2, 7, 'SWITCH-6A', 'Modular Switch 6A', NULL, NULL);
INSERT INTO "purchase_order_line" ("id", "purchase_order_id", "product_id", "uom_id", "quantity", "base_quantity", "unit_price", "tax_rate", "line_amount", "received_base_quantity", "created_at", "created_by", "updated_at", "updated_by", "taxable_amount", "cgst_rate", "cgst_amount", "sgst_rate", "sgst_amount", "igst_rate", "igst_amount", "cess_rate", "cess_amount", "supplier_product_id", "product_master_id", "sku_snapshot", "product_name_snapshot", "supplier_product_code_snapshot", "hsn_snapshot") VALUES (27, 10, 49, 5, 40.000000, 40.000000, 240.00, 18.0000, 9600.00, 40.000000, '2026-03-25 04:32:16.083557', 178, '2026-03-29 09:02:32.507694', 178, 9600.00, 9.0000, 864.00, 9.0000, 864.00, 0.0000, 0.00, 0.0000, 0.00, 7, 6, 'STRIP-LED5M', 'LED Strip 5M', NULL, NULL);
INSERT INTO "purchase_order_line" ("id", "purchase_order_id", "product_id", "uom_id", "quantity", "base_quantity", "unit_price", "tax_rate", "line_amount", "received_base_quantity", "created_at", "created_by", "updated_at", "updated_by", "taxable_amount", "cgst_rate", "cgst_amount", "sgst_rate", "sgst_amount", "igst_rate", "igst_amount", "cess_rate", "cess_amount", "supplier_product_id", "product_master_id", "sku_snapshot", "product_name_snapshot", "supplier_product_code_snapshot", "hsn_snapshot") VALUES (28, 10, 46, 5, 50.000000, 50.000000, 410.00, 18.0000, 20500.00, 50.000000, '2026-03-25 04:32:16.083557', 178, '2026-03-29 09:02:32.507694', 178, 20500.00, 9.0000, 1845.00, 9.0000, 1845.00, 0.0000, 0.00, 0.0000, 0.00, 5, 9, 'LIGHT-PANEL18', 'Slim Panel Light 18W', NULL, NULL);

-- changeset sameerkhan:1775937591491-37
INSERT INTO "purchase_receipt" ("id", "organization_id", "branch_id", "warehouse_id", "purchase_order_id", "supplier_id", "receipt_number", "receipt_date", "status", "subtotal", "tax_amount", "total_amount", "remarks", "posted_at", "cancelled_at", "cancelled_by", "cancel_reason", "created_at", "created_by", "updated_at", "updated_by", "seller_tax_registration_id", "seller_gstin", "supplier_gstin", "place_of_supply_state_code", "due_date") VALUES (8, 34, 75, 148, 10, 39, 'GRN-UHL-00001', '2026-03-01', 'POSTED', 38850.00, 6993.00, 45843.00, 'First inward completed', '2026-03-01 18:10:00', NULL, NULL, NULL, '2026-03-25 04:32:16.083557', 178, '2026-03-26 03:04:16.744226', 178, 1, '24AAAFU5678R1Z2', '24AACCP8888W1Z5', '24', '2026-03-01');
INSERT INTO "purchase_receipt" ("id", "organization_id", "branch_id", "warehouse_id", "purchase_order_id", "supplier_id", "receipt_number", "receipt_date", "status", "subtotal", "tax_amount", "total_amount", "remarks", "posted_at", "cancelled_at", "cancelled_by", "cancel_reason", "created_at", "created_by", "updated_at", "updated_by", "seller_tax_registration_id", "seller_gstin", "supplier_gstin", "place_of_supply_state_code", "due_date") VALUES (7, 33, 73, 142, 9, 37, 'GRN-SPC-00001', '2026-02-28', 'POSTED', 26000.00, 4680.00, 30680.00, 'Goods received complete', '2026-02-28 17:45:00', NULL, NULL, NULL, '2026-03-25 04:32:16.083557', 174, '2026-03-26 03:04:16.744226', 174, 2, '24AAVCS1234Q1Z5', '24AACCL6666M1ZX', '24', '2026-02-28');

-- changeset sameerkhan:1775937591491-38
INSERT INTO "purchase_receipt_line" ("id", "purchase_receipt_id", "purchase_order_line_id", "product_id", "uom_id", "quantity", "base_quantity", "unit_cost", "tax_rate", "line_amount", "created_at", "created_by", "updated_at", "updated_by", "taxable_amount", "cgst_rate", "cgst_amount", "sgst_rate", "sgst_amount", "igst_rate", "igst_amount", "cess_rate", "cess_amount", "supplier_product_id", "product_master_id", "sku_snapshot", "product_name_snapshot", "supplier_product_code_snapshot", "hsn_snapshot") VALUES (22, 7, 22, 44, 11, 100.000000, 100.000000, 64.00, 18.0000, 6400.00, '2026-03-25 04:32:16.083557', 174, '2026-03-29 09:02:32.507694', 174, 6400.00, 9.0000, 576.00, 9.0000, 576.00, 0.0000, 0.00, 0.0000, 0.00, 6, 2, 'WIRE-6SQ', 'Copper Wire 6 Sqmm', NULL, NULL);
INSERT INTO "purchase_receipt_line" ("id", "purchase_receipt_id", "purchase_order_line_id", "product_id", "uom_id", "quantity", "base_quantity", "unit_cost", "tax_rate", "line_amount", "created_at", "created_by", "updated_at", "updated_by", "taxable_amount", "cgst_rate", "cgst_amount", "sgst_rate", "sgst_amount", "igst_rate", "igst_amount", "cess_rate", "cess_amount", "supplier_product_id", "product_master_id", "sku_snapshot", "product_name_snapshot", "supplier_product_code_snapshot", "hsn_snapshot") VALUES (23, 7, 23, 43, 5, 1.000000, 1.000000, 9800.00, 18.0000, 9800.00, '2026-03-25 04:32:16.083557', 174, '2026-03-29 09:02:32.507694', 174, 9800.00, 9.0000, 882.00, 9.0000, 882.00, 0.0000, 0.00, 0.0000, 0.00, 1, 10, 'BAT-150AH', 'Tubular Battery 150AH', NULL, NULL);
INSERT INTO "purchase_receipt_line" ("id", "purchase_receipt_id", "purchase_order_line_id", "product_id", "uom_id", "quantity", "base_quantity", "unit_cost", "tax_rate", "line_amount", "created_at", "created_by", "updated_at", "updated_by", "taxable_amount", "cgst_rate", "cgst_amount", "sgst_rate", "sgst_amount", "igst_rate", "igst_amount", "cess_rate", "cess_amount", "supplier_product_id", "product_master_id", "sku_snapshot", "product_name_snapshot", "supplier_product_code_snapshot", "hsn_snapshot") VALUES (24, 7, 24, 42, 5, 2.000000, 2.000000, 4900.00, 18.0000, 9800.00, '2026-03-25 04:32:16.083557', 174, '2026-03-29 09:02:32.507694', 174, 9800.00, 9.0000, 882.00, 9.0000, 882.00, 0.0000, 0.00, 0.0000, 0.00, 3, 3, 'INV-900VA', 'EcoVolt 900VA Inverter', NULL, NULL);
INSERT INTO "purchase_receipt_line" ("id", "purchase_receipt_id", "purchase_order_line_id", "product_id", "uom_id", "quantity", "base_quantity", "unit_cost", "tax_rate", "line_amount", "created_at", "created_by", "updated_at", "updated_by", "taxable_amount", "cgst_rate", "cgst_amount", "sgst_rate", "sgst_amount", "igst_rate", "igst_amount", "cess_rate", "cess_amount", "supplier_product_id", "product_master_id", "sku_snapshot", "product_name_snapshot", "supplier_product_code_snapshot", "hsn_snapshot") VALUES (25, 8, 25, 47, 5, 3.000000, 3.000000, 1650.00, 18.0000, 4950.00, '2026-03-25 04:32:16.083557', 178, '2026-03-29 09:02:32.507694', 178, 4950.00, 9.0000, 445.50, 9.0000, 445.50, 0.0000, 0.00, 0.0000, 0.00, 4, 1, 'FAN-CLG-1200', 'Ceiling Fan 1200mm', NULL, NULL);
INSERT INTO "purchase_receipt_line" ("id", "purchase_receipt_id", "purchase_order_line_id", "product_id", "uom_id", "quantity", "base_quantity", "unit_cost", "tax_rate", "line_amount", "created_at", "created_by", "updated_at", "updated_by", "taxable_amount", "cgst_rate", "cgst_amount", "sgst_rate", "sgst_amount", "igst_rate", "igst_amount", "cess_rate", "cess_amount", "supplier_product_id", "product_master_id", "sku_snapshot", "product_name_snapshot", "supplier_product_code_snapshot", "hsn_snapshot") VALUES (26, 8, 26, 50, 3, 8.000000, 160.000000, 380.00, 18.0000, 3040.00, '2026-03-25 04:32:16.083557', 178, '2026-03-29 09:02:32.507694', 178, 3040.00, 9.0000, 273.60, 9.0000, 273.60, 0.0000, 0.00, 0.0000, 0.00, 2, 7, 'SWITCH-6A', 'Modular Switch 6A', NULL, NULL);
INSERT INTO "purchase_receipt_line" ("id", "purchase_receipt_id", "purchase_order_line_id", "product_id", "uom_id", "quantity", "base_quantity", "unit_cost", "tax_rate", "line_amount", "created_at", "created_by", "updated_at", "updated_by", "taxable_amount", "cgst_rate", "cgst_amount", "sgst_rate", "sgst_amount", "igst_rate", "igst_amount", "cess_rate", "cess_amount", "supplier_product_id", "product_master_id", "sku_snapshot", "product_name_snapshot", "supplier_product_code_snapshot", "hsn_snapshot") VALUES (27, 8, 27, 49, 5, 20.000000, 20.000000, 240.00, 18.0000, 4800.00, '2026-03-25 04:32:16.083557', 178, '2026-03-29 09:02:32.507694', 178, 4800.00, 9.0000, 432.00, 9.0000, 432.00, 0.0000, 0.00, 0.0000, 0.00, 7, 6, 'STRIP-LED5M', 'LED Strip 5M', NULL, NULL);
INSERT INTO "purchase_receipt_line" ("id", "purchase_receipt_id", "purchase_order_line_id", "product_id", "uom_id", "quantity", "base_quantity", "unit_cost", "tax_rate", "line_amount", "created_at", "created_by", "updated_at", "updated_by", "taxable_amount", "cgst_rate", "cgst_amount", "sgst_rate", "sgst_amount", "igst_rate", "igst_amount", "cess_rate", "cess_amount", "supplier_product_id", "product_master_id", "sku_snapshot", "product_name_snapshot", "supplier_product_code_snapshot", "hsn_snapshot") VALUES (28, 8, 28, 46, 5, 50.000000, 50.000000, 410.00, 18.0000, 20500.00, '2026-03-25 04:32:16.083557', 178, '2026-03-29 09:02:32.507694', 178, 20500.00, 9.0000, 1845.00, 9.0000, 1845.00, 0.0000, 0.00, 0.0000, 0.00, 5, 9, 'LIGHT-PANEL18', 'Slim Panel Light 18W', NULL, NULL);

-- changeset sameerkhan:1775937591491-39
INSERT INTO "purchase_receipt_line_serial" ("id", "purchase_receipt_line_id", "serial_number_id", "created_at", "created_by", "updated_at", "updated_by") VALUES (13, 23, 60, '2026-03-25 04:32:16.083557', 174, '2026-03-25 04:32:16.083557', 174);
INSERT INTO "purchase_receipt_line_serial" ("id", "purchase_receipt_line_id", "serial_number_id", "created_at", "created_by", "updated_at", "updated_by") VALUES (14, 24, 59, '2026-03-25 04:32:16.083557', 174, '2026-03-25 04:32:16.083557', 174);
INSERT INTO "purchase_receipt_line_serial" ("id", "purchase_receipt_line_id", "serial_number_id", "created_at", "created_by", "updated_at", "updated_by") VALUES (15, 24, 58, '2026-03-25 04:32:16.083557', 174, '2026-03-25 04:32:16.083557', 174);
INSERT INTO "purchase_receipt_line_serial" ("id", "purchase_receipt_line_id", "serial_number_id", "created_at", "created_by", "updated_at", "updated_by") VALUES (16, 25, 63, '2026-03-25 04:32:16.083557', 178, '2026-03-25 04:32:16.083557', 178);
INSERT INTO "purchase_receipt_line_serial" ("id", "purchase_receipt_line_id", "serial_number_id", "created_at", "created_by", "updated_at", "updated_by") VALUES (17, 25, 62, '2026-03-25 04:32:16.083557', 178, '2026-03-25 04:32:16.083557', 178);
INSERT INTO "purchase_receipt_line_serial" ("id", "purchase_receipt_line_id", "serial_number_id", "created_at", "created_by", "updated_at", "updated_by") VALUES (18, 25, 61, '2026-03-25 04:32:16.083557', 178, '2026-03-25 04:32:16.083557', 178);

-- changeset sameerkhan:1775937591491-40
INSERT INTO "purchase_receipt_line_batch" ("id", "purchase_receipt_line_id", "batch_id", "quantity", "base_quantity", "created_at", "created_by", "updated_at", "updated_by") VALUES (5, 26, 22, 8.000000, 160.000000, '2026-03-25 04:32:16.083557', 178, '2026-03-25 04:32:16.083557', 178);
INSERT INTO "purchase_receipt_line_batch" ("id", "purchase_receipt_line_id", "batch_id", "quantity", "base_quantity", "created_at", "created_by", "updated_at", "updated_by") VALUES (6, 27, 23, 20.000000, 20.000000, '2026-03-25 04:32:16.083557', 178, '2026-03-25 04:32:16.083557', 178);

-- changeset sameerkhan:1775937591491-47
INSERT INTO "supplier_payment" ("id", "organization_id", "branch_id", "supplier_id", "payment_number", "payment_date", "payment_method", "reference_number", "amount", "status", "remarks", "cancelled_at", "cancelled_by", "cancel_reason", "created_at", "created_by", "updated_at", "updated_by") VALUES (5, 33, 73, 37, 'PAY-SPC-00001', '2026-03-02', 'BANK', 'UTR-SPC-001', 15000.00, 'ALLOCATED', 'Part payment against GRN-SPC-00001', NULL, NULL, NULL, '2026-03-25 04:32:16.083557', 171, '2026-03-25 04:32:16.083557', 171);
INSERT INTO "supplier_payment" ("id", "organization_id", "branch_id", "supplier_id", "payment_number", "payment_date", "payment_method", "reference_number", "amount", "status", "remarks", "cancelled_at", "cancelled_by", "cancel_reason", "created_at", "created_by", "updated_at", "updated_by") VALUES (6, 34, 75, 39, 'PAY-UHL-00001', '2026-03-03', 'BANK', 'UTR-UHL-001', 25000.00, 'ALLOCATED', 'Partial supplier settlement', NULL, NULL, NULL, '2026-03-25 04:32:16.083557', 179, '2026-03-25 04:32:16.083557', 179);

-- changeset sameerkhan:1775937591491-48
INSERT INTO "supplier_payment_allocation" ("id", "supplier_payment_id", "purchase_receipt_id", "allocated_amount", "created_at", "created_by", "updated_at", "updated_by") VALUES (5, 5, 7, 15000.00, '2026-03-25 04:32:16.083557', 171, '2026-03-25 04:32:16.083557', 171);
INSERT INTO "supplier_payment_allocation" ("id", "supplier_payment_id", "purchase_receipt_id", "allocated_amount", "created_at", "created_by", "updated_at", "updated_by") VALUES (6, 6, 8, 25000.00, '2026-03-25 04:32:16.083557', 179, '2026-03-25 04:32:16.083557', 179);

-- changeset sameerkhan:1775937591491-57
INSERT INTO "expense_category" ("id", "organization_id", "code", "name", "is_active", "created_at", "created_by", "updated_at", "updated_by", "expense_account_id") VALUES (155, 33, 'RENT', 'Rent', TRUE, '2026-03-25 04:32:16.083557', 168, '2026-03-26 03:11:50.687203', 168, 274);
INSERT INTO "expense_category" ("id", "organization_id", "code", "name", "is_active", "created_at", "created_by", "updated_at", "updated_by", "expense_account_id") VALUES (156, 33, 'SALARY', 'Salary', TRUE, '2026-03-25 04:32:16.083557', 168, '2026-03-26 03:11:50.687203', 168, 274);
INSERT INTO "expense_category" ("id", "organization_id", "code", "name", "is_active", "created_at", "created_by", "updated_at", "updated_by", "expense_account_id") VALUES (157, 33, 'ELECTRICITY', 'Electricity', TRUE, '2026-03-25 04:32:16.083557', 168, '2026-03-26 03:11:50.687203', 168, 274);
INSERT INTO "expense_category" ("id", "organization_id", "code", "name", "is_active", "created_at", "created_by", "updated_at", "updated_by", "expense_account_id") VALUES (158, 33, 'TRANSPORT', 'Transport', TRUE, '2026-03-25 04:32:16.083557', 168, '2026-03-26 03:11:50.687203', 168, 274);
INSERT INTO "expense_category" ("id", "organization_id", "code", "name", "is_active", "created_at", "created_by", "updated_at", "updated_by", "expense_account_id") VALUES (159, 33, 'MAINTENANCE', 'Maintenance', TRUE, '2026-03-25 04:32:16.083557', 168, '2026-03-26 03:11:50.687203', 168, 274);
INSERT INTO "expense_category" ("id", "organization_id", "code", "name", "is_active", "created_at", "created_by", "updated_at", "updated_by", "expense_account_id") VALUES (160, 33, 'OFFICE', 'Office Expense', TRUE, '2026-03-25 04:32:16.083557', 168, '2026-03-26 03:11:50.687203', 168, 274);
INSERT INTO "expense_category" ("id", "organization_id", "code", "name", "is_active", "created_at", "created_by", "updated_at", "updated_by", "expense_account_id") VALUES (161, 33, 'MISC', 'Miscellaneous', TRUE, '2026-03-25 04:32:16.083557', 168, '2026-03-26 03:11:50.687203', 168, 274);
INSERT INTO "expense_category" ("id", "organization_id", "code", "name", "is_active", "created_at", "created_by", "updated_at", "updated_by", "expense_account_id") VALUES (162, 34, 'RENT', 'Rent', TRUE, '2026-03-25 04:32:16.083557', 176, '2026-03-26 03:11:50.687203', 176, 286);
INSERT INTO "expense_category" ("id", "organization_id", "code", "name", "is_active", "created_at", "created_by", "updated_at", "updated_by", "expense_account_id") VALUES (163, 34, 'SALARY', 'Salary', TRUE, '2026-03-25 04:32:16.083557', 176, '2026-03-26 03:11:50.687203', 176, 286);
INSERT INTO "expense_category" ("id", "organization_id", "code", "name", "is_active", "created_at", "created_by", "updated_at", "updated_by", "expense_account_id") VALUES (164, 34, 'ELECTRICITY', 'Electricity', TRUE, '2026-03-25 04:32:16.083557', 176, '2026-03-26 03:11:50.687203', 176, 286);
INSERT INTO "expense_category" ("id", "organization_id", "code", "name", "is_active", "created_at", "created_by", "updated_at", "updated_by", "expense_account_id") VALUES (165, 34, 'TRANSPORT', 'Transport', TRUE, '2026-03-25 04:32:16.083557', 176, '2026-03-26 03:11:50.687203', 176, 286);
INSERT INTO "expense_category" ("id", "organization_id", "code", "name", "is_active", "created_at", "created_by", "updated_at", "updated_by", "expense_account_id") VALUES (166, 34, 'MAINTENANCE', 'Maintenance', TRUE, '2026-03-25 04:32:16.083557', 176, '2026-03-26 03:11:50.687203', 176, 286);
INSERT INTO "expense_category" ("id", "organization_id", "code", "name", "is_active", "created_at", "created_by", "updated_at", "updated_by", "expense_account_id") VALUES (167, 34, 'OFFICE', 'Office Expense', TRUE, '2026-03-25 04:32:16.083557', 176, '2026-03-26 03:11:50.687203', 176, 286);
INSERT INTO "expense_category" ("id", "organization_id", "code", "name", "is_active", "created_at", "created_by", "updated_at", "updated_by", "expense_account_id") VALUES (168, 34, 'MISC', 'Miscellaneous', TRUE, '2026-03-25 04:32:16.083557', 176, '2026-03-26 03:11:50.687203', 176, 286);
INSERT INTO "expense_category" ("id", "organization_id", "code", "name", "is_active", "created_at", "created_by", "updated_at", "updated_by", "expense_account_id") VALUES (169, 33, 'OFFICE_AUTO', 'Office Auto Verify', TRUE, '2026-03-26 03:12:33.567333', 168, '2026-03-26 03:12:33.567333', 168, 274);

-- changeset sameerkhan:1775937591491-58
INSERT INTO "expense" ("id", "organization_id", "branch_id", "expense_category_id", "expense_number", "expense_date", "amount", "status", "receipt_url", "remarks", "submitted_at", "submitted_by", "approved_at", "approved_by", "paid_at", "cancelled_at", "cancelled_by", "cancel_reason", "created_at", "created_by", "updated_at", "updated_by", "due_date", "payment_method") VALUES (4, 34, 74, 166, 'EXP-UHL-00001', '2026-03-08', 2400.00, 'SUBMITTED', 'https://example.test/exp/uhl-1.jpg', 'Showroom electrical repair pending approval', '2026-03-08 19:00:00', 180, NULL, NULL, NULL, NULL, NULL, NULL, '2026-03-25 04:32:16.083557', 180, '2026-03-26 03:11:50.687203', 180, '2026-03-08', NULL);
INSERT INTO "expense" ("id", "organization_id", "branch_id", "expense_category_id", "expense_number", "expense_date", "amount", "status", "receipt_url", "remarks", "submitted_at", "submitted_by", "approved_at", "approved_by", "paid_at", "cancelled_at", "cancelled_by", "cancel_reason", "created_at", "created_by", "updated_at", "updated_by", "due_date", "payment_method") VALUES (3, 33, 72, 158, 'EXP-SPC-00001', '2026-03-03', 1800.00, 'PAID', 'https://example.test/exp/spc-1.jpg', 'Local transport charges', '2026-03-03 20:00:00', 172, '2026-03-03 20:30:00', 169, '2026-03-03 20:45:00', NULL, NULL, NULL, '2026-03-25 04:32:16.083557', 172, '2026-03-26 03:11:50.687203', 172, '2026-03-03', 'CASH');
INSERT INTO "expense" ("id", "organization_id", "branch_id", "expense_category_id", "expense_number", "expense_date", "amount", "status", "receipt_url", "remarks", "submitted_at", "submitted_by", "approved_at", "approved_by", "paid_at", "cancelled_at", "cancelled_by", "cancel_reason", "created_at", "created_by", "updated_at", "updated_by", "due_date", "payment_method") VALUES (5, 33, 71, 169, 'EXP-20260326-1774474953626', '2026-03-26', 750.00, 'PAID', NULL, 'Paying accrued expense', NULL, NULL, '2026-03-26 03:12:33.627208', 168, '2026-03-26 00:00:00', NULL, NULL, NULL, '2026-03-26 03:12:33.627409', 168, '2026-03-26 03:12:33.670259', 168, '2026-03-31', 'BANK');
INSERT INTO "expense" ("id", "organization_id", "branch_id", "expense_category_id", "expense_number", "expense_date", "amount", "status", "receipt_url", "remarks", "submitted_at", "submitted_by", "approved_at", "approved_by", "paid_at", "cancelled_at", "cancelled_by", "cancel_reason", "created_at", "created_by", "updated_at", "updated_by", "due_date", "payment_method") VALUES (6, 33, 71, 169, 'EXP-20260326-1774474953713', '2026-03-26', 420.00, 'PAID', NULL, 'Paid office expense verification', NULL, NULL, '2026-03-26 03:12:33.71395', 168, '2026-03-26 03:12:33.71396', NULL, NULL, NULL, '2026-03-26 03:12:33.714051', 168, '2026-03-26 03:12:33.714051', 168, '2026-03-26', 'CASH');

-- changeset sameerkhan:1775937591491-59
INSERT INTO "recurring_expense" ("id", "organization_id", "branch_id", "expense_category_id", "recurring_number", "frequency", "amount", "start_date", "next_run_date", "is_active", "remarks", "created_at", "created_by", "updated_at", "updated_by") VALUES (3, 33, 73, 155, 'REXP-SPC-00001', 'MONTHLY', 35000.00, '2026-01-01', '2026-04-01', TRUE, 'HQ rent', '2026-03-25 04:32:16.083557', 171, '2026-03-25 04:32:16.083557', 171);
INSERT INTO "recurring_expense" ("id", "organization_id", "branch_id", "expense_category_id", "recurring_number", "frequency", "amount", "start_date", "next_run_date", "is_active", "remarks", "created_at", "created_by", "updated_at", "updated_by") VALUES (4, 34, 75, 164, 'REXP-UHL-00001', 'MONTHLY', 12000.00, '2026-01-01', '2026-04-01', TRUE, 'Ahmedabad showroom utility', '2026-03-25 04:32:16.083557', 179, '2026-03-25 04:32:16.083557', 179);

-- changeset sameerkhan:1775937591491-60
INSERT INTO "notification_template" ("id", "organization_id", "template_code", "channel", "subject", "body", "is_active", "created_at", "created_by", "updated_at", "updated_by") VALUES (1, 33, 'PAYMENT_REMINDER', 'WHATSAPP', 'Payment Reminder', 'Dear {{customer_name}}, your payment of {{amount}} is due for invoice {{invoice_number}}.', TRUE, '2026-03-25 04:32:16.083557', 168, '2026-03-25 04:32:16.083557', 168);
INSERT INTO "notification_template" ("id", "organization_id", "template_code", "channel", "subject", "body", "is_active", "created_at", "created_by", "updated_at", "updated_by") VALUES (2, 33, 'SERVICE_UPDATE', 'SMS', 'Service Update', 'Your service ticket {{ticket_number}} is now {{status}}.', TRUE, '2026-03-25 04:32:16.083557', 168, '2026-03-25 04:32:16.083557', 168);
INSERT INTO "notification_template" ("id", "organization_id", "template_code", "channel", "subject", "body", "is_active", "created_at", "created_by", "updated_at", "updated_by") VALUES (3, 34, 'PAYMENT_REMINDER', 'WHATSAPP', 'Payment Reminder', 'Dear {{customer_name}}, kindly clear due invoice {{invoice_number}}.', TRUE, '2026-03-25 04:32:16.083557', 176, '2026-03-25 04:32:16.083557', 176);
INSERT INTO "notification_template" ("id", "organization_id", "template_code", "channel", "subject", "body", "is_active", "created_at", "created_by", "updated_at", "updated_by") VALUES (4, 34, 'LOW_STOCK_ALERT', 'EMAIL', 'Low Stock Alert', 'The item {{sku}} is below reorder level at {{branch_name}}.', TRUE, '2026-03-25 04:32:16.083557', 176, '2026-03-25 04:32:16.083557', 176);

-- changeset sameerkhan:1775937591491-61
INSERT INTO "notification" ("id", "organization_id", "user_id", "customer_id", "supplier_id", "template_id", "channel", "status", "reference_type", "reference_id", "scheduled_at", "sent_at", "read_at", "payload_json", "created_at", "created_by", "updated_at", "updated_by") VALUES (1, 33, 173, 52, NULL, 1, 'WHATSAPP', 'SENT', 'SALES_INVOICE', 9, '2026-03-05 18:20:00', '2026-03-05 18:25:00', NULL, '{"amount": 16803.20, "customer_name": "Shiv Enterprise", "invoice_number": "INV-SPC-00002"}', '2026-03-25 04:32:16.083557', 170, '2026-03-25 04:32:16.083557', 170);
INSERT INTO "notification" ("id", "organization_id", "user_id", "customer_id", "supplier_id", "template_id", "channel", "status", "reference_type", "reference_id", "scheduled_at", "sent_at", "read_at", "payload_json", "created_at", "created_by", "updated_at", "updated_by") VALUES (2, 34, 181, 56, NULL, 3, 'WHATSAPP', 'SENT', 'SALES_INVOICE', 12, NULL, NULL, NULL, '{"amount": 2596.00, "customer_name": "Vijay Traders", "invoice_number": "INV-UHL-00002"}', '2026-03-25 04:32:16.083557', 181, '2026-03-25 04:32:16.083557', 181);

-- changeset sameerkhan:1775937591491-62
INSERT INTO "report_schedule" ("id", "organization_id", "user_id", "schedule_code", "report_type", "frequency", "delivery_channel", "is_active", "next_run_at", "config_json", "created_at", "created_by", "updated_at", "updated_by") VALUES (1, 33, 168, 'RPT-SPC-DAILY', 'DAILY_SALES_SUMMARY', 'DAILY', 'EMAIL', TRUE, '2026-03-26 07:00:00', '{"scope": "organization"}', '2026-03-25 04:32:16.083557', 168, '2026-03-25 04:32:16.083557', 168);
INSERT INTO "report_schedule" ("id", "organization_id", "user_id", "schedule_code", "report_type", "frequency", "delivery_channel", "is_active", "next_run_at", "config_json", "created_at", "created_by", "updated_at", "updated_by") VALUES (2, 34, 176, 'RPT-UHL-LOWSTOCK', 'LOW_STOCK_SUMMARY', 'WEEKLY', 'APP', TRUE, '2026-03-27 09:00:00', '{"scope": "organization"}', '2026-03-25 04:32:16.083557', 176, '2026-03-25 04:32:16.083557', 176);
INSERT INTO "report_schedule" ("id", "organization_id", "user_id", "schedule_code", "report_type", "frequency", "delivery_channel", "is_active", "next_run_at", "config_json", "created_at", "created_by", "updated_at", "updated_by") VALUES (3, 33, 170, 'SCH-734292-8B7553', 'SALES_SUMMARY', 'DAILY', 'EMAIL', TRUE, '2026-04-06 00:00:00.297562', '{"format": "PDF", "parameters": {"organizationId": "33"}, "recipients": "demo@example.com", "failureCount": 0, "scheduleName": "Daily Sales Digest", "successCount": 0}', '2026-04-05 00:38:54.307068', NULL, '2026-04-05 00:38:54.307068', NULL);

-- changeset sameerkhan:1775937591491-63
INSERT INTO "audit_event" ("id", "organization_id", "branch_id", "event_type", "entity_type", "entity_id", "entity_number", "action", "actor_user_id", "actor_name_snapshot", "actor_role_snapshot", "warehouse_id", "customer_id", "supplier_id", "occurred_at", "summary", "payload_json", "device_id", "app_version", "ip_address", "created_at", "created_by", "updated_at", "updated_by") VALUES (1, 33, 71, 'SALE_POSTED', 'SALES_INVOICE', 9, 'INV-SPC-00002', 'POSTED', 170, 'Ritesh Patel', 'Administrator', 142, 52, NULL, '2026-03-05 18:20:00', 'Sales invoice posted with line snapshot', '{"lines": [{"id": 21, "uom_id": 4, "quantity": 6.000000, "tax_rate": 18.0000, "created_at": "2026-03-25T04:32:16.083557+05:30", "created_by": 170, "product_id": 41, "unit_price": 1020.00, "updated_at": "2026-03-25T04:32:16.083557+05:30", "updated_by": 170, "line_amount": 6120.00, "base_quantity": 72.000000, "discount_amount": 0.00, "sales_invoice_id": 9}, {"id": 22, "uom_id": 9, "quantity": 20.000000, "tax_rate": 18.0000, "created_at": "2026-03-25T04:32:16.083557+05:30", "created_by": 170, "product_id": 45, "unit_price": 55.00, "updated_at": "2026-03-25T04:32:16.083557+05:30", "updated_by": 170, "line_amount": 1100.00, "base_quantity": 20.000000, "discount_amount": 0.00, "sales_invoice_id": 9}, {"id": 23, "uom_id": 11, "quantity": 80.000000, "tax_rate": 18.0000, "created_at": "2026-03-25T04:32:16.083557+05:30", "created_by": 170, "product_id": 44, "unit_price": 92.00, "updated_at": "2026-03-25T04:32:16.083557+05:30", "updated_by": 170, "line_amount": 6860.00, "base_quantity": 80.000000, "discount_amount": 500.00, "sales_invoice_id": 9}], "batches": [{"line_id": 21, "batch_id": 20, "base_quantity": 72.000000}, {"line_id": 22, "batch_id": 19, "base_quantity": 20.000000}], "invoice": {"id": 9, "status": "PARTIALLY_PAID", "remarks": "Credit sale to trade customer", "subtotal": 14740.00, "branch_id": 71, "posted_at": "2026-03-05T18:20:00+05:30", "created_at": "2026-03-25T04:32:16.083557+05:30", "created_by": 170, "emailed_at": "2026-03-05T18:45:00+05:30", "printed_at": "2026-03-05T18:30:00+05:30", "tax_amount": 2563.20, "updated_at": "2026-03-25T04:32:16.083557+05:30", "updated_by": 170, "customer_id": 52, "cancelled_at": null, "cancelled_by": null, "invoice_date": "2026-03-05", "total_amount": 16803.20, "warehouse_id": 142, "cancel_reason": null, "price_list_id": 90, "invoice_number": "INV-SPC-00002", "discount_amount": 500.00, "organization_id": 33}, "serials": null, "customer": {"id": 52, "email": "accounts@shiventerprise.test", "gstin": "24AACCS2222L1Z8", "notes": "Credit customer", "phone": "+91-9811100003", "status": "ACTIVE", "branch_id": 71, "full_name": "Shiv Enterprise", "created_at": "2026-03-25T04:32:16.083557+05:30", "created_by": 170, "updated_at": "2026-03-25T04:32:16.083557+05:30", "updated_by": 170, "credit_limit": 150000.00, "customer_code": "CUST-SPC-003", "organization_id": 33}}', 'POS-71', '1.0.0-demo', '10.10.10.10', '2026-03-25 04:32:16.083557', 170, '2026-03-25 04:32:16.083557', 170);
INSERT INTO "audit_event" ("id", "organization_id", "branch_id", "event_type", "entity_type", "entity_id", "entity_number", "action", "actor_user_id", "actor_name_snapshot", "actor_role_snapshot", "warehouse_id", "customer_id", "supplier_id", "occurred_at", "summary", "payload_json", "device_id", "app_version", "ip_address", "created_at", "created_by", "updated_at", "updated_by") VALUES (2, 33, 72, 'SALE_POSTED', 'SALES_INVOICE', 10, 'INV-SPC-00001', 'POSTED', 173, 'Neha Parmar', 'Cashier', 144, 51, NULL, '2026-03-03 12:55:00', 'Sales invoice posted with line snapshot', '{"lines": [{"id": 24, "uom_id": 5, "quantity": 1.000000, "tax_rate": 18.0000, "created_at": "2026-03-25T04:32:16.083557+05:30", "created_by": 173, "product_id": 43, "unit_price": 12800.00, "updated_at": "2026-03-25T04:32:16.083557+05:30", "updated_by": 173, "line_amount": 12800.00, "base_quantity": 1.000000, "discount_amount": 0.00, "sales_invoice_id": 10}, {"id": 25, "uom_id": 5, "quantity": 1.000000, "tax_rate": 18.0000, "created_at": "2026-03-25T04:32:16.083557+05:30", "created_by": 173, "product_id": 42, "unit_price": 6500.00, "updated_at": "2026-03-25T04:32:16.083557+05:30", "updated_by": 173, "line_amount": 6500.00, "base_quantity": 1.000000, "discount_amount": 0.00, "sales_invoice_id": 10}], "batches": null, "invoice": {"id": 10, "status": "PAID", "remarks": "Counter sale with serial tracked items", "subtotal": 19295.00, "branch_id": 72, "posted_at": "2026-03-03T12:55:00+05:30", "created_at": "2026-03-25T04:32:16.083557+05:30", "created_by": 173, "emailed_at": null, "printed_at": "2026-03-03T13:00:00+05:30", "tax_amount": 3473.10, "updated_at": "2026-03-25T04:32:16.083557+05:30", "updated_by": 173, "customer_id": 51, "cancelled_at": null, "cancelled_by": null, "invoice_date": "2026-03-03", "total_amount": 22768.10, "warehouse_id": 144, "cancel_reason": null, "price_list_id": 90, "invoice_number": "INV-SPC-00001", "discount_amount": 0.00, "organization_id": 33}, "serials": [{"line_id": 25, "serial_number": "INV900-0003"}, {"line_id": 24, "serial_number": "BAT150-0103"}], "customer": {"id": 51, "email": "owner@jayambe.test", "gstin": null, "notes": "Retail repeat customer", "phone": "+91-9811100002", "status": "ACTIVE", "branch_id": 72, "full_name": "Jay Ambe Cold Drinks", "created_at": "2026-03-25T04:32:16.083557+05:30", "created_by": 173, "updated_at": "2026-03-25T04:32:16.083557+05:30", "updated_by": 173, "credit_limit": 50000.00, "customer_code": "CUST-SPC-002", "organization_id": 33}}', 'POS-72', '1.0.0-demo', '10.10.10.10', '2026-03-25 04:32:16.083557', 173, '2026-03-25 04:32:16.083557', 173);
INSERT INTO "audit_event" ("id", "organization_id", "branch_id", "event_type", "entity_type", "entity_id", "entity_number", "action", "actor_user_id", "actor_name_snapshot", "actor_role_snapshot", "warehouse_id", "customer_id", "supplier_id", "occurred_at", "summary", "payload_json", "device_id", "app_version", "ip_address", "created_at", "created_by", "updated_at", "updated_by") VALUES (3, 34, 74, 'SALE_POSTED', 'SALES_INVOICE', 11, 'INV-UHL-00001', 'POSTED', 181, 'Arjun Rana', 'Cashier', 149, 55, NULL, '2026-03-07 19:55:00', 'Sales invoice posted with line snapshot', '{"lines": [{"id": 26, "uom_id": 5, "quantity": 1.000000, "tax_rate": 18.0000, "created_at": "2026-03-25T04:32:16.083557+05:30", "created_by": 181, "product_id": 47, "unit_price": 2200.00, "updated_at": "2026-03-25T04:32:16.083557+05:30", "updated_by": 181, "line_amount": 2200.00, "base_quantity": 1.000000, "discount_amount": 0.00, "sales_invoice_id": 11}, {"id": 27, "uom_id": 3, "quantity": 1.000000, "tax_rate": 18.0000, "created_at": "2026-03-25T04:32:16.083557+05:30", "created_by": 181, "product_id": 50, "unit_price": 780.00, "updated_at": "2026-03-25T04:32:16.083557+05:30", "updated_by": 181, "line_amount": 780.00, "base_quantity": 20.000000, "discount_amount": 0.00, "sales_invoice_id": 11}, {"id": 28, "uom_id": 11, "quantity": 60.000000, "tax_rate": 18.0000, "created_at": "2026-03-25T04:32:16.083557+05:30", "created_by": 181, "product_id": 48, "unit_price": 24.00, "updated_at": "2026-03-25T04:32:16.083557+05:30", "updated_by": 181, "line_amount": 1440.00, "base_quantity": 60.000000, "discount_amount": 0.00, "sales_invoice_id": 11}, {"id": 29, "uom_id": 5, "quantity": 4.000000, "tax_rate": 18.0000, "created_at": "2026-03-25T04:32:16.083557+05:30", "created_by": 181, "product_id": 46, "unit_price": 650.00, "updated_at": "2026-03-25T04:32:16.083557+05:30", "updated_by": 181, "line_amount": 2600.00, "base_quantity": 4.000000, "discount_amount": 0.00, "sales_invoice_id": 11}], "batches": [{"line_id": 27, "batch_id": 22, "base_quantity": 20.000000}], "invoice": {"id": 11, "status": "PAID", "remarks": "Mixed retail basket", "subtotal": 5348.00, "branch_id": 74, "posted_at": "2026-03-07T19:55:00+05:30", "created_at": "2026-03-25T04:32:16.083557+05:30", "created_by": 181, "emailed_at": null, "printed_at": "2026-03-07T20:00:00+05:30", "tax_amount": 962.64, "updated_at": "2026-03-25T04:32:16.083557+05:30", "updated_by": 181, "customer_id": 55, "cancelled_at": null, "cancelled_by": null, "invoice_date": "2026-03-07", "total_amount": 6310.64, "warehouse_id": 149, "cancel_reason": null, "price_list_id": 94, "invoice_number": "INV-UHL-00001", "discount_amount": 0.00, "organization_id": 34}, "serials": [{"line_id": 26, "serial_number": "FAN1200-0202"}], "customer": {"id": 55, "email": "purchase@lumenmart.test", "gstin": null, "notes": "Retail chain counter", "phone": "+91-9822200002", "status": "ACTIVE", "branch_id": 74, "full_name": "Lumen Mart", "created_at": "2026-03-25T04:32:16.083557+05:30", "created_by": 180, "updated_at": "2026-03-25T04:32:16.083557+05:30", "updated_by": 180, "credit_limit": 75000.00, "customer_code": "CUST-UHL-002", "organization_id": 34}}', 'POS-74', '1.0.0-demo', '10.10.10.10', '2026-03-25 04:32:16.083557', 181, '2026-03-25 04:32:16.083557', 181);
INSERT INTO "audit_event" ("id", "organization_id", "branch_id", "event_type", "entity_type", "entity_id", "entity_number", "action", "actor_user_id", "actor_name_snapshot", "actor_role_snapshot", "warehouse_id", "customer_id", "supplier_id", "occurred_at", "summary", "payload_json", "device_id", "app_version", "ip_address", "created_at", "created_by", "updated_at", "updated_by") VALUES (4, 33, 72, 'SERVICE_PROGRESS', 'SERVICE_TICKET', 2, 'SVC-SPC-00001', 'UPDATED', 168, 'Sameer Khan', 'Owner', NULL, 51, NULL, '2026-03-25 04:32:16.083557', 'Service ticket updated and warranty path created', '{"items": [{"id": 2, "created_at": "2026-03-25T04:32:16.083557+05:30", "created_by": 168, "product_id": 43, "updated_at": "2026-03-25T04:32:16.083557+05:30", "updated_by": 168, "symptom_notes": "Battery discharges quickly", "diagnosis_notes": "Likely cell issue, claim with supplier", "serial_number_id": 54, "resolution_status": "PENDING", "service_ticket_id": 2, "product_ownership_id": 4}], "ticket": {"id": 2, "status": "IN_PROGRESS", "priority": "HIGH", "branch_id": 72, "created_at": "2026-03-25T04:32:16.083557+05:30", "created_by": 168, "updated_at": "2026-03-25T04:32:16.083557+05:30", "updated_by": 168, "customer_id": 51, "reported_on": "2026-03-20", "source_type": "INVOICE", "ticket_number": "SVC-SPC-00001", "organization_id": 33, "sales_invoice_id": 10, "complaint_summary": "Battery backup issue", "issue_description": "Customer reported low backup and repeated cut-off after installation.", "assigned_to_user_id": 175}, "visits": [{"id": 1, "branch_id": 72, "created_at": "2026-03-25T04:32:16.083557+05:30", "created_by": 168, "started_at": "2026-03-21T10:20:00+05:30", "updated_at": "2026-03-25T04:32:16.083557+05:30", "updated_by": 168, "visit_notes": "Voltage measured below threshold. Logged warranty case.", "completed_at": "2026-03-21T11:10:00+05:30", "scheduled_at": "2026-03-21T10:00:00+05:30", "visit_status": "COMPLETED", "organization_id": 33, "parts_used_json": [{"qty": 1, "part": "Terminal Kit"}], "customer_feedback": "Please resolve under warranty", "service_ticket_id": 2, "technician_user_id": 175}], "warranty_claim": {"id": 1, "status": "SUBMITTED", "branch_id": 72, "claim_date": "2026-03-21", "claim_type": "REPLACEMENT", "created_at": "2026-03-25T04:32:16.083557+05:30", "created_by": 168, "product_id": 43, "updated_at": "2026-03-25T04:32:16.083557+05:30", "updated_by": 168, "approved_on": null, "claim_notes": "Battery serial submitted for replacement under warranty.", "customer_id": 51, "supplier_id": 36, "claim_number": "WCL-SPC-00001", "distributor_id": 15, "organization_id": 33, "serial_number_id": 54, "service_ticket_id": 2}}', 'SERVICE-APP-01', '1.0.0-demo', '10.10.20.10', '2026-03-25 04:32:16.083557', 168, '2026-03-25 04:32:16.083557', 168);
INSERT INTO "audit_event" ("id", "organization_id", "branch_id", "event_type", "entity_type", "entity_id", "entity_number", "action", "actor_user_id", "actor_name_snapshot", "actor_role_snapshot", "warehouse_id", "customer_id", "supplier_id", "occurred_at", "summary", "payload_json", "device_id", "app_version", "ip_address", "created_at", "created_by", "updated_at", "updated_by") VALUES (5, 33, 71, 'CUSTOMER_RECEIPT_POSTED', 'customer_receipt', 11, 'RCT-20260326-1774474198610', 'POST', 168, 'SPC-OWN-01', 'ERP_USER', NULL, 52, NULL, '2026-03-26 02:59:58.631676', 'Customer receipt posted', '{"amount": 1000.0, "receiptNumber": "RCT-20260326-1774474198610"}', NULL, NULL, NULL, '2026-03-26 02:59:58.634103', 168, '2026-03-26 02:59:58.634103', 168);
INSERT INTO "audit_event" ("id", "organization_id", "branch_id", "event_type", "entity_type", "entity_id", "entity_number", "action", "actor_user_id", "actor_name_snapshot", "actor_role_snapshot", "warehouse_id", "customer_id", "supplier_id", "occurred_at", "summary", "payload_json", "device_id", "app_version", "ip_address", "created_at", "created_by", "updated_at", "updated_by") VALUES (6, 33, 71, 'CUSTOMER_RECEIPT_ALLOCATED', 'customer_receipt', 11, 'RCT-20260326-1774474198610', 'ALLOCATE', 168, 'SPC-OWN-01', 'ERP_USER', NULL, 52, NULL, '2026-03-26 02:59:58.722037', 'Customer receipt allocated', '{"allocated": 1000.0, "receiptNumber": "RCT-20260326-1774474198610"}', NULL, NULL, NULL, '2026-03-26 02:59:58.722175', 168, '2026-03-26 02:59:58.722175', 168);
INSERT INTO "audit_event" ("id", "organization_id", "branch_id", "event_type", "entity_type", "entity_id", "entity_number", "action", "actor_user_id", "actor_name_snapshot", "actor_role_snapshot", "warehouse_id", "customer_id", "supplier_id", "occurred_at", "summary", "payload_json", "device_id", "app_version", "ip_address", "created_at", "created_by", "updated_at", "updated_by") VALUES (7, 33, NULL, 'EXPENSE_CATEGORY_CREATED', 'expense_category', 169, 'OFFICE_AUTO', 'CREATE', 168, 'SPC-OWN-01', 'ERP_USER', NULL, NULL, NULL, '2026-03-26 03:12:33.577801', 'Expense category created', '{"code": "OFFICE_AUTO", "name": "Office Auto Verify"}', NULL, NULL, NULL, '2026-03-26 03:12:33.579931', 168, '2026-03-26 03:12:33.579931', 168);
INSERT INTO "audit_event" ("id", "organization_id", "branch_id", "event_type", "entity_type", "entity_id", "entity_number", "action", "actor_user_id", "actor_name_snapshot", "actor_role_snapshot", "warehouse_id", "customer_id", "supplier_id", "occurred_at", "summary", "payload_json", "device_id", "app_version", "ip_address", "created_at", "created_by", "updated_at", "updated_by") VALUES (8, 33, 71, 'EXPENSE_CREATED', 'expense', 5, 'EXP-20260326-1774474953626', 'CREATE', 168, 'SPC-OWN-01', 'ERP_USER', NULL, NULL, NULL, '2026-03-26 03:12:33.641255', 'Expense created', '{"amount": 750.0, "status": "APPROVED", "expenseNumber": "EXP-20260326-1774474953626"}', NULL, NULL, NULL, '2026-03-26 03:12:33.641861', 168, '2026-03-26 03:12:33.641861', 168);
INSERT INTO "audit_event" ("id", "organization_id", "branch_id", "event_type", "entity_type", "entity_id", "entity_number", "action", "actor_user_id", "actor_name_snapshot", "actor_role_snapshot", "warehouse_id", "customer_id", "supplier_id", "occurred_at", "summary", "payload_json", "device_id", "app_version", "ip_address", "created_at", "created_by", "updated_at", "updated_by") VALUES (9, 33, 71, 'EXPENSE_PAID', 'expense', 5, 'EXP-20260326-1774474953626', 'PAY', 168, 'SPC-OWN-01', 'ERP_USER', NULL, NULL, NULL, '2026-03-26 03:12:33.684055', 'Expense paid', '{"amount": 750.0, "expenseNumber": "EXP-20260326-1774474953626", "paymentMethod": "BANK"}', NULL, NULL, NULL, '2026-03-26 03:12:33.684183', 168, '2026-03-26 03:12:33.684183', 168);
INSERT INTO "audit_event" ("id", "organization_id", "branch_id", "event_type", "entity_type", "entity_id", "entity_number", "action", "actor_user_id", "actor_name_snapshot", "actor_role_snapshot", "warehouse_id", "customer_id", "supplier_id", "occurred_at", "summary", "payload_json", "device_id", "app_version", "ip_address", "created_at", "created_by", "updated_at", "updated_by") VALUES (10, 33, 71, 'EXPENSE_CREATED', 'expense', 6, 'EXP-20260326-1774474953713', 'CREATE', 168, 'SPC-OWN-01', 'ERP_USER', NULL, NULL, NULL, '2026-03-26 03:12:33.722724', 'Expense created', '{"amount": 420.0, "status": "PAID", "expenseNumber": "EXP-20260326-1774474953713"}', NULL, NULL, NULL, '2026-03-26 03:12:33.722828', 168, '2026-03-26 03:12:33.722828', 168);
INSERT INTO "audit_event" ("id", "organization_id", "branch_id", "event_type", "entity_type", "entity_id", "entity_number", "action", "actor_user_id", "actor_name_snapshot", "actor_role_snapshot", "warehouse_id", "customer_id", "supplier_id", "occurred_at", "summary", "payload_json", "device_id", "app_version", "ip_address", "created_at", "created_by", "updated_at", "updated_by") VALUES (11, 33, 73, 'INVENTORY_MOVEMENT', 'stock_movement', 118, 'INV-20260329-1774789091050', 'OUT_SALES_INVOICE', 168, 'SPC-OWN-01', 'ERP_USER', 142, NULL, NULL, '2026-03-29 18:28:11.17234', 'Inventory movement posted', '{"mode": "STANDARD", "lineId": 33, "invoiceId": 15, "productId": 51, "invoiceNumber": "INV-20260329-1774789091050"}', NULL, NULL, NULL, '2026-03-29 18:28:11.20313', 168, '2026-03-29 18:28:11.20313', 168);
INSERT INTO "audit_event" ("id", "organization_id", "branch_id", "event_type", "entity_type", "entity_id", "entity_number", "action", "actor_user_id", "actor_name_snapshot", "actor_role_snapshot", "warehouse_id", "customer_id", "supplier_id", "occurred_at", "summary", "payload_json", "device_id", "app_version", "ip_address", "created_at", "created_by", "updated_at", "updated_by") VALUES (12, 33, 73, 'INVENTORY_MOVEMENT', 'stock_movement', 119, 'INV-20260329-1774789091050', 'OUT_SALES_INVOICE', 168, 'SPC-OWN-01', 'ERP_USER', 142, NULL, NULL, '2026-03-29 18:28:11.227439', 'Inventory movement posted', '{"mode": "STANDARD", "lineId": 34, "invoiceId": 15, "productId": 44, "invoiceNumber": "INV-20260329-1774789091050"}', NULL, NULL, NULL, '2026-03-29 18:28:11.227574', 168, '2026-03-29 18:28:11.227574', 168);
INSERT INTO "audit_event" ("id", "organization_id", "branch_id", "event_type", "entity_type", "entity_id", "entity_number", "action", "actor_user_id", "actor_name_snapshot", "actor_role_snapshot", "warehouse_id", "customer_id", "supplier_id", "occurred_at", "summary", "payload_json", "device_id", "app_version", "ip_address", "created_at", "created_by", "updated_at", "updated_by") VALUES (13, 33, 73, 'SALES_INVOICE_POSTED', 'sales_invoice', 15, 'INV-20260329-1774789091050', 'POST', 168, 'SPC-OWN-01', 'ERP_USER', 142, 53, NULL, '2026-03-29 18:28:11.262928', 'Sales invoice posted', '{"total": 3403.12, "invoiceId": 15, "serialCount": 0, "invoiceNumber": "INV-20260329-1774789091050"}', NULL, NULL, NULL, '2026-03-29 18:28:11.263722', 168, '2026-03-29 18:28:11.263722', 168);
INSERT INTO "audit_event" ("id", "organization_id", "branch_id", "event_type", "entity_type", "entity_id", "entity_number", "action", "actor_user_id", "actor_name_snapshot", "actor_role_snapshot", "warehouse_id", "customer_id", "supplier_id", "occurred_at", "summary", "payload_json", "device_id", "app_version", "ip_address", "created_at", "created_by", "updated_at", "updated_by") VALUES (14, 33, 71, 'FINANCE_VOUCHER', 'voucher', 14, 'JOURNAL-33-00011', 'POST', 168, 'SPC-OWN-01', 'ERP_USER', NULL, NULL, NULL, '2026-03-29 20:14:14.279165', 'Finance voucher posted', '{"totalDebit": "1000.00", "totalCredit": "1000.00", "voucherType": "JOURNAL"}', NULL, NULL, NULL, '2026-03-29 20:14:14.281531', 168, '2026-03-29 20:14:14.281531', 168);
INSERT INTO "audit_event" ("id", "organization_id", "branch_id", "event_type", "entity_type", "entity_id", "entity_number", "action", "actor_user_id", "actor_name_snapshot", "actor_role_snapshot", "warehouse_id", "customer_id", "supplier_id", "occurred_at", "summary", "payload_json", "device_id", "app_version", "ip_address", "created_at", "created_by", "updated_at", "updated_by") VALUES (15, 33, 71, 'INVENTORY_MOVEMENT', 'stock_movement', 122, 'ADJ-20260329-1774795574973', 'IN_ADJUSTMENT_IN', 168, 'SPC-OWN-01', 'ERP_USER', 142, NULL, NULL, '2026-03-29 20:16:14.995943', 'Inventory movement posted', '{"reason": "Recurring invoice verification stock", "adjustmentNumber": "ADJ-20260329-1774795574973"}', NULL, NULL, NULL, '2026-03-29 20:16:14.998214', 168, '2026-03-29 20:16:14.998214', 168);
INSERT INTO "audit_event" ("id", "organization_id", "branch_id", "event_type", "entity_type", "entity_id", "entity_number", "action", "actor_user_id", "actor_name_snapshot", "actor_role_snapshot", "warehouse_id", "customer_id", "supplier_id", "occurred_at", "summary", "payload_json", "device_id", "app_version", "ip_address", "created_at", "created_by", "updated_at", "updated_by") VALUES (16, 33, 71, 'INVENTORY_MOVEMENT', 'stock_movement', 123, 'INV-20260329-1774795575062', 'OUT_SALES_INVOICE', 168, 'SPC-OWN-01', 'ERP_USER', 142, NULL, NULL, '2026-03-29 20:16:15.115861', 'Inventory movement posted', '{"mode": "STANDARD", "lineId": 43, "invoiceId": 26, "productId": 51, "invoiceNumber": "INV-20260329-1774795575062"}', NULL, NULL, NULL, '2026-03-29 20:16:15.116122', 168, '2026-03-29 20:16:15.116122', 168);
INSERT INTO "audit_event" ("id", "organization_id", "branch_id", "event_type", "entity_type", "entity_id", "entity_number", "action", "actor_user_id", "actor_name_snapshot", "actor_role_snapshot", "warehouse_id", "customer_id", "supplier_id", "occurred_at", "summary", "payload_json", "device_id", "app_version", "ip_address", "created_at", "created_by", "updated_at", "updated_by") VALUES (17, 33, 71, 'SALES_INVOICE_POSTED', 'sales_invoice', 26, 'INV-20260329-1774795575062', 'POST', 168, 'SPC-OWN-01', 'ERP_USER', 142, 50, NULL, '2026-03-29 20:16:15.133328', 'Sales invoice posted', '{"total": 1050.2, "invoiceId": 26, "serialCount": 0, "invoiceNumber": "INV-20260329-1774795575062"}', NULL, NULL, NULL, '2026-03-29 20:16:15.133901', 168, '2026-03-29 20:16:15.133901', 168);
INSERT INTO "audit_event" ("id", "organization_id", "branch_id", "event_type", "entity_type", "entity_id", "entity_number", "action", "actor_user_id", "actor_name_snapshot", "actor_role_snapshot", "warehouse_id", "customer_id", "supplier_id", "occurred_at", "summary", "payload_json", "device_id", "app_version", "ip_address", "created_at", "created_by", "updated_at", "updated_by") VALUES (18, 33, 73, 'SALES_INVOICE_POSTED', 'sales_invoice', 33, 'INV-20260329-1774796288341', 'POST', 168, 'SPC-OWN-01', 'ERP_USER', 142, 53, NULL, '2026-03-29 20:28:08.451368', 'Sales invoice posted', '{"total": 7670.0, "invoiceId": 33, "serialCount": 1, "invoiceNumber": "INV-20260329-1774796288341"}', NULL, NULL, NULL, '2026-03-29 20:28:08.455024', 168, '2026-03-29 20:28:08.455024', 168);
INSERT INTO "audit_event" ("id", "organization_id", "branch_id", "event_type", "entity_type", "entity_id", "entity_number", "action", "actor_user_id", "actor_name_snapshot", "actor_role_snapshot", "warehouse_id", "customer_id", "supplier_id", "occurred_at", "summary", "payload_json", "device_id", "app_version", "ip_address", "created_at", "created_by", "updated_at", "updated_by") VALUES (19, 33, 73, 'INVENTORY_MOVEMENT', 'stock_movement', 124, 'INV-20260329-1774796323171', 'OUT_SALES_INVOICE', 168, 'SPC-OWN-01', 'ERP_USER', 142, NULL, NULL, '2026-03-29 20:28:43.206235', 'Inventory movement posted', '{"mode": "BATCH", "lineId": 48, "invoiceId": 34, "productId": 45, "invoiceNumber": "INV-20260329-1774796323171"}', NULL, NULL, NULL, '2026-03-29 20:28:43.20641', 168, '2026-03-29 20:28:43.20641', 168);
INSERT INTO "audit_event" ("id", "organization_id", "branch_id", "event_type", "entity_type", "entity_id", "entity_number", "action", "actor_user_id", "actor_name_snapshot", "actor_role_snapshot", "warehouse_id", "customer_id", "supplier_id", "occurred_at", "summary", "payload_json", "device_id", "app_version", "ip_address", "created_at", "created_by", "updated_at", "updated_by") VALUES (20, 33, 73, 'SALES_INVOICE_POSTED', 'sales_invoice', 34, 'INV-20260329-1774796323171', 'POST', 168, 'SPC-OWN-01', 'ERP_USER', 142, 53, NULL, '2026-03-29 20:28:43.2204', 'Sales invoice posted', '{"total": 129.8, "invoiceId": 34, "serialCount": 0, "invoiceNumber": "INV-20260329-1774796323171"}', NULL, NULL, NULL, '2026-03-29 20:28:43.220557', 168, '2026-03-29 20:28:43.220557', 168);
INSERT INTO "audit_event" ("id", "organization_id", "branch_id", "event_type", "entity_type", "entity_id", "entity_number", "action", "actor_user_id", "actor_name_snapshot", "actor_role_snapshot", "warehouse_id", "customer_id", "supplier_id", "occurred_at", "summary", "payload_json", "device_id", "app_version", "ip_address", "created_at", "created_by", "updated_at", "updated_by") VALUES (21, 33, 73, 'INVENTORY_MOVEMENT', 'stock_movement', 125, 'INV-20260329-1774796479238', 'OUT_SALES_INVOICE', 168, 'SPC-OWN-01', 'ERP_USER', 142, NULL, NULL, '2026-03-29 20:31:19.312399', 'Inventory movement posted', '{"mode": "SERIAL", "lineId": 49, "invoiceId": 36, "productId": 42, "invoiceNumber": "INV-20260329-1774796479238"}', NULL, NULL, NULL, '2026-03-29 20:31:19.315484', 168, '2026-03-29 20:31:19.315484', 168);
INSERT INTO "audit_event" ("id", "organization_id", "branch_id", "event_type", "entity_type", "entity_id", "entity_number", "action", "actor_user_id", "actor_name_snapshot", "actor_role_snapshot", "warehouse_id", "customer_id", "supplier_id", "occurred_at", "summary", "payload_json", "device_id", "app_version", "ip_address", "created_at", "created_by", "updated_at", "updated_by") VALUES (22, 33, 73, 'SALES_INVOICE_POSTED', 'sales_invoice', 36, 'INV-20260329-1774796479238', 'POST', 168, 'SPC-OWN-01', 'ERP_USER', 142, 53, NULL, '2026-03-29 20:31:19.340983', 'Sales invoice posted', '{"total": 7670.0, "invoiceId": 36, "serialCount": 1, "invoiceNumber": "INV-20260329-1774796479238"}', NULL, NULL, NULL, '2026-03-29 20:31:19.341859', 168, '2026-03-29 20:31:19.341859', 168);
INSERT INTO "audit_event" ("id", "organization_id", "branch_id", "event_type", "entity_type", "entity_id", "entity_number", "action", "actor_user_id", "actor_name_snapshot", "actor_role_snapshot", "warehouse_id", "customer_id", "supplier_id", "occurred_at", "summary", "payload_json", "device_id", "app_version", "ip_address", "created_at", "created_by", "updated_at", "updated_by") VALUES (23, 33, 73, 'CUSTOMER_RECEIPT_POSTED', 'customer_receipt', 12, 'RCT-20260404-1775250012805', 'POST', 168, 'SPC-OWN-01', 'ERP_USER', NULL, 50, NULL, '2026-04-04 02:30:12.839523', 'Customer receipt posted', '{"amount": 1050.2, "receiptNumber": "RCT-20260404-1775250012805"}', NULL, NULL, NULL, '2026-04-04 02:30:12.842734', 168, '2026-04-04 02:30:12.842734', 168);
INSERT INTO "audit_event" ("id", "organization_id", "branch_id", "event_type", "entity_type", "entity_id", "entity_number", "action", "actor_user_id", "actor_name_snapshot", "actor_role_snapshot", "warehouse_id", "customer_id", "supplier_id", "occurred_at", "summary", "payload_json", "device_id", "app_version", "ip_address", "created_at", "created_by", "updated_at", "updated_by") VALUES (24, 33, 73, 'CUSTOMER_RECEIPT_ALLOCATED', 'customer_receipt', 12, 'RCT-20260404-1775250012805', 'ALLOCATE', 168, 'SPC-OWN-01', 'ERP_USER', NULL, 50, NULL, '2026-04-04 02:30:12.893137', 'Customer receipt allocated', '{"allocated": 1050.2, "receiptNumber": "RCT-20260404-1775250012805"}', NULL, NULL, NULL, '2026-04-04 02:30:12.893238', 168, '2026-04-04 02:30:12.893238', 168);
INSERT INTO "audit_event" ("id", "organization_id", "branch_id", "event_type", "entity_type", "entity_id", "entity_number", "action", "actor_user_id", "actor_name_snapshot", "actor_role_snapshot", "warehouse_id", "customer_id", "supplier_id", "occurred_at", "summary", "payload_json", "device_id", "app_version", "ip_address", "created_at", "created_by", "updated_at", "updated_by") VALUES (25, 33, 73, 'CUSTOMER_RECEIPT_POSTED', 'customer_receipt', 13, 'RCT-20260404-1775250668660', 'POST', 168, 'SPC-OWN-01', 'ERP_USER', NULL, 53, NULL, '2026-04-04 02:41:08.682318', 'Customer receipt posted', '{"amount": 5000, "receiptNumber": "RCT-20260404-1775250668660"}', NULL, NULL, NULL, '2026-04-04 02:41:08.684919', 168, '2026-04-04 02:41:08.684919', 168);
INSERT INTO "audit_event" ("id", "organization_id", "branch_id", "event_type", "entity_type", "entity_id", "entity_number", "action", "actor_user_id", "actor_name_snapshot", "actor_role_snapshot", "warehouse_id", "customer_id", "supplier_id", "occurred_at", "summary", "payload_json", "device_id", "app_version", "ip_address", "created_at", "created_by", "updated_at", "updated_by") VALUES (26, 33, 73, 'CUSTOMER_RECEIPT_ALLOCATED', 'customer_receipt', 13, 'RCT-20260404-1775250668660', 'ALLOCATE', 168, 'SPC-OWN-01', 'ERP_USER', NULL, 53, NULL, '2026-04-04 02:41:08.735715', 'Customer receipt allocated', '{"allocated": 5000, "receiptNumber": "RCT-20260404-1775250668660"}', NULL, NULL, NULL, '2026-04-04 02:41:08.735834', 168, '2026-04-04 02:41:08.735834', 168);
INSERT INTO "audit_event" ("id", "organization_id", "branch_id", "event_type", "entity_type", "entity_id", "entity_number", "action", "actor_user_id", "actor_name_snapshot", "actor_role_snapshot", "warehouse_id", "customer_id", "supplier_id", "occurred_at", "summary", "payload_json", "device_id", "app_version", "ip_address", "created_at", "created_by", "updated_at", "updated_by") VALUES (27, 33, 73, 'CUSTOMER_RECEIPT_POSTED', 'customer_receipt', 14, 'RCT-20260404-1775250716152', 'POST', 168, 'SPC-OWN-01', 'ERP_USER', NULL, 53, NULL, '2026-04-04 02:41:56.15989', 'Customer receipt posted', '{"amount": 2670, "receiptNumber": "RCT-20260404-1775250716152"}', NULL, NULL, NULL, '2026-04-04 02:41:56.159995', 168, '2026-04-04 02:41:56.159995', 168);
INSERT INTO "audit_event" ("id", "organization_id", "branch_id", "event_type", "entity_type", "entity_id", "entity_number", "action", "actor_user_id", "actor_name_snapshot", "actor_role_snapshot", "warehouse_id", "customer_id", "supplier_id", "occurred_at", "summary", "payload_json", "device_id", "app_version", "ip_address", "created_at", "created_by", "updated_at", "updated_by") VALUES (28, 33, 73, 'CUSTOMER_RECEIPT_ALLOCATED', 'customer_receipt', 14, 'RCT-20260404-1775250716152', 'ALLOCATE', 168, 'SPC-OWN-01', 'ERP_USER', NULL, 53, NULL, '2026-04-04 02:41:56.188164', 'Customer receipt allocated', '{"allocated": 2670, "receiptNumber": "RCT-20260404-1775250716152"}', NULL, NULL, NULL, '2026-04-04 02:41:56.188286', 168, '2026-04-04 02:41:56.188286', 168);
INSERT INTO "audit_event" ("id", "organization_id", "branch_id", "event_type", "entity_type", "entity_id", "entity_number", "action", "actor_user_id", "actor_name_snapshot", "actor_role_snapshot", "warehouse_id", "customer_id", "supplier_id", "occurred_at", "summary", "payload_json", "device_id", "app_version", "ip_address", "created_at", "created_by", "updated_at", "updated_by") VALUES (29, 33, 72, 'WARRANTY_EXTENSION_CREATED', 'warranty_extension', 1, 'EXT-DEMO-0001', 'CREATE', 168, 'SPC-OWN-01', 'ERP_USER', NULL, 51, NULL, '2026-04-04 20:33:54.870375', 'Warranty extension created', '{"endDate": "2029-03-03", "monthsAdded": 12, "extensionType": "PAID_EXTENDED", "productOwnershipId": 4}', NULL, NULL, NULL, '2026-04-04 20:33:54.870742', 168, '2026-04-04 20:33:54.870742', 168);
INSERT INTO "audit_event" ("id", "organization_id", "branch_id", "event_type", "entity_type", "entity_id", "entity_number", "action", "actor_user_id", "actor_name_snapshot", "actor_role_snapshot", "warehouse_id", "customer_id", "supplier_id", "occurred_at", "summary", "payload_json", "device_id", "app_version", "ip_address", "created_at", "created_by", "updated_at", "updated_by") VALUES (30, 33, 73, 'SALES_ORDER_CANCELLED', 'sales_order', 4, 'SO-20260404-1775326978275', 'CANCEL', 168, 'SPC-OWN-01', 'ERP_USER', 142, 53, NULL, '2026-04-04 23:53:23.161113', 'Sales order cancelled', '{"reason": "Customer rescheduled purchase during UI test"}', NULL, NULL, NULL, '2026-04-04 23:53:23.164918', 168, '2026-04-04 23:53:23.164918', 168);
INSERT INTO "audit_event" ("id", "organization_id", "branch_id", "event_type", "entity_type", "entity_id", "entity_number", "action", "actor_user_id", "actor_name_snapshot", "actor_role_snapshot", "warehouse_id", "customer_id", "supplier_id", "occurred_at", "summary", "payload_json", "device_id", "app_version", "ip_address", "created_at", "created_by", "updated_at", "updated_by") VALUES (31, 33, 73, 'SALES_QUOTE_CANCELLED', 'sales_quote', 10, 'QTN-20260404-1775326979058', 'CANCEL', 168, 'SPC-OWN-01', 'ERP_USER', 142, 53, NULL, '2026-04-04 23:53:23.804843', 'Sales quote cancelled', '{"reason": "Customer changed mind during UI test"}', NULL, NULL, NULL, '2026-04-04 23:53:23.804997', 168, '2026-04-04 23:53:23.804997', 168);
INSERT INTO "audit_event" ("id", "organization_id", "branch_id", "event_type", "entity_type", "entity_id", "entity_number", "action", "actor_user_id", "actor_name_snapshot", "actor_role_snapshot", "warehouse_id", "customer_id", "supplier_id", "occurred_at", "summary", "payload_json", "device_id", "app_version", "ip_address", "created_at", "created_by", "updated_at", "updated_by") VALUES (32, 33, NULL, 'FINANCE_ACCOUNT', 'account', 340, 'MISC_TEST_001', 'CREATE', 168, 'SPC-OWN-01', 'ERP_USER', NULL, NULL, NULL, '2026-04-05 01:05:11.245529', 'Finance account created', '{"code": "MISC_TEST_001", "name": "Misc Test Account"}', NULL, NULL, NULL, '2026-04-05 01:05:11.249287', 168, '2026-04-05 01:05:11.249287', 168);
INSERT INTO "audit_event" ("id", "organization_id", "branch_id", "event_type", "entity_type", "entity_id", "entity_number", "action", "actor_user_id", "actor_name_snapshot", "actor_role_snapshot", "warehouse_id", "customer_id", "supplier_id", "occurred_at", "summary", "payload_json", "device_id", "app_version", "ip_address", "created_at", "created_by", "updated_at", "updated_by") VALUES (33, 33, NULL, 'FINANCE_ACCOUNT', 'account', 340, 'MISC_TEST_001', 'UPDATE', 168, 'SPC-OWN-01', 'ERP_USER', NULL, NULL, NULL, '2026-04-05 01:05:39.957722', 'Finance account updated', '{"code": "MISC_TEST_001", "name": "Misc Test Account Updated", "active": false}', NULL, NULL, NULL, '2026-04-05 01:05:39.957908', 168, '2026-04-05 01:05:39.957908', 168);
INSERT INTO "audit_event" ("id", "organization_id", "branch_id", "event_type", "entity_type", "entity_id", "entity_number", "action", "actor_user_id", "actor_name_snapshot", "actor_role_snapshot", "warehouse_id", "customer_id", "supplier_id", "occurred_at", "summary", "payload_json", "device_id", "app_version", "ip_address", "created_at", "created_by", "updated_at", "updated_by") VALUES (34, 33, NULL, 'FINANCE_ACCOUNT', 'account', 340, 'MISC_TEST_001', 'DELETE', 168, 'SPC-OWN-01', 'ERP_USER', NULL, NULL, NULL, '2026-04-05 01:05:40.030992', 'Finance account deleted', '{"code": "MISC_TEST_001", "name": "Misc Test Account Updated"}', NULL, NULL, NULL, '2026-04-05 01:05:40.031139', 168, '2026-04-05 01:05:40.031139', 168);

-- changeset sameerkhan:1775937591491-64
INSERT INTO "product" ("id", "name", "description", "category_name", "brand_name", "base_uom_id", "inventory_tracking_mode", "serial_tracking_enabled", "batch_tracking_enabled", "expiry_tracking_enabled", "fractional_quantity_allowed", "is_service_item", "is_active", "created_at", "created_by", "updated_at", "updated_by", "hsn_code") VALUES (1, 'Ceiling Fan 1200mm', 'Fan with serial tracking', 'Lighting', 'HAVELLS', 5, 'SERIALIZED', TRUE, FALSE, FALSE, FALSE, FALSE, TRUE, '2026-03-25 04:32:16.083557', 176, '2026-03-25 04:32:16.083557', 176, '84145120') ON CONFLICT ("id") DO NOTHING;
INSERT INTO "product" ("id", "name", "description", "category_name", "brand_name", "base_uom_id", "inventory_tracking_mode", "serial_tracking_enabled", "batch_tracking_enabled", "expiry_tracking_enabled", "fractional_quantity_allowed", "is_service_item", "is_active", "created_at", "created_by", "updated_at", "updated_by", "hsn_code") VALUES (2, 'Copper Wire 6 Sqmm', 'Wire sold by metre', 'Wires & Cables', 'POLYCAB', 11, 'FRACTIONAL', FALSE, FALSE, FALSE, TRUE, FALSE, TRUE, '2026-03-25 04:32:16.083557', 168, '2026-03-25 04:32:16.083557', 168, '85444999') ON CONFLICT ("id") DO NOTHING;
INSERT INTO "product" ("id", "name", "description", "category_name", "brand_name", "base_uom_id", "inventory_tracking_mode", "serial_tracking_enabled", "batch_tracking_enabled", "expiry_tracking_enabled", "fractional_quantity_allowed", "is_service_item", "is_active", "created_at", "created_by", "updated_at", "updated_by", "hsn_code") VALUES (3, 'EcoVolt 900VA Inverter', 'Home inverter with serial tracking', 'Power Solutions', 'LUMINOUS', 5, 'SERIALIZED', TRUE, FALSE, FALSE, FALSE, FALSE, TRUE, '2026-03-25 04:32:16.083557', 168, '2026-03-25 04:32:16.083557', 168, '85044090') ON CONFLICT ("id") DO NOTHING;
INSERT INTO "product" ("id", "name", "description", "category_name", "brand_name", "base_uom_id", "inventory_tracking_mode", "serial_tracking_enabled", "batch_tracking_enabled", "expiry_tracking_enabled", "fractional_quantity_allowed", "is_service_item", "is_active", "created_at", "created_by", "updated_at", "updated_by", "hsn_code") VALUES (4, 'House Wire 1.5 Sqmm', 'Electrical wire sold by metre', 'Wires & Cables', 'HAVELLS', 11, 'FRACTIONAL', FALSE, FALSE, FALSE, TRUE, FALSE, TRUE, '2026-03-25 04:32:16.083557', 176, '2026-03-25 04:32:16.083557', 176, '85444999') ON CONFLICT ("id") DO NOTHING;
INSERT INTO "product" ("id", "name", "description", "category_name", "brand_name", "base_uom_id", "inventory_tracking_mode", "serial_tracking_enabled", "batch_tracking_enabled", "expiry_tracking_enabled", "fractional_quantity_allowed", "is_service_item", "is_active", "created_at", "created_by", "updated_at", "updated_by", "hsn_code") VALUES (5, 'LED Bulb 9W', 'Bulb sold in piece/dozen/carton', 'Lighting', 'PHILIPS', 5, 'MIXED_UOM', FALSE, TRUE, FALSE, FALSE, FALSE, TRUE, '2026-03-25 04:32:16.083557', 168, '2026-03-25 04:32:16.083557', 168, '85395000') ON CONFLICT ("id") DO NOTHING;
INSERT INTO "product" ("id", "name", "description", "category_name", "brand_name", "base_uom_id", "inventory_tracking_mode", "serial_tracking_enabled", "batch_tracking_enabled", "expiry_tracking_enabled", "fractional_quantity_allowed", "is_service_item", "is_active", "created_at", "created_by", "updated_at", "updated_by", "hsn_code") VALUES (6, 'LED Strip 5M', 'Strip lighting with batch control', 'Lighting', 'PHILIPS', 5, 'BATCHED', FALSE, TRUE, FALSE, FALSE, FALSE, TRUE, '2026-03-25 04:32:16.083557', 176, '2026-03-25 04:32:16.083557', 176, '94054090') ON CONFLICT ("id") DO NOTHING;
INSERT INTO "product" ("id", "name", "description", "category_name", "brand_name", "base_uom_id", "inventory_tracking_mode", "serial_tracking_enabled", "batch_tracking_enabled", "expiry_tracking_enabled", "fractional_quantity_allowed", "is_service_item", "is_active", "created_at", "created_by", "updated_at", "updated_by", "hsn_code") VALUES (7, 'Modular Switch 6A', 'Switch sold in box/carton', 'Lighting', 'HAVELLS', 5, 'MIXED_UOM', FALSE, TRUE, FALSE, FALSE, FALSE, TRUE, '2026-03-25 04:32:16.083557', 176, '2026-03-25 04:32:16.083557', 176, '85365090') ON CONFLICT ("id") DO NOTHING;
INSERT INTO "product" ("id", "name", "description", "category_name", "brand_name", "base_uom_id", "inventory_tracking_mode", "serial_tracking_enabled", "batch_tracking_enabled", "expiry_tracking_enabled", "fractional_quantity_allowed", "is_service_item", "is_active", "created_at", "created_by", "updated_at", "updated_by", "hsn_code") VALUES (8, 'Servo Battery Distilled Water 1L', 'Consumable sold by bottle / carton', 'Lubricants', 'SERVO', 9, 'BATCHED', FALSE, TRUE, FALSE, TRUE, FALSE, TRUE, '2026-03-25 04:32:16.083557', 168, '2026-03-25 04:32:16.083557', 168, '38200000') ON CONFLICT ("id") DO NOTHING;
INSERT INTO "product" ("id", "name", "description", "category_name", "brand_name", "base_uom_id", "inventory_tracking_mode", "serial_tracking_enabled", "batch_tracking_enabled", "expiry_tracking_enabled", "fractional_quantity_allowed", "is_service_item", "is_active", "created_at", "created_by", "updated_at", "updated_by", "hsn_code") VALUES (9, 'Slim Panel Light 18W', 'Ceiling panel light', 'Lighting', 'PHILIPS', 5, 'SIMPLE', FALSE, FALSE, FALSE, FALSE, FALSE, TRUE, '2026-03-25 04:32:16.083557', 176, '2026-03-25 04:32:16.083557', 176, '94054090') ON CONFLICT ("id") DO NOTHING;
INSERT INTO "product" ("id", "name", "description", "category_name", "brand_name", "base_uom_id", "inventory_tracking_mode", "serial_tracking_enabled", "batch_tracking_enabled", "expiry_tracking_enabled", "fractional_quantity_allowed", "is_service_item", "is_active", "created_at", "created_by", "updated_at", "updated_by", "hsn_code") VALUES (10, 'Tubular Battery 150AH', 'Battery with serial tracking and warranty', 'Battery', 'EXIDE', 5, 'SERIALIZED', TRUE, FALSE, FALSE, FALSE, FALSE, TRUE, '2026-03-25 04:32:16.083557', 168, '2026-03-25 04:32:16.083557', 168, '85072000') ON CONFLICT ("id") DO NOTHING;
INSERT INTO "product" ("id", "name", "description", "category_name", "brand_name", "base_uom_id", "inventory_tracking_mode", "serial_tracking_enabled", "batch_tracking_enabled", "expiry_tracking_enabled", "fractional_quantity_allowed", "is_service_item", "is_active", "created_at", "created_by", "updated_at", "updated_by", "hsn_code") VALUES (11, 'LED Flood Light 50W', 'Shared flood light demo product sold by both organizations', 'Lighting', 'PHILIPS', 5, 'SIMPLE', FALSE, FALSE, FALSE, FALSE, FALSE, TRUE, '2026-03-29 16:35:13.535523', NULL, '2026-03-29 16:35:13.535523', NULL, '94054090') ON CONFLICT ("id") DO NOTHING;
INSERT INTO "product" ("id", "name", "description", "category_name", "brand_name", "base_uom_id", "inventory_tracking_mode", "serial_tracking_enabled", "batch_tracking_enabled", "expiry_tracking_enabled", "fractional_quantity_allowed", "is_service_item", "is_active", "created_at", "created_by", "updated_at", "updated_by", "hsn_code") VALUES (14, 'Exide Dynamic Attribute Demo Battery', 'Live verification item for dynamic product attributes', 'Battery', 'EXIDE', 5, 'SERIALIZED', TRUE, FALSE, FALSE, FALSE, FALSE, TRUE, '2026-04-04 18:51:35.70822', 168, '2026-04-04 18:51:35.70822', 168, NULL) ON CONFLICT ("id") DO NOTHING;
INSERT INTO "product" ("id", "name", "description", "category_name", "brand_name", "base_uom_id", "inventory_tracking_mode", "serial_tracking_enabled", "batch_tracking_enabled", "expiry_tracking_enabled", "fractional_quantity_allowed", "is_service_item", "is_active", "created_at", "created_by", "updated_at", "updated_by", "hsn_code") VALUES (16, 'Luminous power inverter 1500 VA', NULL, 'Power Solutions', 'LUMINOUS', 5, 'SERIALIZED', TRUE, FALSE, FALSE, FALSE, FALSE, TRUE, '2026-04-04 19:36:02.59581', 168, '2026-04-04 19:36:02.59581', 168, NULL) ON CONFLICT ("id") DO NOTHING;

-- changeset sameerkhan:1775937591491-65
INSERT INTO "subscription_feature" ("id", "code", "name", "module_code", "description", "is_active", "created_at", "created_by", "updated_at", "updated_by") VALUES (1, 'dashboard', 'Dashboard', 'DASHBOARD', 'Access business dashboards', TRUE, '2026-03-25 06:47:22.620421', NULL, '2026-03-25 06:47:22.620421', NULL);
INSERT INTO "subscription_feature" ("id", "code", "name", "module_code", "description", "is_active", "created_at", "created_by", "updated_at", "updated_by") VALUES (2, 'masters', 'Masters', 'MASTERS', 'Manage core masters and settings data', TRUE, '2026-03-25 06:47:22.620421', NULL, '2026-03-25 06:47:22.620421', NULL);
INSERT INTO "subscription_feature" ("id", "code", "name", "module_code", "description", "is_active", "created_at", "created_by", "updated_at", "updated_by") VALUES (3, 'catalog', 'Catalog', 'CATALOG', 'Manage shared and store product catalog', TRUE, '2026-03-25 06:47:22.620421', NULL, '2026-03-25 06:47:22.620421', NULL);
INSERT INTO "subscription_feature" ("id", "code", "name", "module_code", "description", "is_active", "created_at", "created_by", "updated_at", "updated_by") VALUES (4, 'inventory', 'Inventory', 'INVENTORY', 'Track stock, serials, and batches', TRUE, '2026-03-25 06:47:22.620421', NULL, '2026-03-25 06:47:22.620421', NULL);
INSERT INTO "subscription_feature" ("id", "code", "name", "module_code", "description", "is_active", "created_at", "created_by", "updated_at", "updated_by") VALUES (5, 'purchases', 'Purchases', 'PURCHASES', 'Create purchase orders and receipts', TRUE, '2026-03-25 06:47:22.620421', NULL, '2026-03-25 06:47:22.620421', NULL);
INSERT INTO "subscription_feature" ("id", "code", "name", "module_code", "description", "is_active", "created_at", "created_by", "updated_at", "updated_by") VALUES (6, 'sales', 'Sales', 'SALES', 'Create sales invoices and receipts', TRUE, '2026-03-25 06:47:22.620421', NULL, '2026-03-25 06:47:22.620421', NULL);
INSERT INTO "subscription_feature" ("id", "code", "name", "module_code", "description", "is_active", "created_at", "created_by", "updated_at", "updated_by") VALUES (7, 'payments', 'Payments', 'PAYMENTS', 'Manage customer and supplier payments', TRUE, '2026-03-25 06:47:22.620421', NULL, '2026-03-25 06:47:22.620421', NULL);
INSERT INTO "subscription_feature" ("id", "code", "name", "module_code", "description", "is_active", "created_at", "created_by", "updated_at", "updated_by") VALUES (8, 'reports', 'Reports', 'REPORTS', 'View operational and financial reports', TRUE, '2026-03-25 06:47:22.620421', NULL, '2026-03-25 06:47:22.620421', NULL);
INSERT INTO "subscription_feature" ("id", "code", "name", "module_code", "description", "is_active", "created_at", "created_by", "updated_at", "updated_by") VALUES (9, 'expenses', 'Expenses', 'EXPENSES', 'Record and manage expenses', TRUE, '2026-03-25 06:47:22.620421', NULL, '2026-03-25 06:47:22.620421', NULL);
INSERT INTO "subscription_feature" ("id", "code", "name", "module_code", "description", "is_active", "created_at", "created_by", "updated_at", "updated_by") VALUES (10, 'service', 'Service', 'SERVICE', 'Manage service tickets and warranty claims', TRUE, '2026-03-25 06:47:22.620421', NULL, '2026-03-25 06:47:22.620421', NULL);
INSERT INTO "subscription_feature" ("id", "code", "name", "module_code", "description", "is_active", "created_at", "created_by", "updated_at", "updated_by") VALUES (11, 'settings', 'Settings', 'SETTINGS', 'Manage organization and application settings', TRUE, '2026-03-25 06:47:22.620421', NULL, '2026-03-25 06:47:22.620421', NULL);
INSERT INTO "subscription_feature" ("id", "code", "name", "module_code", "description", "is_active", "created_at", "created_by", "updated_at", "updated_by") VALUES (12, 'users', 'Users', 'USERS', 'Manage users and branch access', TRUE, '2026-03-25 06:47:22.620421', NULL, '2026-03-25 06:47:22.620421', NULL);
INSERT INTO "subscription_feature" ("id", "code", "name", "module_code", "description", "is_active", "created_at", "created_by", "updated_at", "updated_by") VALUES (13, 'multi_branch', 'Multi Branch', 'SETTINGS', 'Operate multiple counters/branches', TRUE, '2026-03-25 06:47:22.620421', NULL, '2026-03-25 06:47:22.620421', NULL);
INSERT INTO "subscription_feature" ("id", "code", "name", "module_code", "description", "is_active", "created_at", "created_by", "updated_at", "updated_by") VALUES (14, 'approvals', 'Approvals', 'APPROVALS', 'Use configurable approval workflows', TRUE, '2026-03-25 06:47:22.620421', NULL, '2026-03-25 06:47:22.620421', NULL);

-- changeset sameerkhan:1775937591491-66
INSERT INTO "subscription_plan_feature" ("id", "subscription_plan_id", "subscription_feature_id", "is_enabled", "feature_limit", "config_json", "created_at", "created_by", "updated_at", "updated_by") VALUES (1, 1, 12, TRUE, NULL, '{}', '2026-03-25 06:47:22.620421', NULL, '2026-03-25 06:47:22.620421', NULL);
INSERT INTO "subscription_plan_feature" ("id", "subscription_plan_id", "subscription_feature_id", "is_enabled", "feature_limit", "config_json", "created_at", "created_by", "updated_at", "updated_by") VALUES (2, 1, 11, TRUE, NULL, '{}', '2026-03-25 06:47:22.620421', NULL, '2026-03-25 06:47:22.620421', NULL);
INSERT INTO "subscription_plan_feature" ("id", "subscription_plan_id", "subscription_feature_id", "is_enabled", "feature_limit", "config_json", "created_at", "created_by", "updated_at", "updated_by") VALUES (3, 1, 8, TRUE, NULL, '{}', '2026-03-25 06:47:22.620421', NULL, '2026-03-25 06:47:22.620421', NULL);
INSERT INTO "subscription_plan_feature" ("id", "subscription_plan_id", "subscription_feature_id", "is_enabled", "feature_limit", "config_json", "created_at", "created_by", "updated_at", "updated_by") VALUES (4, 1, 7, TRUE, NULL, '{}', '2026-03-25 06:47:22.620421', NULL, '2026-03-25 06:47:22.620421', NULL);
INSERT INTO "subscription_plan_feature" ("id", "subscription_plan_id", "subscription_feature_id", "is_enabled", "feature_limit", "config_json", "created_at", "created_by", "updated_at", "updated_by") VALUES (5, 1, 6, TRUE, NULL, '{}', '2026-03-25 06:47:22.620421', NULL, '2026-03-25 06:47:22.620421', NULL);
INSERT INTO "subscription_plan_feature" ("id", "subscription_plan_id", "subscription_feature_id", "is_enabled", "feature_limit", "config_json", "created_at", "created_by", "updated_at", "updated_by") VALUES (6, 1, 5, TRUE, NULL, '{}', '2026-03-25 06:47:22.620421', NULL, '2026-03-25 06:47:22.620421', NULL);
INSERT INTO "subscription_plan_feature" ("id", "subscription_plan_id", "subscription_feature_id", "is_enabled", "feature_limit", "config_json", "created_at", "created_by", "updated_at", "updated_by") VALUES (7, 1, 4, TRUE, NULL, '{}', '2026-03-25 06:47:22.620421', NULL, '2026-03-25 06:47:22.620421', NULL);
INSERT INTO "subscription_plan_feature" ("id", "subscription_plan_id", "subscription_feature_id", "is_enabled", "feature_limit", "config_json", "created_at", "created_by", "updated_at", "updated_by") VALUES (8, 1, 3, TRUE, NULL, '{}', '2026-03-25 06:47:22.620421', NULL, '2026-03-25 06:47:22.620421', NULL);
INSERT INTO "subscription_plan_feature" ("id", "subscription_plan_id", "subscription_feature_id", "is_enabled", "feature_limit", "config_json", "created_at", "created_by", "updated_at", "updated_by") VALUES (9, 1, 2, TRUE, NULL, '{}', '2026-03-25 06:47:22.620421', NULL, '2026-03-25 06:47:22.620421', NULL);
INSERT INTO "subscription_plan_feature" ("id", "subscription_plan_id", "subscription_feature_id", "is_enabled", "feature_limit", "config_json", "created_at", "created_by", "updated_at", "updated_by") VALUES (10, 1, 1, TRUE, NULL, '{}', '2026-03-25 06:47:22.620421', NULL, '2026-03-25 06:47:22.620421', NULL);
INSERT INTO "subscription_plan_feature" ("id", "subscription_plan_id", "subscription_feature_id", "is_enabled", "feature_limit", "config_json", "created_at", "created_by", "updated_at", "updated_by") VALUES (11, 2, 13, TRUE, NULL, '{}', '2026-03-25 06:47:22.620421', NULL, '2026-03-25 06:47:22.620421', NULL);
INSERT INTO "subscription_plan_feature" ("id", "subscription_plan_id", "subscription_feature_id", "is_enabled", "feature_limit", "config_json", "created_at", "created_by", "updated_at", "updated_by") VALUES (12, 2, 12, TRUE, NULL, '{}', '2026-03-25 06:47:22.620421', NULL, '2026-03-25 06:47:22.620421', NULL);
INSERT INTO "subscription_plan_feature" ("id", "subscription_plan_id", "subscription_feature_id", "is_enabled", "feature_limit", "config_json", "created_at", "created_by", "updated_at", "updated_by") VALUES (13, 2, 11, TRUE, NULL, '{}', '2026-03-25 06:47:22.620421', NULL, '2026-03-25 06:47:22.620421', NULL);
INSERT INTO "subscription_plan_feature" ("id", "subscription_plan_id", "subscription_feature_id", "is_enabled", "feature_limit", "config_json", "created_at", "created_by", "updated_at", "updated_by") VALUES (14, 2, 10, TRUE, NULL, '{}', '2026-03-25 06:47:22.620421', NULL, '2026-03-25 06:47:22.620421', NULL);
INSERT INTO "subscription_plan_feature" ("id", "subscription_plan_id", "subscription_feature_id", "is_enabled", "feature_limit", "config_json", "created_at", "created_by", "updated_at", "updated_by") VALUES (15, 2, 9, TRUE, NULL, '{}', '2026-03-25 06:47:22.620421', NULL, '2026-03-25 06:47:22.620421', NULL);
INSERT INTO "subscription_plan_feature" ("id", "subscription_plan_id", "subscription_feature_id", "is_enabled", "feature_limit", "config_json", "created_at", "created_by", "updated_at", "updated_by") VALUES (16, 2, 8, TRUE, NULL, '{}', '2026-03-25 06:47:22.620421', NULL, '2026-03-25 06:47:22.620421', NULL);
INSERT INTO "subscription_plan_feature" ("id", "subscription_plan_id", "subscription_feature_id", "is_enabled", "feature_limit", "config_json", "created_at", "created_by", "updated_at", "updated_by") VALUES (17, 2, 7, TRUE, NULL, '{}', '2026-03-25 06:47:22.620421', NULL, '2026-03-25 06:47:22.620421', NULL);
INSERT INTO "subscription_plan_feature" ("id", "subscription_plan_id", "subscription_feature_id", "is_enabled", "feature_limit", "config_json", "created_at", "created_by", "updated_at", "updated_by") VALUES (18, 2, 6, TRUE, NULL, '{}', '2026-03-25 06:47:22.620421', NULL, '2026-03-25 06:47:22.620421', NULL);
INSERT INTO "subscription_plan_feature" ("id", "subscription_plan_id", "subscription_feature_id", "is_enabled", "feature_limit", "config_json", "created_at", "created_by", "updated_at", "updated_by") VALUES (19, 2, 5, TRUE, NULL, '{}', '2026-03-25 06:47:22.620421', NULL, '2026-03-25 06:47:22.620421', NULL);
INSERT INTO "subscription_plan_feature" ("id", "subscription_plan_id", "subscription_feature_id", "is_enabled", "feature_limit", "config_json", "created_at", "created_by", "updated_at", "updated_by") VALUES (20, 2, 4, TRUE, NULL, '{}', '2026-03-25 06:47:22.620421', NULL, '2026-03-25 06:47:22.620421', NULL);
INSERT INTO "subscription_plan_feature" ("id", "subscription_plan_id", "subscription_feature_id", "is_enabled", "feature_limit", "config_json", "created_at", "created_by", "updated_at", "updated_by") VALUES (21, 2, 3, TRUE, NULL, '{}', '2026-03-25 06:47:22.620421', NULL, '2026-03-25 06:47:22.620421', NULL);
INSERT INTO "subscription_plan_feature" ("id", "subscription_plan_id", "subscription_feature_id", "is_enabled", "feature_limit", "config_json", "created_at", "created_by", "updated_at", "updated_by") VALUES (22, 2, 2, TRUE, NULL, '{}', '2026-03-25 06:47:22.620421', NULL, '2026-03-25 06:47:22.620421', NULL);
INSERT INTO "subscription_plan_feature" ("id", "subscription_plan_id", "subscription_feature_id", "is_enabled", "feature_limit", "config_json", "created_at", "created_by", "updated_at", "updated_by") VALUES (23, 2, 1, TRUE, NULL, '{}', '2026-03-25 06:47:22.620421', NULL, '2026-03-25 06:47:22.620421', NULL);
INSERT INTO "subscription_plan_feature" ("id", "subscription_plan_id", "subscription_feature_id", "is_enabled", "feature_limit", "config_json", "created_at", "created_by", "updated_at", "updated_by") VALUES (24, 3, 14, TRUE, NULL, '{}', '2026-03-25 06:47:22.620421', NULL, '2026-03-25 06:47:22.620421', NULL);
INSERT INTO "subscription_plan_feature" ("id", "subscription_plan_id", "subscription_feature_id", "is_enabled", "feature_limit", "config_json", "created_at", "created_by", "updated_at", "updated_by") VALUES (25, 3, 13, TRUE, NULL, '{}', '2026-03-25 06:47:22.620421', NULL, '2026-03-25 06:47:22.620421', NULL);
INSERT INTO "subscription_plan_feature" ("id", "subscription_plan_id", "subscription_feature_id", "is_enabled", "feature_limit", "config_json", "created_at", "created_by", "updated_at", "updated_by") VALUES (26, 3, 12, TRUE, NULL, '{}', '2026-03-25 06:47:22.620421', NULL, '2026-03-25 06:47:22.620421', NULL);
INSERT INTO "subscription_plan_feature" ("id", "subscription_plan_id", "subscription_feature_id", "is_enabled", "feature_limit", "config_json", "created_at", "created_by", "updated_at", "updated_by") VALUES (27, 3, 11, TRUE, NULL, '{}', '2026-03-25 06:47:22.620421', NULL, '2026-03-25 06:47:22.620421', NULL);
INSERT INTO "subscription_plan_feature" ("id", "subscription_plan_id", "subscription_feature_id", "is_enabled", "feature_limit", "config_json", "created_at", "created_by", "updated_at", "updated_by") VALUES (28, 3, 10, TRUE, NULL, '{}', '2026-03-25 06:47:22.620421', NULL, '2026-03-25 06:47:22.620421', NULL);
INSERT INTO "subscription_plan_feature" ("id", "subscription_plan_id", "subscription_feature_id", "is_enabled", "feature_limit", "config_json", "created_at", "created_by", "updated_at", "updated_by") VALUES (29, 3, 9, TRUE, NULL, '{}', '2026-03-25 06:47:22.620421', NULL, '2026-03-25 06:47:22.620421', NULL);
INSERT INTO "subscription_plan_feature" ("id", "subscription_plan_id", "subscription_feature_id", "is_enabled", "feature_limit", "config_json", "created_at", "created_by", "updated_at", "updated_by") VALUES (30, 3, 8, TRUE, NULL, '{}', '2026-03-25 06:47:22.620421', NULL, '2026-03-25 06:47:22.620421', NULL);
INSERT INTO "subscription_plan_feature" ("id", "subscription_plan_id", "subscription_feature_id", "is_enabled", "feature_limit", "config_json", "created_at", "created_by", "updated_at", "updated_by") VALUES (31, 3, 7, TRUE, NULL, '{}', '2026-03-25 06:47:22.620421', NULL, '2026-03-25 06:47:22.620421', NULL);
INSERT INTO "subscription_plan_feature" ("id", "subscription_plan_id", "subscription_feature_id", "is_enabled", "feature_limit", "config_json", "created_at", "created_by", "updated_at", "updated_by") VALUES (32, 3, 6, TRUE, NULL, '{}', '2026-03-25 06:47:22.620421', NULL, '2026-03-25 06:47:22.620421', NULL);
INSERT INTO "subscription_plan_feature" ("id", "subscription_plan_id", "subscription_feature_id", "is_enabled", "feature_limit", "config_json", "created_at", "created_by", "updated_at", "updated_by") VALUES (33, 3, 5, TRUE, NULL, '{}', '2026-03-25 06:47:22.620421', NULL, '2026-03-25 06:47:22.620421', NULL);
INSERT INTO "subscription_plan_feature" ("id", "subscription_plan_id", "subscription_feature_id", "is_enabled", "feature_limit", "config_json", "created_at", "created_by", "updated_at", "updated_by") VALUES (34, 3, 4, TRUE, NULL, '{}', '2026-03-25 06:47:22.620421', NULL, '2026-03-25 06:47:22.620421', NULL);
INSERT INTO "subscription_plan_feature" ("id", "subscription_plan_id", "subscription_feature_id", "is_enabled", "feature_limit", "config_json", "created_at", "created_by", "updated_at", "updated_by") VALUES (35, 3, 3, TRUE, NULL, '{}', '2026-03-25 06:47:22.620421', NULL, '2026-03-25 06:47:22.620421', NULL);
INSERT INTO "subscription_plan_feature" ("id", "subscription_plan_id", "subscription_feature_id", "is_enabled", "feature_limit", "config_json", "created_at", "created_by", "updated_at", "updated_by") VALUES (36, 3, 2, TRUE, NULL, '{}', '2026-03-25 06:47:22.620421', NULL, '2026-03-25 06:47:22.620421', NULL);
INSERT INTO "subscription_plan_feature" ("id", "subscription_plan_id", "subscription_feature_id", "is_enabled", "feature_limit", "config_json", "created_at", "created_by", "updated_at", "updated_by") VALUES (37, 3, 1, TRUE, NULL, '{}', '2026-03-25 06:47:22.620421', NULL, '2026-03-25 06:47:22.620421', NULL);

-- changeset sameerkhan:1775937591491-67
INSERT INTO "organization_subscription" ("id", "organization_id", "subscription_plan_id", "status", "starts_on", "ends_on", "auto_renew", "purchased_at", "grace_until", "notes", "metadata_json", "created_at", "created_by", "updated_at", "updated_by") VALUES (2, 34, 2, 'ACTIVE', '2026-03-25', NULL, FALSE, '2026-03-25 06:47:22.620421', NULL, 'Backfilled default subscription during subscription schema migration', '{"source": "migration-006"}', '2026-03-25 06:47:22.620421', NULL, '2026-03-25 06:47:22.620421', NULL);
INSERT INTO "organization_subscription" ("id", "organization_id", "subscription_plan_id", "status", "starts_on", "ends_on", "auto_renew", "purchased_at", "grace_until", "notes", "metadata_json", "created_at", "created_by", "updated_at", "updated_by") VALUES (3, 16, 2, 'ACTIVE', '2026-03-25', NULL, FALSE, '2026-03-25 06:47:22.620421', NULL, 'Backfilled default subscription during subscription schema migration', '{"source": "migration-006"}', '2026-03-25 06:47:22.620421', NULL, '2026-03-25 06:47:22.620421', NULL);
INSERT INTO "organization_subscription" ("id", "organization_id", "subscription_plan_id", "status", "starts_on", "ends_on", "auto_renew", "purchased_at", "grace_until", "notes", "metadata_json", "created_at", "created_by", "updated_at", "updated_by") VALUES (4, 33, 2, 'ACTIVE', '2026-03-25', NULL, FALSE, '2026-03-25 06:51:58.006659', NULL, NULL, '{}', '2026-03-25 06:51:58.00648', 168, '2026-03-25 06:51:58.00648', 168);
INSERT INTO "organization_subscription" ("id", "organization_id", "subscription_plan_id", "status", "starts_on", "ends_on", "auto_renew", "purchased_at", "grace_until", "notes", "metadata_json", "created_at", "created_by", "updated_at", "updated_by") VALUES (1, 33, 2, 'CANCELLED', '2026-03-25', '2026-03-24', FALSE, '2026-03-25 06:47:22.620421', NULL, 'Backfilled default subscription during subscription schema migration', '{"source": "migration-006"}', '2026-03-25 06:47:22.620421', NULL, '2026-03-25 06:51:58.021488', 168);

-- changeset sameerkhan:1775937591491-68
INSERT INTO "person" ("id", "legal_name", "primary_phone", "primary_email", "phone_verified", "email_verified", "status", "created_at", "created_by", "updated_at", "updated_by") VALUES (1, 'Sameer Khan', '+91-9990000001', 'sameer@shaktipower.test', FALSE, FALSE, 'ACTIVE', '2026-03-25 04:32:16.083557', NULL, '2026-03-25 04:32:16.083557', NULL);
INSERT INTO "person" ("id", "legal_name", "primary_phone", "primary_email", "phone_verified", "email_verified", "status", "created_at", "created_by", "updated_at", "updated_by") VALUES (2, 'Aisha Khan', '+91-9990000002', 'aisha@shaktipower.test', FALSE, FALSE, 'ACTIVE', '2026-03-25 04:32:16.083557', NULL, '2026-03-25 04:32:16.083557', NULL);
INSERT INTO "person" ("id", "legal_name", "primary_phone", "primary_email", "phone_verified", "email_verified", "status", "created_at", "created_by", "updated_at", "updated_by") VALUES (3, 'Ritesh Patel', '+91-9990000003', 'ritesh@shaktipower.test', FALSE, FALSE, 'ACTIVE', '2026-03-25 04:32:16.083557', NULL, '2026-03-25 04:32:16.083557', NULL);
INSERT INTO "person" ("id", "legal_name", "primary_phone", "primary_email", "phone_verified", "email_verified", "status", "created_at", "created_by", "updated_at", "updated_by") VALUES (4, 'Kiran Shah', '+91-9990000004', 'kiran@shaktipower.test', FALSE, FALSE, 'ACTIVE', '2026-03-25 04:32:16.083557', NULL, '2026-03-25 04:32:16.083557', NULL);
INSERT INTO "person" ("id", "legal_name", "primary_phone", "primary_email", "phone_verified", "email_verified", "status", "created_at", "created_by", "updated_at", "updated_by") VALUES (5, 'Bhavesh Jadeja', '+91-9990000005', 'bhavesh@shaktipower.test', FALSE, FALSE, 'ACTIVE', '2026-03-25 04:32:16.083557', NULL, '2026-03-25 04:32:16.083557', NULL);
INSERT INTO "person" ("id", "legal_name", "primary_phone", "primary_email", "phone_verified", "email_verified", "status", "created_at", "created_by", "updated_at", "updated_by") VALUES (6, 'Neha Parmar', '+91-9990000006', 'neha@shaktipower.test', FALSE, FALSE, 'ACTIVE', '2026-03-25 04:32:16.083557', NULL, '2026-03-25 04:32:16.083557', NULL);
INSERT INTO "person" ("id", "legal_name", "primary_phone", "primary_email", "phone_verified", "email_verified", "status", "created_at", "created_by", "updated_at", "updated_by") VALUES (7, 'Manoj Solanki', '+91-9990000007', 'manoj@shaktipower.test', FALSE, FALSE, 'ACTIVE', '2026-03-25 04:32:16.083557', NULL, '2026-03-25 04:32:16.083557', NULL);
INSERT INTO "person" ("id", "legal_name", "primary_phone", "primary_email", "phone_verified", "email_verified", "status", "created_at", "created_by", "updated_at", "updated_by") VALUES (8, 'Ravi Makwana', '+91-9990000008', 'ravi@shaktipower.test', FALSE, FALSE, 'ACTIVE', '2026-03-25 04:32:16.083557', NULL, '2026-03-25 04:32:16.083557', NULL);
INSERT INTO "person" ("id", "legal_name", "primary_phone", "primary_email", "phone_verified", "email_verified", "status", "created_at", "created_by", "updated_at", "updated_by") VALUES (9, 'Priya Mehta', '+91-9990000011', 'priya@urbanlights.test', FALSE, FALSE, 'ACTIVE', '2026-03-25 04:32:16.083557', NULL, '2026-03-25 04:32:16.083557', NULL);
INSERT INTO "person" ("id", "legal_name", "primary_phone", "primary_email", "phone_verified", "email_verified", "status", "created_at", "created_by", "updated_at", "updated_by") VALUES (10, 'Nirav Mehta', '+91-9990000012', 'nirav@urbanlights.test', FALSE, FALSE, 'ACTIVE', '2026-03-25 04:32:16.083557', NULL, '2026-03-25 04:32:16.083557', NULL);
INSERT INTO "person" ("id", "legal_name", "primary_phone", "primary_email", "phone_verified", "email_verified", "status", "created_at", "created_by", "updated_at", "updated_by") VALUES (11, 'Jinesh Vora', '+91-9990000013', 'jinesh@urbanlights.test', FALSE, FALSE, 'ACTIVE', '2026-03-25 04:32:16.083557', NULL, '2026-03-25 04:32:16.083557', NULL);
INSERT INTO "person" ("id", "legal_name", "primary_phone", "primary_email", "phone_verified", "email_verified", "status", "created_at", "created_by", "updated_at", "updated_by") VALUES (12, 'Pooja Shah', '+91-9990000014', 'pooja@urbanlights.test', FALSE, FALSE, 'ACTIVE', '2026-03-25 04:32:16.083557', NULL, '2026-03-25 04:32:16.083557', NULL);
INSERT INTO "person" ("id", "legal_name", "primary_phone", "primary_email", "phone_verified", "email_verified", "status", "created_at", "created_by", "updated_at", "updated_by") VALUES (13, 'Hetal Desai', '+91-9990000015', 'hetal@urbanlights.test', FALSE, FALSE, 'ACTIVE', '2026-03-25 04:32:16.083557', NULL, '2026-03-25 04:32:16.083557', NULL);
INSERT INTO "person" ("id", "legal_name", "primary_phone", "primary_email", "phone_verified", "email_verified", "status", "created_at", "created_by", "updated_at", "updated_by") VALUES (14, 'Arjun Rana', '+91-9990000016', 'arjun@urbanlights.test', FALSE, FALSE, 'ACTIVE', '2026-03-25 04:32:16.083557', NULL, '2026-03-25 04:32:16.083557', NULL);
INSERT INTO "person" ("id", "legal_name", "primary_phone", "primary_email", "phone_verified", "email_verified", "status", "created_at", "created_by", "updated_at", "updated_by") VALUES (15, 'Mitesh Soni', '+91-9990000017', 'mitesh@urbanlights.test', FALSE, FALSE, 'ACTIVE', '2026-03-25 04:32:16.083557', NULL, '2026-03-25 04:32:16.083557', NULL);
INSERT INTO "person" ("id", "legal_name", "primary_phone", "primary_email", "phone_verified", "email_verified", "status", "created_at", "created_by", "updated_at", "updated_by") VALUES (16, 'ERP Verify', NULL, 'erpverify06@example.com', FALSE, FALSE, 'ACTIVE', '2026-03-25 04:19:25.139886', NULL, '2026-03-25 04:19:25.139886', NULL);
INSERT INTO "person" ("id", "legal_name", "primary_phone", "primary_email", "phone_verified", "email_verified", "status", "created_at", "created_by", "updated_at", "updated_by") VALUES (17, 'sameer khan', '8109698905', 'reza_sameer200@yahoo.com', FALSE, FALSE, 'ACTIVE', '2026-03-25 05:19:34.398817', NULL, '2026-03-25 05:19:34.398817', NULL);
INSERT INTO "person" ("id", "legal_name", "primary_phone", "primary_email", "phone_verified", "email_verified", "status", "created_at", "created_by", "updated_at", "updated_by") VALUES (18, 'Maa Electronics', '+91-9811100001', 'procurement@maaelectronics.test', FALSE, FALSE, 'ACTIVE', '2026-03-25 04:32:16.083557', 172, '2026-03-25 04:32:16.083557', 172);
INSERT INTO "person" ("id", "legal_name", "primary_phone", "primary_email", "phone_verified", "email_verified", "status", "created_at", "created_by", "updated_at", "updated_by") VALUES (19, 'Jay Ambe Cold Drinks', '+91-9811100002', 'owner@jayambe.test', FALSE, FALSE, 'ACTIVE', '2026-03-25 04:32:16.083557', 173, '2026-03-25 04:32:16.083557', 173);
INSERT INTO "person" ("id", "legal_name", "primary_phone", "primary_email", "phone_verified", "email_verified", "status", "created_at", "created_by", "updated_at", "updated_by") VALUES (20, 'Shiv Enterprise', '+91-9811100003', 'accounts@shiventerprise.test', FALSE, FALSE, 'ACTIVE', '2026-03-25 04:32:16.083557', 170, '2026-03-25 04:32:16.083557', 170);
INSERT INTO "person" ("id", "legal_name", "primary_phone", "primary_email", "phone_verified", "email_verified", "status", "created_at", "created_by", "updated_at", "updated_by") VALUES (21, 'Ocean Residency Society', '+91-9811100004', 'admin@oceanresidency.test', FALSE, FALSE, 'ACTIVE', '2026-03-25 04:32:16.083557', 168, '2026-03-25 04:32:16.083557', 168);
INSERT INTO "person" ("id", "legal_name", "primary_phone", "primary_email", "phone_verified", "email_verified", "status", "created_at", "created_by", "updated_at", "updated_by") VALUES (22, 'Bright Homes', '+91-9822200001', 'hello@brighthomes.test', FALSE, FALSE, 'ACTIVE', '2026-03-25 04:32:16.083557', 178, '2026-03-25 04:32:16.083557', 178);
INSERT INTO "person" ("id", "legal_name", "primary_phone", "primary_email", "phone_verified", "email_verified", "status", "created_at", "created_by", "updated_at", "updated_by") VALUES (23, 'Lumen Mart', '+91-9822200002', 'purchase@lumenmart.test', FALSE, FALSE, 'ACTIVE', '2026-03-25 04:32:16.083557', 180, '2026-03-25 04:32:16.083557', 180);
INSERT INTO "person" ("id", "legal_name", "primary_phone", "primary_email", "phone_verified", "email_verified", "status", "created_at", "created_by", "updated_at", "updated_by") VALUES (24, 'Vijay Traders', '+91-9822200003', 'vijay@traders.test', FALSE, FALSE, 'ACTIVE', '2026-03-25 04:32:16.083557', 181, '2026-03-25 04:32:16.083557', 181);
INSERT INTO "person" ("id", "legal_name", "primary_phone", "primary_email", "phone_verified", "email_verified", "status", "created_at", "created_by", "updated_at", "updated_by") VALUES (25, 'Exide Industrial Supplies', '+91-9833300001', 'sales@exide.test', FALSE, FALSE, 'ACTIVE', '2026-03-25 04:32:16.083557', 174, '2026-03-25 04:32:16.083557', 174);
INSERT INTO "person" ("id", "legal_name", "primary_phone", "primary_email", "phone_verified", "email_verified", "status", "created_at", "created_by", "updated_at", "updated_by") VALUES (26, 'Luminous Power Tech', '+91-9833300002', 'partner@luminous.test', FALSE, FALSE, 'ACTIVE', '2026-03-25 04:32:16.083557', 174, '2026-03-25 04:32:16.083557', 174);
INSERT INTO "person" ("id", "legal_name", "primary_phone", "primary_email", "phone_verified", "email_verified", "status", "created_at", "created_by", "updated_at", "updated_by") VALUES (27, 'Polycab Distribution', '+91-9833300003', 'wire@polycab.test', FALSE, FALSE, 'ACTIVE', '2026-03-25 04:32:16.083557', 174, '2026-03-25 04:32:16.083557', 174);
INSERT INTO "person" ("id", "legal_name", "primary_phone", "primary_email", "phone_verified", "email_verified", "status", "created_at", "created_by", "updated_at", "updated_by") VALUES (28, 'Philips Lighting India', '+91-9844400001', 'b2b@philips.test', FALSE, FALSE, 'ACTIVE', '2026-03-25 04:32:16.083557', 178, '2026-03-25 04:32:16.083557', 178);
INSERT INTO "person" ("id", "legal_name", "primary_phone", "primary_email", "phone_verified", "email_verified", "status", "created_at", "created_by", "updated_at", "updated_by") VALUES (29, 'Havells Trade Channel', '+91-9844400002', 'trade@havells.test', FALSE, FALSE, 'ACTIVE', '2026-03-25 04:32:16.083557', 178, '2026-03-25 04:32:16.083557', 178);
INSERT INTO "person" ("id", "legal_name", "primary_phone", "primary_email", "phone_verified", "email_verified", "status", "created_at", "created_by", "updated_at", "updated_by") VALUES (30, 'Gujarat Energy Distribution', '+91-9855500001', 'warranty@ged.test', FALSE, FALSE, 'ACTIVE', '2026-03-25 04:32:16.083557', 170, '2026-03-25 04:32:16.083557', 170);
INSERT INTO "person" ("id", "legal_name", "primary_phone", "primary_email", "phone_verified", "email_verified", "status", "created_at", "created_by", "updated_at", "updated_by") VALUES (31, 'West India Electrical Distributors', '+91-9855500002', 'claims@wied.test', FALSE, FALSE, 'ACTIVE', '2026-03-25 04:32:16.083557', 178, '2026-03-25 04:32:16.083557', 178);
INSERT INTO "person" ("id", "legal_name", "primary_phone", "primary_email", "phone_verified", "email_verified", "status", "created_at", "created_by", "updated_at", "updated_by") VALUES (34, 'Identity Check', NULL, 'identitycheck03@example.com', FALSE, FALSE, 'ACTIVE', '2026-03-25 12:39:41.510758', NULL, '2026-03-25 12:39:41.510758', NULL);
INSERT INTO "person" ("id", "legal_name", "primary_phone", "primary_email", "phone_verified", "email_verified", "status", "created_at", "created_by", "updated_at", "updated_by") VALUES (36, 'Guard Check', NULL, 'guardcheck02@example.com', FALSE, FALSE, 'ACTIVE', '2026-03-25 19:15:27.823172', NULL, '2026-03-25 19:15:27.823172', NULL);
INSERT INTO "person" ("id", "legal_name", "primary_phone", "primary_email", "phone_verified", "email_verified", "status", "created_at", "created_by", "updated_at", "updated_by") VALUES (37, 'Guard Check', NULL, 'guardcheck03@example.com', FALSE, FALSE, 'ACTIVE', '2026-03-25 19:17:24.923567', NULL, '2026-03-25 19:17:24.923567', NULL);
INSERT INTO "person" ("id", "legal_name", "primary_phone", "primary_email", "phone_verified", "email_verified", "status", "created_at", "created_by", "updated_at", "updated_by") VALUES (38, 'Admin Demo Employee', '9999990001', 'demo.employee@spc.local', FALSE, FALSE, 'ACTIVE', '2026-03-29 23:34:45.203011', NULL, '2026-03-29 23:34:45.203011', NULL);
INSERT INTO "person" ("id", "legal_name", "primary_phone", "primary_email", "phone_verified", "email_verified", "status", "created_at", "created_by", "updated_at", "updated_by") VALUES (39, 'Admin Demo Employee Two', '9999990002', 'demo.employee2@spc.local', FALSE, FALSE, 'ACTIVE', '2026-03-29 23:36:46.669984', NULL, '2026-03-29 23:36:46.669984', NULL);
INSERT INTO "person" ("id", "legal_name", "primary_phone", "primary_email", "phone_verified", "email_verified", "status", "created_at", "created_by", "updated_at", "updated_by") VALUES (40, 'Auto Code Employee', '9999900033', 'autocode.employee@example.com', FALSE, FALSE, 'ACTIVE', '2026-04-05 01:37:14.919159', NULL, '2026-04-05 01:37:14.919159', NULL);
INSERT INTO "person" ("id", "legal_name", "primary_phone", "primary_email", "phone_verified", "email_verified", "status", "created_at", "created_by", "updated_at", "updated_by") VALUES (41, 'Retail Platform Admin', '+91-9990000099', 'platform-admin@retailmanagement.test', TRUE, TRUE, 'ACTIVE', '2026-04-05 02:11:19.371302', NULL, '2026-04-05 02:11:19.371302', NULL);

-- changeset sameerkhan:1775937591491-69
INSERT INTO "auth_account" ("id", "person_id", "login_identifier", "password_hash", "is_active", "is_locked", "last_login_at", "created_at", "created_by", "updated_at", "updated_by") VALUES (4, 4, 'SPC-ACC-01', '{noop}secret123', TRUE, FALSE, NULL, '2026-03-25 04:32:16.083557', NULL, '2026-03-25 04:32:16.083557', NULL);
INSERT INTO "auth_account" ("id", "person_id", "login_identifier", "password_hash", "is_active", "is_locked", "last_login_at", "created_at", "created_by", "updated_at", "updated_by") VALUES (5, 5, 'SPC-MGR-01', '{noop}secret123', TRUE, FALSE, NULL, '2026-03-25 04:32:16.083557', NULL, '2026-03-25 04:32:16.083557', NULL);
INSERT INTO "auth_account" ("id", "person_id", "login_identifier", "password_hash", "is_active", "is_locked", "last_login_at", "created_at", "created_by", "updated_at", "updated_by") VALUES (6, 6, 'SPC-CAS-01', '{noop}secret123', TRUE, FALSE, NULL, '2026-03-25 04:32:16.083557', NULL, '2026-03-25 04:32:16.083557', NULL);
INSERT INTO "auth_account" ("id", "person_id", "login_identifier", "password_hash", "is_active", "is_locked", "last_login_at", "created_at", "created_by", "updated_at", "updated_by") VALUES (7, 7, 'SPC-PUR-01', '{noop}secret123', TRUE, FALSE, NULL, '2026-03-25 04:32:16.083557', NULL, '2026-03-25 04:32:16.083557', NULL);
INSERT INTO "auth_account" ("id", "person_id", "login_identifier", "password_hash", "is_active", "is_locked", "last_login_at", "created_at", "created_by", "updated_at", "updated_by") VALUES (8, 8, 'SPC-TEC-01', '{noop}secret123', TRUE, FALSE, NULL, '2026-03-25 04:32:16.083557', NULL, '2026-03-25 04:32:16.083557', NULL);
INSERT INTO "auth_account" ("id", "person_id", "login_identifier", "password_hash", "is_active", "is_locked", "last_login_at", "created_at", "created_by", "updated_at", "updated_by") VALUES (10, 10, 'UHL-OWN-02', '{noop}secret123', TRUE, FALSE, NULL, '2026-03-25 04:32:16.083557', NULL, '2026-03-25 04:32:16.083557', NULL);
INSERT INTO "auth_account" ("id", "person_id", "login_identifier", "password_hash", "is_active", "is_locked", "last_login_at", "created_at", "created_by", "updated_at", "updated_by") VALUES (11, 11, 'UHL-ADM-01', '{noop}secret123', TRUE, FALSE, NULL, '2026-03-25 04:32:16.083557', NULL, '2026-03-25 04:32:16.083557', NULL);
INSERT INTO "auth_account" ("id", "person_id", "login_identifier", "password_hash", "is_active", "is_locked", "last_login_at", "created_at", "created_by", "updated_at", "updated_by") VALUES (12, 12, 'UHL-ACC-01', '{noop}secret123', TRUE, FALSE, NULL, '2026-03-25 04:32:16.083557', NULL, '2026-03-25 04:32:16.083557', NULL);
INSERT INTO "auth_account" ("id", "person_id", "login_identifier", "password_hash", "is_active", "is_locked", "last_login_at", "created_at", "created_by", "updated_at", "updated_by") VALUES (13, 13, 'UHL-MGR-01', '{noop}secret123', TRUE, FALSE, NULL, '2026-03-25 04:32:16.083557', NULL, '2026-03-25 04:32:16.083557', NULL);
INSERT INTO "auth_account" ("id", "person_id", "login_identifier", "password_hash", "is_active", "is_locked", "last_login_at", "created_at", "created_by", "updated_at", "updated_by") VALUES (14, 14, 'UHL-CAS-01', '{noop}secret123', TRUE, FALSE, NULL, '2026-03-25 04:32:16.083557', NULL, '2026-03-25 04:32:16.083557', NULL);
INSERT INTO "auth_account" ("id", "person_id", "login_identifier", "password_hash", "is_active", "is_locked", "last_login_at", "created_at", "created_by", "updated_at", "updated_by") VALUES (15, 15, 'UHL-TEC-01', '{noop}secret123', TRUE, FALSE, NULL, '2026-03-25 04:32:16.083557', NULL, '2026-03-25 04:32:16.083557', NULL);
INSERT INTO "auth_account" ("id", "person_id", "login_identifier", "password_hash", "is_active", "is_locked", "last_login_at", "created_at", "created_by", "updated_at", "updated_by") VALUES (16, 16, 'erpverify06', '{bcrypt}$2a$10$KyQpG8d/2F8wtQxc4fbAYOzC4BKAvaLNEkYQPuHJ3h5hT/0srFhva', TRUE, FALSE, NULL, '2026-03-25 04:19:25.139886', NULL, '2026-03-25 04:19:25.139886', NULL);
INSERT INTO "auth_account" ("id", "person_id", "login_identifier", "password_hash", "is_active", "is_locked", "last_login_at", "created_at", "created_by", "updated_at", "updated_by") VALUES (20, 34, 'identitycheck03', '{bcrypt}$2a$10$uBqUbDieu1y3I1WHzuND3.Asv4OHEBk9MkKwQipFK1IPUt3u9bjY.', TRUE, FALSE, '2026-03-25 12:40:12.288238', '2026-03-25 12:39:41.524162', NULL, '2026-03-25 12:40:12.289573', NULL);
INSERT INTO "auth_account" ("id", "person_id", "login_identifier", "password_hash", "is_active", "is_locked", "last_login_at", "created_at", "created_by", "updated_at", "updated_by") VALUES (22, 36, 'guardcheck02', '{bcrypt}$2a$10$ig8UaT3m1VOR0vesH4V56ebRrWTfe0d0UqKzzi0QyxvZ133VllwVK', TRUE, FALSE, NULL, '2026-03-25 19:15:27.837133', NULL, '2026-03-25 19:15:27.837133', NULL);
INSERT INTO "auth_account" ("id", "person_id", "login_identifier", "password_hash", "is_active", "is_locked", "last_login_at", "created_at", "created_by", "updated_at", "updated_by") VALUES (23, 37, 'guardcheck03', '{bcrypt}$2a$10$oVypFHkUqk9hpR/9EzncyuMf3TFEtQLMJqewRc4L3Py.6q5HTEc8G', TRUE, FALSE, NULL, '2026-03-25 19:17:24.937662', NULL, '2026-03-25 19:17:24.937662', NULL);
INSERT INTO "auth_account" ("id", "person_id", "login_identifier", "password_hash", "is_active", "is_locked", "last_login_at", "created_at", "created_by", "updated_at", "updated_by") VALUES (3, 3, 'SPC-ADM-01', '{noop}secret123', TRUE, FALSE, '2026-04-05 00:57:49.84428', '2026-03-25 04:32:16.083557', NULL, '2026-04-05 00:57:49.845569', NULL);
INSERT INTO "auth_account" ("id", "person_id", "login_identifier", "password_hash", "is_active", "is_locked", "last_login_at", "created_at", "created_by", "updated_at", "updated_by") VALUES (26, 40, 'spc-emp-auto-03', '{bcrypt}$2a$10$4g2ezRHVHugG0Q.DZHouue/tvdCMDBBi12dg3KDsxbk8eZNsjcOlG', TRUE, FALSE, NULL, '2026-04-05 01:37:15.0188', NULL, '2026-04-05 01:37:15.0188', NULL);
INSERT INTO "auth_account" ("id", "person_id", "login_identifier", "password_hash", "is_active", "is_locked", "last_login_at", "created_at", "created_by", "updated_at", "updated_by") VALUES (25, 39, 'SPC-EMP-ADM-02', '{bcrypt}$2a$10$Fn83nkKfW3YN4qg4F4vTA.WkKevgdmLuCnhuqvzgjZwUSaRCwgswK', TRUE, FALSE, NULL, '2026-03-29 23:36:46.811887', NULL, '2026-04-05 04:40:01.686837', NULL);
INSERT INTO "auth_account" ("id", "person_id", "login_identifier", "password_hash", "is_active", "is_locked", "last_login_at", "created_at", "created_by", "updated_at", "updated_by") VALUES (24, 38, 'SPC-EMP-ADM-01', '{bcrypt}$2a$10$FAdCrVVBwP/EUxkEG0aJL.gj32LBgiFI1ZqEg.LQxG7KTMYPPvhcy', TRUE, FALSE, NULL, '2026-03-29 23:34:45.295338', NULL, '2026-03-29 23:34:45.295338', NULL);
INSERT INTO "auth_account" ("id", "person_id", "login_identifier", "password_hash", "is_active", "is_locked", "last_login_at", "created_at", "created_by", "updated_at", "updated_by") VALUES (17, 17, 'sameer.khan', '{bcrypt}$2a$10$YQ97Si0LPRMgMJ0QdPYH.e8oCQMqig9igjQFT8Aa/i72LdHM1v0Fi', TRUE, FALSE, '2026-03-31 17:38:38.643923', '2026-03-25 05:19:34.398817', NULL, '2026-03-31 17:38:38.644193', NULL);
INSERT INTO "auth_account" ("id", "person_id", "login_identifier", "password_hash", "is_active", "is_locked", "last_login_at", "created_at", "created_by", "updated_at", "updated_by") VALUES (27, 41, 'PLAT-ADM-01', '{noop}secret123', TRUE, FALSE, '2026-04-10 17:01:14.509027', '2026-04-05 02:11:19.371302', NULL, '2026-04-10 17:01:14.510004', NULL);
INSERT INTO "auth_account" ("id", "person_id", "login_identifier", "password_hash", "is_active", "is_locked", "last_login_at", "created_at", "created_by", "updated_at", "updated_by") VALUES (9, 9, 'UHL-OWN-01', '{noop}secret123', TRUE, FALSE, '2026-04-10 19:47:36.799598', '2026-03-25 04:32:16.083557', NULL, '2026-04-10 19:47:36.804142', NULL);
INSERT INTO "auth_account" ("id", "person_id", "login_identifier", "password_hash", "is_active", "is_locked", "last_login_at", "created_at", "created_by", "updated_at", "updated_by") VALUES (2, 2, 'SPC-OWN-02', '{noop}secret123', TRUE, FALSE, '2026-04-11 16:49:05.765164', '2026-03-25 04:32:16.083557', NULL, '2026-04-11 16:49:05.769585', NULL);
INSERT INTO "auth_account" ("id", "person_id", "login_identifier", "password_hash", "is_active", "is_locked", "last_login_at", "created_at", "created_by", "updated_at", "updated_by") VALUES (1, 1, 'SPC-OWN-01', '{noop}secret123', TRUE, FALSE, '2026-04-11 16:50:01.301022', '2026-03-25 04:32:16.083557', NULL, '2026-04-11 16:50:01.301455', NULL);

-- changeset sameerkhan:1775937591491-69-1
UPDATE "organization"
SET "owner_account_id" = CASE "id"
    WHEN 34 THEN 9
    WHEN 16 THEN 16
    WHEN 35 THEN 1
    WHEN 36 THEN 1
    WHEN 37 THEN 27
    WHEN 33 THEN 1
END
WHERE "id" IN (34, 16, 35, 36, 37, 33);

UPDATE "app_user"
SET "person_id" = CASE "id"
    WHEN 188 THEN 36
    WHEN 190 THEN 1
    WHEN 191 THEN 1
    WHEN 195 THEN 41
    WHEN 193 THEN 39
    WHEN 169 THEN 2
    WHEN 171 THEN 4
    WHEN 172 THEN 5
    WHEN 173 THEN 6
    WHEN 174 THEN 7
    WHEN 175 THEN 8
    WHEN 177 THEN 10
    WHEN 178 THEN 11
    WHEN 179 THEN 12
    WHEN 180 THEN 13
    WHEN 181 THEN 14
    WHEN 182 THEN 15
    WHEN 47 THEN 16
    WHEN 186 THEN 34
    WHEN 168 THEN 1
    WHEN 189 THEN 37
    WHEN 194 THEN 40
    WHEN 183 THEN 17
    WHEN 192 THEN 38
    WHEN 170 THEN 3
    WHEN 176 THEN 9
END,
"account_id" = CASE "id"
    WHEN 188 THEN 22
    WHEN 190 THEN 1
    WHEN 191 THEN 1
    WHEN 195 THEN 27
    WHEN 193 THEN 25
    WHEN 169 THEN 2
    WHEN 171 THEN 4
    WHEN 172 THEN 5
    WHEN 173 THEN 6
    WHEN 174 THEN 7
    WHEN 175 THEN 8
    WHEN 177 THEN 10
    WHEN 178 THEN 11
    WHEN 179 THEN 12
    WHEN 180 THEN 13
    WHEN 181 THEN 14
    WHEN 182 THEN 15
    WHEN 47 THEN 16
    WHEN 186 THEN 20
    WHEN 168 THEN 1
    WHEN 189 THEN 23
    WHEN 194 THEN 26
    WHEN 183 THEN 17
    WHEN 192 THEN 24
    WHEN 170 THEN 3
    WHEN 176 THEN 9
END
WHERE "id" IN (188, 190, 191, 195, 193, 169, 171, 172, 173, 174, 175, 177, 178, 179, 180, 181, 182, 47, 186, 168, 189, 194, 183, 192, 170, 176);

DELETE FROM "auth_account" WHERE "id" = 999999;
DELETE FROM "person" WHERE "id" = 999999;

-- changeset sameerkhan:1775937591491-70
INSERT INTO "organization_person_profile" ("id", "organization_id", "person_id", "display_name", "phone_for_org", "email_for_org", "notes", "tags", "preferred_language", "is_active", "created_at", "created_by", "updated_at", "updated_by") VALUES (1, 33, 1, 'Sameer Khan', '+91-9990000001', 'sameer@shaktipower.test', NULL, '[]', NULL, TRUE, '2026-03-25 04:32:16.083557', NULL, '2026-03-25 04:32:16.083557', NULL);
INSERT INTO "organization_person_profile" ("id", "organization_id", "person_id", "display_name", "phone_for_org", "email_for_org", "notes", "tags", "preferred_language", "is_active", "created_at", "created_by", "updated_at", "updated_by") VALUES (2, 33, 2, 'Aisha Khan', '+91-9990000002', 'aisha@shaktipower.test', NULL, '[]', NULL, TRUE, '2026-03-25 04:32:16.083557', NULL, '2026-03-25 04:32:16.083557', NULL);
INSERT INTO "organization_person_profile" ("id", "organization_id", "person_id", "display_name", "phone_for_org", "email_for_org", "notes", "tags", "preferred_language", "is_active", "created_at", "created_by", "updated_at", "updated_by") VALUES (3, 33, 3, 'Ritesh Patel', '+91-9990000003', 'ritesh@shaktipower.test', NULL, '[]', NULL, TRUE, '2026-03-25 04:32:16.083557', NULL, '2026-03-25 04:32:16.083557', NULL);
INSERT INTO "organization_person_profile" ("id", "organization_id", "person_id", "display_name", "phone_for_org", "email_for_org", "notes", "tags", "preferred_language", "is_active", "created_at", "created_by", "updated_at", "updated_by") VALUES (4, 33, 4, 'Kiran Shah', '+91-9990000004', 'kiran@shaktipower.test', NULL, '[]', NULL, TRUE, '2026-03-25 04:32:16.083557', NULL, '2026-03-25 04:32:16.083557', NULL);
INSERT INTO "organization_person_profile" ("id", "organization_id", "person_id", "display_name", "phone_for_org", "email_for_org", "notes", "tags", "preferred_language", "is_active", "created_at", "created_by", "updated_at", "updated_by") VALUES (5, 33, 5, 'Bhavesh Jadeja', '+91-9990000005', 'bhavesh@shaktipower.test', NULL, '[]', NULL, TRUE, '2026-03-25 04:32:16.083557', NULL, '2026-03-25 04:32:16.083557', NULL);
INSERT INTO "organization_person_profile" ("id", "organization_id", "person_id", "display_name", "phone_for_org", "email_for_org", "notes", "tags", "preferred_language", "is_active", "created_at", "created_by", "updated_at", "updated_by") VALUES (6, 33, 6, 'Neha Parmar', '+91-9990000006', 'neha@shaktipower.test', NULL, '[]', NULL, TRUE, '2026-03-25 04:32:16.083557', NULL, '2026-03-25 04:32:16.083557', NULL);
INSERT INTO "organization_person_profile" ("id", "organization_id", "person_id", "display_name", "phone_for_org", "email_for_org", "notes", "tags", "preferred_language", "is_active", "created_at", "created_by", "updated_at", "updated_by") VALUES (7, 33, 7, 'Manoj Solanki', '+91-9990000007', 'manoj@shaktipower.test', NULL, '[]', NULL, TRUE, '2026-03-25 04:32:16.083557', NULL, '2026-03-25 04:32:16.083557', NULL);
INSERT INTO "organization_person_profile" ("id", "organization_id", "person_id", "display_name", "phone_for_org", "email_for_org", "notes", "tags", "preferred_language", "is_active", "created_at", "created_by", "updated_at", "updated_by") VALUES (8, 33, 8, 'Ravi Makwana', '+91-9990000008', 'ravi@shaktipower.test', NULL, '[]', NULL, TRUE, '2026-03-25 04:32:16.083557', NULL, '2026-03-25 04:32:16.083557', NULL);
INSERT INTO "organization_person_profile" ("id", "organization_id", "person_id", "display_name", "phone_for_org", "email_for_org", "notes", "tags", "preferred_language", "is_active", "created_at", "created_by", "updated_at", "updated_by") VALUES (9, 34, 9, 'Priya Mehta', '+91-9990000011', 'priya@urbanlights.test', NULL, '[]', NULL, TRUE, '2026-03-25 04:32:16.083557', NULL, '2026-03-25 04:32:16.083557', NULL);
INSERT INTO "organization_person_profile" ("id", "organization_id", "person_id", "display_name", "phone_for_org", "email_for_org", "notes", "tags", "preferred_language", "is_active", "created_at", "created_by", "updated_at", "updated_by") VALUES (10, 34, 10, 'Nirav Mehta', '+91-9990000012', 'nirav@urbanlights.test', NULL, '[]', NULL, TRUE, '2026-03-25 04:32:16.083557', NULL, '2026-03-25 04:32:16.083557', NULL);
INSERT INTO "organization_person_profile" ("id", "organization_id", "person_id", "display_name", "phone_for_org", "email_for_org", "notes", "tags", "preferred_language", "is_active", "created_at", "created_by", "updated_at", "updated_by") VALUES (11, 34, 11, 'Jinesh Vora', '+91-9990000013', 'jinesh@urbanlights.test', NULL, '[]', NULL, TRUE, '2026-03-25 04:32:16.083557', NULL, '2026-03-25 04:32:16.083557', NULL);
INSERT INTO "organization_person_profile" ("id", "organization_id", "person_id", "display_name", "phone_for_org", "email_for_org", "notes", "tags", "preferred_language", "is_active", "created_at", "created_by", "updated_at", "updated_by") VALUES (12, 34, 12, 'Pooja Shah', '+91-9990000014', 'pooja@urbanlights.test', NULL, '[]', NULL, TRUE, '2026-03-25 04:32:16.083557', NULL, '2026-03-25 04:32:16.083557', NULL);
INSERT INTO "organization_person_profile" ("id", "organization_id", "person_id", "display_name", "phone_for_org", "email_for_org", "notes", "tags", "preferred_language", "is_active", "created_at", "created_by", "updated_at", "updated_by") VALUES (13, 34, 13, 'Hetal Desai', '+91-9990000015', 'hetal@urbanlights.test', NULL, '[]', NULL, TRUE, '2026-03-25 04:32:16.083557', NULL, '2026-03-25 04:32:16.083557', NULL);
INSERT INTO "organization_person_profile" ("id", "organization_id", "person_id", "display_name", "phone_for_org", "email_for_org", "notes", "tags", "preferred_language", "is_active", "created_at", "created_by", "updated_at", "updated_by") VALUES (14, 34, 14, 'Arjun Rana', '+91-9990000016', 'arjun@urbanlights.test', NULL, '[]', NULL, TRUE, '2026-03-25 04:32:16.083557', NULL, '2026-03-25 04:32:16.083557', NULL);
INSERT INTO "organization_person_profile" ("id", "organization_id", "person_id", "display_name", "phone_for_org", "email_for_org", "notes", "tags", "preferred_language", "is_active", "created_at", "created_by", "updated_at", "updated_by") VALUES (15, 34, 15, 'Mitesh Soni', '+91-9990000017', 'mitesh@urbanlights.test', NULL, '[]', NULL, TRUE, '2026-03-25 04:32:16.083557', NULL, '2026-03-25 04:32:16.083557', NULL);
INSERT INTO "organization_person_profile" ("id", "organization_id", "person_id", "display_name", "phone_for_org", "email_for_org", "notes", "tags", "preferred_language", "is_active", "created_at", "created_by", "updated_at", "updated_by") VALUES (16, 16, 16, 'ERP Verify', NULL, 'erpverify06@example.com', NULL, '[]', NULL, TRUE, '2026-03-25 04:19:25.139886', NULL, '2026-03-25 04:19:25.139886', NULL);
INSERT INTO "organization_person_profile" ("id", "organization_id", "person_id", "display_name", "phone_for_org", "email_for_org", "notes", "tags", "preferred_language", "is_active", "created_at", "created_by", "updated_at", "updated_by") VALUES (17, 16, 17, 'sameer khan', '8109698905', 'reza_sameer200@yahoo.com', NULL, '[]', NULL, TRUE, '2026-03-25 05:19:34.398817', NULL, '2026-03-25 05:19:34.398817', NULL);
INSERT INTO "organization_person_profile" ("id", "organization_id", "person_id", "display_name", "phone_for_org", "email_for_org", "notes", "tags", "preferred_language", "is_active", "created_at", "created_by", "updated_at", "updated_by") VALUES (18, 33, 18, 'Maa Electronics', '+91-9811100001', 'procurement@maaelectronics.test', 'Dealer customer', '[]', NULL, TRUE, '2026-03-25 04:32:16.083557', 172, '2026-03-25 04:32:16.083557', 172);
INSERT INTO "organization_person_profile" ("id", "organization_id", "person_id", "display_name", "phone_for_org", "email_for_org", "notes", "tags", "preferred_language", "is_active", "created_at", "created_by", "updated_at", "updated_by") VALUES (19, 33, 19, 'Jay Ambe Cold Drinks', '+91-9811100002', 'owner@jayambe.test', 'Retail repeat customer', '[]', NULL, TRUE, '2026-03-25 04:32:16.083557', 173, '2026-03-25 04:32:16.083557', 173);
INSERT INTO "organization_person_profile" ("id", "organization_id", "person_id", "display_name", "phone_for_org", "email_for_org", "notes", "tags", "preferred_language", "is_active", "created_at", "created_by", "updated_at", "updated_by") VALUES (20, 33, 20, 'Shiv Enterprise', '+91-9811100003', 'accounts@shiventerprise.test', 'Credit customer', '[]', NULL, TRUE, '2026-03-25 04:32:16.083557', 170, '2026-03-25 04:32:16.083557', 170);
INSERT INTO "organization_person_profile" ("id", "organization_id", "person_id", "display_name", "phone_for_org", "email_for_org", "notes", "tags", "preferred_language", "is_active", "created_at", "created_by", "updated_at", "updated_by") VALUES (21, 33, 21, 'Ocean Residency Society', '+91-9811100004', 'admin@oceanresidency.test', 'AMC / service customer', '[]', NULL, TRUE, '2026-03-25 04:32:16.083557', 168, '2026-03-25 04:32:16.083557', 168);
INSERT INTO "organization_person_profile" ("id", "organization_id", "person_id", "display_name", "phone_for_org", "email_for_org", "notes", "tags", "preferred_language", "is_active", "created_at", "created_by", "updated_at", "updated_by") VALUES (22, 34, 22, 'Bright Homes', '+91-9822200001', 'hello@brighthomes.test', 'Interior partner', '[]', NULL, TRUE, '2026-03-25 04:32:16.083557', 178, '2026-03-25 04:32:16.083557', 178);
INSERT INTO "organization_person_profile" ("id", "organization_id", "person_id", "display_name", "phone_for_org", "email_for_org", "notes", "tags", "preferred_language", "is_active", "created_at", "created_by", "updated_at", "updated_by") VALUES (23, 34, 23, 'Lumen Mart', '+91-9822200002', 'purchase@lumenmart.test', 'Retail chain counter', '[]', NULL, TRUE, '2026-03-25 04:32:16.083557', 180, '2026-03-25 04:32:16.083557', 180);
INSERT INTO "organization_person_profile" ("id", "organization_id", "person_id", "display_name", "phone_for_org", "email_for_org", "notes", "tags", "preferred_language", "is_active", "created_at", "created_by", "updated_at", "updated_by") VALUES (24, 34, 24, 'Vijay Traders', '+91-9822200003', 'vijay@traders.test', 'Wholesale lighting buyer', '[]', NULL, TRUE, '2026-03-25 04:32:16.083557', 181, '2026-03-25 04:32:16.083557', 181);
INSERT INTO "organization_person_profile" ("id", "organization_id", "person_id", "display_name", "phone_for_org", "email_for_org", "notes", "tags", "preferred_language", "is_active", "created_at", "created_by", "updated_at", "updated_by") VALUES (25, 33, 25, 'Exide Industrial Supplies', '+91-9833300001', 'sales@exide.test', NULL, '[]', NULL, TRUE, '2026-03-25 04:32:16.083557', 174, '2026-03-25 04:32:16.083557', 174);
INSERT INTO "organization_person_profile" ("id", "organization_id", "person_id", "display_name", "phone_for_org", "email_for_org", "notes", "tags", "preferred_language", "is_active", "created_at", "created_by", "updated_at", "updated_by") VALUES (26, 33, 26, 'Luminous Power Tech', '+91-9833300002', 'partner@luminous.test', NULL, '[]', NULL, TRUE, '2026-03-25 04:32:16.083557', 174, '2026-03-25 04:32:16.083557', 174);
INSERT INTO "organization_person_profile" ("id", "organization_id", "person_id", "display_name", "phone_for_org", "email_for_org", "notes", "tags", "preferred_language", "is_active", "created_at", "created_by", "updated_at", "updated_by") VALUES (27, 33, 27, 'Polycab Distribution', '+91-9833300003', 'wire@polycab.test', NULL, '[]', NULL, TRUE, '2026-03-25 04:32:16.083557', 174, '2026-03-25 04:32:16.083557', 174);
INSERT INTO "organization_person_profile" ("id", "organization_id", "person_id", "display_name", "phone_for_org", "email_for_org", "notes", "tags", "preferred_language", "is_active", "created_at", "created_by", "updated_at", "updated_by") VALUES (28, 34, 28, 'Philips Lighting India', '+91-9844400001', 'b2b@philips.test', NULL, '[]', NULL, TRUE, '2026-03-25 04:32:16.083557', 178, '2026-03-25 04:32:16.083557', 178);
INSERT INTO "organization_person_profile" ("id", "organization_id", "person_id", "display_name", "phone_for_org", "email_for_org", "notes", "tags", "preferred_language", "is_active", "created_at", "created_by", "updated_at", "updated_by") VALUES (29, 34, 29, 'Havells Trade Channel', '+91-9844400002', 'trade@havells.test', NULL, '[]', NULL, TRUE, '2026-03-25 04:32:16.083557', 178, '2026-03-25 04:32:16.083557', 178);
INSERT INTO "organization_person_profile" ("id", "organization_id", "person_id", "display_name", "phone_for_org", "email_for_org", "notes", "tags", "preferred_language", "is_active", "created_at", "created_by", "updated_at", "updated_by") VALUES (30, 33, 30, 'Gujarat Energy Distribution', '+91-9855500001', 'warranty@ged.test', NULL, '[]', NULL, TRUE, '2026-03-25 04:32:16.083557', 170, '2026-03-25 04:32:16.083557', 170);
INSERT INTO "organization_person_profile" ("id", "organization_id", "person_id", "display_name", "phone_for_org", "email_for_org", "notes", "tags", "preferred_language", "is_active", "created_at", "created_by", "updated_at", "updated_by") VALUES (31, 34, 31, 'West India Electrical Distributors', '+91-9855500002', 'claims@wied.test', NULL, '[]', NULL, TRUE, '2026-03-25 04:32:16.083557', 178, '2026-03-25 04:32:16.083557', 178);
INSERT INTO "organization_person_profile" ("id", "organization_id", "person_id", "display_name", "phone_for_org", "email_for_org", "notes", "tags", "preferred_language", "is_active", "created_at", "created_by", "updated_at", "updated_by") VALUES (34, 16, 34, 'Identity Check', NULL, 'identitycheck03@example.com', NULL, '[]', NULL, TRUE, '2026-03-25 12:39:41.52672', NULL, '2026-03-25 12:39:41.526732', NULL);
INSERT INTO "organization_person_profile" ("id", "organization_id", "person_id", "display_name", "phone_for_org", "email_for_org", "notes", "tags", "preferred_language", "is_active", "created_at", "created_by", "updated_at", "updated_by") VALUES (36, 16, 36, 'Guard Check', NULL, 'guardcheck02@example.com', NULL, '[]', NULL, TRUE, '2026-03-25 19:15:27.839391', NULL, '2026-03-25 19:15:27.839401', NULL);
INSERT INTO "organization_person_profile" ("id", "organization_id", "person_id", "display_name", "phone_for_org", "email_for_org", "notes", "tags", "preferred_language", "is_active", "created_at", "created_by", "updated_at", "updated_by") VALUES (37, 16, 37, 'Guard Check', NULL, 'guardcheck03@example.com', NULL, '[]', NULL, TRUE, '2026-03-25 19:17:24.93998', NULL, '2026-03-25 19:17:24.939991', NULL);
INSERT INTO "organization_person_profile" ("id", "organization_id", "person_id", "display_name", "phone_for_org", "email_for_org", "notes", "tags", "preferred_language", "is_active", "created_at", "created_by", "updated_at", "updated_by") VALUES (38, 35, 1, 'Sameer Khan', '+91-9990000001', 'sameer@shaktipower.test', NULL, '[]', NULL, TRUE, '2026-03-29 21:44:01.458673', NULL, '2026-03-29 21:44:01.458692', NULL);
INSERT INTO "organization_person_profile" ("id", "organization_id", "person_id", "display_name", "phone_for_org", "email_for_org", "notes", "tags", "preferred_language", "is_active", "created_at", "created_by", "updated_at", "updated_by") VALUES (39, 36, 1, 'Sameer Khan', '+91-9990000001', 'sameer@shaktipower.test', NULL, '[]', NULL, TRUE, '2026-03-29 21:44:09.635635', NULL, '2026-03-29 21:44:09.635641', NULL);
INSERT INTO "organization_person_profile" ("id", "organization_id", "person_id", "display_name", "phone_for_org", "email_for_org", "notes", "tags", "preferred_language", "is_active", "created_at", "created_by", "updated_at", "updated_by") VALUES (40, 33, 38, 'Admin Demo Employee', '9999990001', 'demo.employee@spc.local', NULL, '[]', NULL, TRUE, '2026-03-29 23:34:45.297131', NULL, '2026-03-29 23:34:45.297146', NULL);
INSERT INTO "organization_person_profile" ("id", "organization_id", "person_id", "display_name", "phone_for_org", "email_for_org", "notes", "tags", "preferred_language", "is_active", "created_at", "created_by", "updated_at", "updated_by") VALUES (41, 33, 39, 'Admin Demo Employee Two', '9999990002', 'demo.employee2@spc.local', NULL, '[]', NULL, TRUE, '2026-03-29 23:36:46.814546', NULL, '2026-03-29 23:36:46.814563', NULL);
INSERT INTO "organization_person_profile" ("id", "organization_id", "person_id", "display_name", "phone_for_org", "email_for_org", "notes", "tags", "preferred_language", "is_active", "created_at", "created_by", "updated_at", "updated_by") VALUES (42, 33, 40, 'Auto Code Employee', '9999900033', 'autocode.employee@example.com', NULL, '[]', NULL, TRUE, '2026-04-05 01:37:15.020636', NULL, '2026-04-05 01:37:15.020656', NULL);
INSERT INTO "organization_person_profile" ("id", "organization_id", "person_id", "display_name", "phone_for_org", "email_for_org", "notes", "tags", "preferred_language", "is_active", "created_at", "created_by", "updated_at", "updated_by") VALUES (43, 37, 41, 'Retail Platform Admin', '+91-9990000099', 'platform-admin@retailmanagement.test', NULL, '[]', NULL, TRUE, '2026-04-05 02:11:19.371302', NULL, '2026-04-05 02:11:19.371302', NULL);

-- changeset sameerkhan:1775937591491-70-1
UPDATE "customer"
SET "organization_person_profile_id" = CASE "id"
    WHEN 50 THEN 18
    WHEN 51 THEN 19
    WHEN 52 THEN 20
    WHEN 53 THEN 21
    WHEN 54 THEN 22
    WHEN 55 THEN 23
    WHEN 56 THEN 24
END
WHERE "id" IN (50, 51, 52, 53, 54, 55, 56);

UPDATE "supplier"
SET "organization_person_profile_id" = CASE "id"
    WHEN 36 THEN 25
    WHEN 37 THEN 26
    WHEN 38 THEN 27
    WHEN 39 THEN 28
    WHEN 40 THEN 29
END
WHERE "id" IN (36, 37, 38, 39, 40);

UPDATE "distributor"
SET "organization_person_profile_id" = CASE "id"
    WHEN 15 THEN 30
    WHEN 16 THEN 31
END
WHERE "id" IN (15, 16);

-- changeset sameerkhan:1775937591491-71
INSERT INTO "tax_registration" ("id", "organization_id", "branch_id", "registration_type", "registration_name", "legal_name", "gstin", "registration_state_code", "registration_state_name", "effective_from", "effective_to", "is_default", "is_active", "created_at", "created_by", "updated_at", "updated_by") VALUES (1, 34, NULL, 'GST', 'Urban Home Lights', 'Urban Home Lights LLP', '24AAAFU5678R1Z2', '24', NULL, '2026-03-25', NULL, TRUE, TRUE, '2026-03-25 20:26:26.070128', NULL, '2026-03-25 20:26:26.070128', NULL) ON CONFLICT ("id") DO NOTHING;
INSERT INTO "tax_registration" ("id", "organization_id", "branch_id", "registration_type", "registration_name", "legal_name", "gstin", "registration_state_code", "registration_state_name", "effective_from", "effective_to", "is_default", "is_active", "created_at", "created_by", "updated_at", "updated_by") VALUES (2, 33, NULL, 'GST', 'Shakti Power Centre', 'Shakti Power Centre Private Limited', '24AAVCS1234Q1Z5', '24', NULL, '2026-03-25', NULL, TRUE, TRUE, '2026-03-25 20:26:26.070128', NULL, '2026-03-25 20:26:26.070128', NULL) ON CONFLICT ("id") DO NOTHING;

-- changeset sameerkhan:1775937591491-72
INSERT INTO "supplier_product" ("id", "organization_id", "supplier_id", "product_id", "supplier_product_code", "supplier_product_name", "priority", "is_preferred", "is_active", "created_at", "created_by", "updated_at", "updated_by") VALUES (1, 33, 37, 10, NULL, 'Tubular Battery 150AH', 1, FALSE, TRUE, '2026-03-29 09:02:32.507694', NULL, '2026-03-29 09:02:32.507694', NULL) ON CONFLICT ("id") DO NOTHING;
INSERT INTO "supplier_product" ("id", "organization_id", "supplier_id", "product_id", "supplier_product_code", "supplier_product_name", "priority", "is_preferred", "is_active", "created_at", "created_by", "updated_at", "updated_by") VALUES (2, 34, 39, 7, NULL, 'Modular Switch 6A', 1, FALSE, TRUE, '2026-03-29 09:02:32.507694', NULL, '2026-03-29 09:02:32.507694', NULL) ON CONFLICT ("id") DO NOTHING;
INSERT INTO "supplier_product" ("id", "organization_id", "supplier_id", "product_id", "supplier_product_code", "supplier_product_name", "priority", "is_preferred", "is_active", "created_at", "created_by", "updated_at", "updated_by") VALUES (3, 33, 37, 3, NULL, 'EcoVolt 900VA Inverter', 1, FALSE, TRUE, '2026-03-29 09:02:32.507694', NULL, '2026-03-29 09:02:32.507694', NULL) ON CONFLICT ("id") DO NOTHING;
INSERT INTO "supplier_product" ("id", "organization_id", "supplier_id", "product_id", "supplier_product_code", "supplier_product_name", "priority", "is_preferred", "is_active", "created_at", "created_by", "updated_at", "updated_by") VALUES (4, 34, 39, 1, NULL, 'Ceiling Fan 1200mm', 1, FALSE, TRUE, '2026-03-29 09:02:32.507694', NULL, '2026-03-29 09:02:32.507694', NULL) ON CONFLICT ("id") DO NOTHING;
INSERT INTO "supplier_product" ("id", "organization_id", "supplier_id", "product_id", "supplier_product_code", "supplier_product_name", "priority", "is_preferred", "is_active", "created_at", "created_by", "updated_at", "updated_by") VALUES (5, 34, 39, 9, NULL, 'Slim Panel Light 18W', 1, FALSE, TRUE, '2026-03-29 09:02:32.507694', NULL, '2026-03-29 09:02:32.507694', NULL) ON CONFLICT ("id") DO NOTHING;
INSERT INTO "supplier_product" ("id", "organization_id", "supplier_id", "product_id", "supplier_product_code", "supplier_product_name", "priority", "is_preferred", "is_active", "created_at", "created_by", "updated_at", "updated_by") VALUES (6, 33, 37, 2, NULL, 'Copper Wire 6 Sqmm', 1, FALSE, TRUE, '2026-03-29 09:02:32.507694', NULL, '2026-03-29 09:02:32.507694', NULL) ON CONFLICT ("id") DO NOTHING;
INSERT INTO "supplier_product" ("id", "organization_id", "supplier_id", "product_id", "supplier_product_code", "supplier_product_name", "priority", "is_preferred", "is_active", "created_at", "created_by", "updated_at", "updated_by") VALUES (7, 34, 39, 6, NULL, 'LED Strip 5M', 1, FALSE, TRUE, '2026-03-29 09:02:32.507694', NULL, '2026-03-29 09:02:32.507694', NULL) ON CONFLICT ("id") DO NOTHING;
INSERT INTO "supplier_product" ("id", "organization_id", "supplier_id", "product_id", "supplier_product_code", "supplier_product_name", "priority", "is_preferred", "is_active", "created_at", "created_by", "updated_at", "updated_by") VALUES (15, 33, 41, 11, 'PHIL-FLOOD-50W', 'LED Flood Light 50W', 1, TRUE, TRUE, '2026-03-29 16:35:13.535523', 174, '2026-03-29 16:35:13.535523', 174) ON CONFLICT ("id") DO NOTHING;
INSERT INTO "supplier_product" ("id", "organization_id", "supplier_id", "product_id", "supplier_product_code", "supplier_product_name", "priority", "is_preferred", "is_active", "created_at", "created_by", "updated_at", "updated_by") VALUES (16, 33, 41, 5, 'PHIL-BULB-9W', 'LED Bulb 9W', 1, TRUE, TRUE, '2026-03-29 16:35:13.535523', 174, '2026-03-29 16:35:13.535523', 174) ON CONFLICT ("id") DO NOTHING;
INSERT INTO "supplier_product" ("id", "organization_id", "supplier_id", "product_id", "supplier_product_code", "supplier_product_name", "priority", "is_preferred", "is_active", "created_at", "created_by", "updated_at", "updated_by") VALUES (17, 33, 38, 2, 'POLY-6SQ', 'Copper Wire 6 Sqmm', 1, TRUE, TRUE, '2026-03-29 16:35:13.535523', 174, '2026-03-29 16:35:13.535523', 174) ON CONFLICT ("id") DO NOTHING;
INSERT INTO "supplier_product" ("id", "organization_id", "supplier_id", "product_id", "supplier_product_code", "supplier_product_name", "priority", "is_preferred", "is_active", "created_at", "created_by", "updated_at", "updated_by") VALUES (18, 33, 36, 10, 'EXD-BAT-150AH', 'Tubular Battery 150AH', 1, TRUE, TRUE, '2026-03-29 16:35:13.535523', 174, '2026-03-29 16:35:13.535523', 174) ON CONFLICT ("id") DO NOTHING;
INSERT INTO "supplier_product" ("id", "organization_id", "supplier_id", "product_id", "supplier_product_code", "supplier_product_name", "priority", "is_preferred", "is_active", "created_at", "created_by", "updated_at", "updated_by") VALUES (19, 34, 40, 7, 'HAV-SWITCH-6A', 'Modular Switch 6A', 1, TRUE, TRUE, '2026-03-29 16:35:13.535523', 178, '2026-03-29 16:35:13.535523', 178) ON CONFLICT ("id") DO NOTHING;
INSERT INTO "supplier_product" ("id", "organization_id", "supplier_id", "product_id", "supplier_product_code", "supplier_product_name", "priority", "is_preferred", "is_active", "created_at", "created_by", "updated_at", "updated_by") VALUES (20, 34, 40, 4, 'HAV-WIRE-1.5SQ', 'House Wire 1.5 Sqmm', 1, TRUE, TRUE, '2026-03-29 16:35:13.535523', 178, '2026-03-29 16:35:13.535523', 178) ON CONFLICT ("id") DO NOTHING;
INSERT INTO "supplier_product" ("id", "organization_id", "supplier_id", "product_id", "supplier_product_code", "supplier_product_name", "priority", "is_preferred", "is_active", "created_at", "created_by", "updated_at", "updated_by") VALUES (21, 34, 40, 1, 'HAV-FAN-1200', 'Ceiling Fan 1200mm', 1, TRUE, TRUE, '2026-03-29 16:35:13.535523', 178, '2026-03-29 16:35:13.535523', 178) ON CONFLICT ("id") DO NOTHING;
INSERT INTO "supplier_product" ("id", "organization_id", "supplier_id", "product_id", "supplier_product_code", "supplier_product_name", "priority", "is_preferred", "is_active", "created_at", "created_by", "updated_at", "updated_by") VALUES (22, 34, 39, 11, 'PHIL-FLOOD-50W', 'LED Flood Light 50W', 1, TRUE, TRUE, '2026-03-29 16:35:13.535523', 178, '2026-03-29 16:35:13.535523', 178) ON CONFLICT ("id") DO NOTHING;

-- changeset sameerkhan:1775937591491-73
INSERT INTO "store_supplier_terms" ("id", "organization_id", "supplier_id", "payment_terms", "credit_limit", "credit_days", "is_preferred", "is_active", "contract_start", "contract_end", "order_via_email", "order_via_whatsapp", "remarks", "created_at", "created_by", "updated_at", "updated_by") VALUES (1, 33, 36, '30 DAYS', 250000.00, 30, TRUE, TRUE, NULL, NULL, TRUE, TRUE, 'Battery supplier', '2026-03-29 09:02:32.507694', NULL, '2026-03-29 09:02:32.507694', NULL);
INSERT INTO "store_supplier_terms" ("id", "organization_id", "supplier_id", "payment_terms", "credit_limit", "credit_days", "is_preferred", "is_active", "contract_start", "contract_end", "order_via_email", "order_via_whatsapp", "remarks", "created_at", "created_by", "updated_at", "updated_by") VALUES (4, 33, 37, '30 DAYS', 250000.00, 30, TRUE, TRUE, NULL, NULL, TRUE, TRUE, 'Inverter supplier', '2026-03-29 09:02:32.507694', NULL, '2026-03-29 09:02:32.507694', NULL);
INSERT INTO "store_supplier_terms" ("id", "organization_id", "supplier_id", "payment_terms", "credit_limit", "credit_days", "is_preferred", "is_active", "contract_start", "contract_end", "order_via_email", "order_via_whatsapp", "remarks", "created_at", "created_by", "updated_at", "updated_by") VALUES (3, 33, 38, '15 DAYS', 0.00, 15, TRUE, TRUE, NULL, NULL, TRUE, TRUE, 'Wire and cable supplier', '2026-03-29 09:02:32.507694', NULL, '2026-03-29 09:02:32.507694', NULL);
INSERT INTO "store_supplier_terms" ("id", "organization_id", "supplier_id", "payment_terms", "credit_limit", "credit_days", "is_preferred", "is_active", "contract_start", "contract_end", "order_via_email", "order_via_whatsapp", "remarks", "created_at", "created_by", "updated_at", "updated_by") VALUES (2, 34, 39, '30 DAYS', 300000.00, 30, TRUE, TRUE, NULL, NULL, TRUE, TRUE, 'Lighting supplier', '2026-03-29 09:02:32.507694', NULL, '2026-03-29 09:02:32.507694', NULL);
INSERT INTO "store_supplier_terms" ("id", "organization_id", "supplier_id", "payment_terms", "credit_limit", "credit_days", "is_preferred", "is_active", "contract_start", "contract_end", "order_via_email", "order_via_whatsapp", "remarks", "created_at", "created_by", "updated_at", "updated_by") VALUES (5, 34, 40, '15 DAYS', 180000.00, 15, TRUE, TRUE, NULL, NULL, TRUE, TRUE, 'Electrical goods supplier', '2026-03-29 09:02:32.507694', NULL, '2026-03-29 09:02:32.507694', NULL);

-- changeset sameerkhan:1775937591491-74
INSERT INTO "store_customer_terms" ("id", "organization_id", "customer_id", "customer_segment", "credit_limit", "credit_days", "loyalty_enabled", "loyalty_points_balance", "price_tier", "discount_policy", "is_preferred", "is_active", "contract_start", "contract_end", "remarks", "created_at", "created_by", "updated_at", "updated_by") VALUES (1, 33, 50, 'DEALER', 250000.00, 30, FALSE, 0.00, 'DEALER', 'Dealer slab discount', TRUE, TRUE, NULL, NULL, 'Dealer customer', '2026-03-25 04:32:16.083557', 172, '2026-03-29 09:13:26.254023', 172);
INSERT INTO "store_customer_terms" ("id", "organization_id", "customer_id", "customer_segment", "credit_limit", "credit_days", "loyalty_enabled", "loyalty_points_balance", "price_tier", "discount_policy", "is_preferred", "is_active", "contract_start", "contract_end", "remarks", "created_at", "created_by", "updated_at", "updated_by") VALUES (2, 33, 51, 'RETAIL', 50000.00, NULL, TRUE, 120.00, 'RETAIL', NULL, FALSE, TRUE, NULL, NULL, 'Retail repeat customer', '2026-03-25 04:32:16.083557', 173, '2026-03-29 09:13:26.254023', 173);
INSERT INTO "store_customer_terms" ("id", "organization_id", "customer_id", "customer_segment", "credit_limit", "credit_days", "loyalty_enabled", "loyalty_points_balance", "price_tier", "discount_policy", "is_preferred", "is_active", "contract_start", "contract_end", "remarks", "created_at", "created_by", "updated_at", "updated_by") VALUES (3, 33, 52, 'B2B', 175000.00, 21, FALSE, 0.00, 'B2B', NULL, TRUE, TRUE, NULL, NULL, 'Credit customer', '2026-03-25 04:32:16.083557', 170, '2026-03-29 09:13:26.254023', 170);
INSERT INTO "store_customer_terms" ("id", "organization_id", "customer_id", "customer_segment", "credit_limit", "credit_days", "loyalty_enabled", "loyalty_points_balance", "price_tier", "discount_policy", "is_preferred", "is_active", "contract_start", "contract_end", "remarks", "created_at", "created_by", "updated_at", "updated_by") VALUES (4, 33, 53, 'RETAIL', 300000.00, NULL, FALSE, 0.00, 'RETAIL', NULL, FALSE, TRUE, NULL, NULL, 'AMC / service customer', '2026-03-25 04:32:16.083557', 168, '2026-03-29 09:13:26.254023', 168);
INSERT INTO "store_customer_terms" ("id", "organization_id", "customer_id", "customer_segment", "credit_limit", "credit_days", "loyalty_enabled", "loyalty_points_balance", "price_tier", "discount_policy", "is_preferred", "is_active", "contract_start", "contract_end", "remarks", "created_at", "created_by", "updated_at", "updated_by") VALUES (5, 34, 54, 'B2B', 125000.00, 21, FALSE, 0.00, 'B2B', NULL, TRUE, TRUE, NULL, NULL, 'Interior partner', '2026-03-25 04:32:16.083557', 178, '2026-03-29 09:13:26.254023', 178);
INSERT INTO "store_customer_terms" ("id", "organization_id", "customer_id", "customer_segment", "credit_limit", "credit_days", "loyalty_enabled", "loyalty_points_balance", "price_tier", "discount_policy", "is_preferred", "is_active", "contract_start", "contract_end", "remarks", "created_at", "created_by", "updated_at", "updated_by") VALUES (6, 34, 55, 'RETAIL', 75000.00, NULL, TRUE, 85.00, 'RETAIL', NULL, FALSE, TRUE, NULL, NULL, 'Retail chain counter', '2026-03-25 04:32:16.083557', 180, '2026-03-29 09:13:26.254023', 180);
INSERT INTO "store_customer_terms" ("id", "organization_id", "customer_id", "customer_segment", "credit_limit", "credit_days", "loyalty_enabled", "loyalty_points_balance", "price_tier", "discount_policy", "is_preferred", "is_active", "contract_start", "contract_end", "remarks", "created_at", "created_by", "updated_at", "updated_by") VALUES (7, 34, 56, 'WHOLESALE', 150000.00, 14, FALSE, 0.00, 'WHOLESALE', 'Wholesale counter discount', TRUE, TRUE, NULL, NULL, 'Wholesale lighting buyer', '2026-03-25 04:32:16.083557', 181, '2026-03-29 09:13:26.254023', 181);
INSERT INTO "store_customer_terms" ("id", "organization_id", "customer_id", "customer_segment", "credit_limit", "credit_days", "loyalty_enabled", "loyalty_points_balance", "price_tier", "discount_policy", "is_preferred", "is_active", "contract_start", "contract_end", "remarks", "created_at", "created_by", "updated_at", "updated_by") VALUES (8, 33, 57, 'RETAIL', 5000.00, NULL, FALSE, 0.00, NULL, NULL, FALSE, TRUE, NULL, NULL, NULL, '2026-04-05 01:37:14.799938', 168, '2026-04-05 01:37:14.799938', 168);

-- changeset sameerkhan:1775937591491-75
INSERT INTO "store_product_price" ("id", "organization_id", "store_product_id", "price_type", "customer_segment", "price", "min_quantity", "effective_from", "effective_to", "is_default", "is_active", "created_at", "created_by", "updated_at", "updated_by") VALUES (1, 34, 52, 'SELLING', 'B2B', 905.00, 6.000000, '2026-01-01', NULL, FALSE, TRUE, '2026-03-29 16:35:13.535523', 176, '2026-03-29 16:35:13.535523', 176);
INSERT INTO "store_product_price" ("id", "organization_id", "store_product_id", "price_type", "customer_segment", "price", "min_quantity", "effective_from", "effective_to", "is_default", "is_active", "created_at", "created_by", "updated_at", "updated_by") VALUES (2, 34, 52, 'SELLING', 'RETAIL', 950.00, NULL, '2026-01-01', NULL, TRUE, TRUE, '2026-03-29 16:35:13.535523', 176, '2026-03-29 16:35:13.535523', 176);
INSERT INTO "store_product_price" ("id", "organization_id", "store_product_id", "price_type", "customer_segment", "price", "min_quantity", "effective_from", "effective_to", "is_default", "is_active", "created_at", "created_by", "updated_at", "updated_by") VALUES (3, 34, 50, 'SELLING', 'WHOLESALE', 39.00, 20.000000, '2026-01-01', NULL, FALSE, TRUE, '2026-03-29 16:35:13.535523', 176, '2026-03-29 16:35:13.535523', 176);
INSERT INTO "store_product_price" ("id", "organization_id", "store_product_id", "price_type", "customer_segment", "price", "min_quantity", "effective_from", "effective_to", "is_default", "is_active", "created_at", "created_by", "updated_at", "updated_by") VALUES (4, 34, 50, 'SELLING', 'RETAIL', 45.00, NULL, '2026-01-01', NULL, TRUE, TRUE, '2026-03-29 16:35:13.535523', 176, '2026-03-29 16:35:13.535523', 176);
INSERT INTO "store_product_price" ("id", "organization_id", "store_product_id", "price_type", "customer_segment", "price", "min_quantity", "effective_from", "effective_to", "is_default", "is_active", "created_at", "created_by", "updated_at", "updated_by") VALUES (5, 34, 47, 'SELLING', 'WHOLESALE', 2100.00, 2.000000, '2026-01-01', NULL, FALSE, TRUE, '2026-03-29 16:35:13.535523', 176, '2026-03-29 16:35:13.535523', 176);
INSERT INTO "store_product_price" ("id", "organization_id", "store_product_id", "price_type", "customer_segment", "price", "min_quantity", "effective_from", "effective_to", "is_default", "is_active", "created_at", "created_by", "updated_at", "updated_by") VALUES (6, 34, 47, 'SELLING', 'RETAIL', 2200.00, NULL, '2026-01-01', NULL, TRUE, TRUE, '2026-03-29 16:35:13.535523', 176, '2026-03-29 16:35:13.535523', 176);
INSERT INTO "store_product_price" ("id", "organization_id", "store_product_id", "price_type", "customer_segment", "price", "min_quantity", "effective_from", "effective_to", "is_default", "is_active", "created_at", "created_by", "updated_at", "updated_by") VALUES (7, 34, 46, 'SELLING', 'B2B', 610.00, 10.000000, '2026-01-01', NULL, FALSE, TRUE, '2026-03-29 16:35:13.535523', 176, '2026-03-29 16:35:13.535523', 176);
INSERT INTO "store_product_price" ("id", "organization_id", "store_product_id", "price_type", "customer_segment", "price", "min_quantity", "effective_from", "effective_to", "is_default", "is_active", "created_at", "created_by", "updated_at", "updated_by") VALUES (8, 34, 46, 'SELLING', 'RETAIL', 650.00, NULL, '2026-01-01', NULL, TRUE, TRUE, '2026-03-29 16:35:13.535523', 176, '2026-03-29 16:35:13.535523', 176);
INSERT INTO "store_product_price" ("id", "organization_id", "store_product_id", "price_type", "customer_segment", "price", "min_quantity", "effective_from", "effective_to", "is_default", "is_active", "created_at", "created_by", "updated_at", "updated_by") VALUES (9, 33, 51, 'SELLING', 'DEALER', 835.00, 5.000000, '2026-01-01', NULL, FALSE, TRUE, '2026-03-29 16:35:13.535523', 168, '2026-03-29 16:35:13.535523', 168);
INSERT INTO "store_product_price" ("id", "organization_id", "store_product_id", "price_type", "customer_segment", "price", "min_quantity", "effective_from", "effective_to", "is_default", "is_active", "created_at", "created_by", "updated_at", "updated_by") VALUES (10, 33, 51, 'SELLING', 'RETAIL', 890.00, NULL, '2026-01-01', NULL, TRUE, TRUE, '2026-03-29 16:35:13.535523', 168, '2026-03-29 16:35:13.535523', 168);
INSERT INTO "store_product_price" ("id", "organization_id", "store_product_id", "price_type", "customer_segment", "price", "min_quantity", "effective_from", "effective_to", "is_default", "is_active", "created_at", "created_by", "updated_at", "updated_by") VALUES (11, 33, 41, 'SELLING', 'WHOLESALE', 85.00, 24.000000, '2026-01-01', NULL, FALSE, TRUE, '2026-03-29 16:35:13.535523', 168, '2026-03-29 16:35:13.535523', 168);
INSERT INTO "store_product_price" ("id", "organization_id", "store_product_id", "price_type", "customer_segment", "price", "min_quantity", "effective_from", "effective_to", "is_default", "is_active", "created_at", "created_by", "updated_at", "updated_by") VALUES (12, 33, 41, 'SELLING', 'RETAIL', 95.00, NULL, '2026-01-01', NULL, TRUE, TRUE, '2026-03-29 16:35:13.535523', 168, '2026-03-29 16:35:13.535523', 168);
INSERT INTO "store_product_price" ("id", "organization_id", "store_product_id", "price_type", "customer_segment", "price", "min_quantity", "effective_from", "effective_to", "is_default", "is_active", "created_at", "created_by", "updated_at", "updated_by") VALUES (13, 33, 44, 'SELLING', 'B2B', 88.00, 50.000000, '2026-01-01', NULL, FALSE, TRUE, '2026-03-29 16:35:13.535523', 168, '2026-03-29 16:35:13.535523', 168);
INSERT INTO "store_product_price" ("id", "organization_id", "store_product_id", "price_type", "customer_segment", "price", "min_quantity", "effective_from", "effective_to", "is_default", "is_active", "created_at", "created_by", "updated_at", "updated_by") VALUES (14, 33, 44, 'SELLING', 'RETAIL', 92.00, NULL, '2026-01-01', NULL, TRUE, TRUE, '2026-03-29 16:35:13.535523', 168, '2026-03-29 16:35:13.535523', 168);
INSERT INTO "store_product_price" ("id", "organization_id", "store_product_id", "price_type", "customer_segment", "price", "min_quantity", "effective_from", "effective_to", "is_default", "is_active", "created_at", "created_by", "updated_at", "updated_by") VALUES (15, 33, 43, 'SELLING', 'B2B', 12350.00, NULL, '2026-01-01', NULL, FALSE, TRUE, '2026-03-29 16:35:13.535523', 168, '2026-03-29 16:35:13.535523', 168);
INSERT INTO "store_product_price" ("id", "organization_id", "store_product_id", "price_type", "customer_segment", "price", "min_quantity", "effective_from", "effective_to", "is_default", "is_active", "created_at", "created_by", "updated_at", "updated_by") VALUES (16, 33, 43, 'SELLING', 'RETAIL', 12800.00, NULL, '2026-01-01', NULL, TRUE, TRUE, '2026-03-29 16:35:13.535523', 168, '2026-03-29 16:35:13.535523', 168);
INSERT INTO "store_product_price" ("id", "organization_id", "store_product_id", "price_type", "customer_segment", "price", "min_quantity", "effective_from", "effective_to", "is_default", "is_active", "created_at", "created_by", "updated_at", "updated_by") VALUES (17, 33, 42, 'SELLING', 'DEALER', 6200.00, NULL, '2026-01-01', NULL, FALSE, TRUE, '2026-03-29 16:35:13.535523', 168, '2026-03-29 16:35:13.535523', 168);
INSERT INTO "store_product_price" ("id", "organization_id", "store_product_id", "price_type", "customer_segment", "price", "min_quantity", "effective_from", "effective_to", "is_default", "is_active", "created_at", "created_by", "updated_at", "updated_by") VALUES (18, 33, 42, 'SELLING', 'RETAIL', 6500.00, NULL, '2026-01-01', NULL, TRUE, TRUE, '2026-03-29 16:35:13.535523', 168, '2026-03-29 16:35:13.535523', 168);

-- changeset sameerkhan:1775937591491-76
INSERT INTO "sales_quote" ("id", "organization_id", "branch_id", "warehouse_id", "customer_id", "quote_type", "quote_number", "quote_date", "valid_until", "seller_tax_registration_id", "seller_gstin", "customer_gstin", "place_of_supply_state_code", "status", "subtotal", "discount_amount", "tax_amount", "total_amount", "converted_sales_order_id", "converted_sales_invoice_id", "remarks", "created_at", "created_by", "updated_at", "updated_by") VALUES (1, 33, 72, 144, 51, 'QUOTATION', 'QTN-20260329-1774788665800', '2026-03-29', '2026-04-05', 2, '24AAVCS1234Q1Z5', NULL, '24', 'ORDERED', 3160.00, 0.00, 568.80, 3728.80, NULL, NULL, 'Demo quotation for invoice conversion', '2026-03-29 18:21:05.803464', 168, '2026-03-29 18:21:26.014952', 168);
INSERT INTO "sales_quote" ("id", "organization_id", "branch_id", "warehouse_id", "customer_id", "quote_type", "quote_number", "quote_date", "valid_until", "seller_tax_registration_id", "seller_gstin", "customer_gstin", "place_of_supply_state_code", "status", "subtotal", "discount_amount", "tax_amount", "total_amount", "converted_sales_order_id", "converted_sales_invoice_id", "remarks", "created_at", "created_by", "updated_at", "updated_by") VALUES (2, 33, 72, 144, 51, 'ESTIMATE', 'EST-20260329-1774788835395', '2026-03-29', '2026-04-10', 2, '24AAVCS1234Q1Z5', NULL, '24', 'SUBMITTED', 1810.00, 0.00, 325.80, 2135.80, NULL, NULL, 'Second demo estimate', '2026-03-29 18:23:55.396744', 168, '2026-03-29 18:23:55.443633', 168);
INSERT INTO "sales_quote" ("id", "organization_id", "branch_id", "warehouse_id", "customer_id", "quote_type", "quote_number", "quote_date", "valid_until", "seller_tax_registration_id", "seller_gstin", "customer_gstin", "place_of_supply_state_code", "status", "subtotal", "discount_amount", "tax_amount", "total_amount", "converted_sales_order_id", "converted_sales_invoice_id", "remarks", "created_at", "created_by", "updated_at", "updated_by") VALUES (3, 33, 73, 142, 53, 'QUOTATION', 'QTN-20260329-1774789057388', '2026-03-29', '2026-04-12', 2, '24AAVCS1234Q1Z5', NULL, '24', 'INVOICED', 2884.00, 0.00, 519.12, 3403.12, NULL, NULL, 'Warehouse-backed quote demo', '2026-03-29 18:27:37.389762', 168, '2026-03-29 18:28:11.27437', 168);
INSERT INTO "sales_quote" ("id", "organization_id", "branch_id", "warehouse_id", "customer_id", "quote_type", "quote_number", "quote_date", "valid_until", "seller_tax_registration_id", "seller_gstin", "customer_gstin", "place_of_supply_state_code", "status", "subtotal", "discount_amount", "tax_amount", "total_amount", "converted_sales_order_id", "converted_sales_invoice_id", "remarks", "created_at", "created_by", "updated_at", "updated_by") VALUES (4, 33, 71, 142, 53, 'QUOTATION', 'QTN-SPC-DEMO-00001', '2026-03-12', '2026-03-20', NULL, '24AAVCS1234Q1Z5', NULL, '24', 'INVOICED', 2884.00, 0.00, 519.12, 3403.12, NULL, NULL, 'Seeded quotation demo converted to order and invoice', '2026-03-29 18:34:01.206794', 168, '2026-03-29 18:34:01.206794', 168);
INSERT INTO "sales_quote" ("id", "organization_id", "branch_id", "warehouse_id", "customer_id", "quote_type", "quote_number", "quote_date", "valid_until", "seller_tax_registration_id", "seller_gstin", "customer_gstin", "place_of_supply_state_code", "status", "subtotal", "discount_amount", "tax_amount", "total_amount", "converted_sales_order_id", "converted_sales_invoice_id", "remarks", "created_at", "created_by", "updated_at", "updated_by") VALUES (5, 33, 71, 142, 52, 'QUOTATION', 'QTN-20260329-1774796091192', '2026-03-29', '2026-04-05', 2, '24AAVCS1234Q1Z5', '24AACCS2222L1Z8', '24', 'SUBMITTED', 6500.00, 0.00, 1170.00, 7670.00, NULL, NULL, 'Tracked serial quote verification', '2026-03-29 20:24:51.193302', 168, '2026-03-29 20:24:51.215911', 168);
INSERT INTO "sales_quote" ("id", "organization_id", "branch_id", "warehouse_id", "customer_id", "quote_type", "quote_number", "quote_date", "valid_until", "seller_tax_registration_id", "seller_gstin", "customer_gstin", "place_of_supply_state_code", "status", "subtotal", "discount_amount", "tax_amount", "total_amount", "converted_sales_order_id", "converted_sales_invoice_id", "remarks", "created_at", "created_by", "updated_at", "updated_by") VALUES (7, 33, 73, 142, 53, 'QUOTATION', 'QTN-20260329-1774796167346', '2026-03-29', '2026-04-05', 2, '24AAVCS1234Q1Z5', NULL, '24', 'SUBMITTED', 190.00, 0.00, 22.80, 212.80, NULL, NULL, 'Tracked batch quote verification', '2026-03-29 20:26:07.346599', 168, '2026-03-29 20:26:07.357327', 168);
INSERT INTO "sales_quote" ("id", "organization_id", "branch_id", "warehouse_id", "customer_id", "quote_type", "quote_number", "quote_date", "valid_until", "seller_tax_registration_id", "seller_gstin", "customer_gstin", "place_of_supply_state_code", "status", "subtotal", "discount_amount", "tax_amount", "total_amount", "converted_sales_order_id", "converted_sales_invoice_id", "remarks", "created_at", "created_by", "updated_at", "updated_by") VALUES (6, 33, 73, 142, 53, 'QUOTATION', 'QTN-20260329-1774796148369', '2026-03-29', '2026-04-05', 2, '24AAVCS1234Q1Z5', NULL, '24', 'INVOICED', 6500.00, 0.00, 1170.00, 7670.00, NULL, NULL, 'Tracked serial quote verification success path', '2026-03-29 20:25:48.369644', 168, '2026-03-29 20:28:08.468724', 168);
INSERT INTO "sales_quote" ("id", "organization_id", "branch_id", "warehouse_id", "customer_id", "quote_type", "quote_number", "quote_date", "valid_until", "seller_tax_registration_id", "seller_gstin", "customer_gstin", "place_of_supply_state_code", "status", "subtotal", "discount_amount", "tax_amount", "total_amount", "converted_sales_order_id", "converted_sales_invoice_id", "remarks", "created_at", "created_by", "updated_at", "updated_by") VALUES (8, 33, 73, 142, 53, 'QUOTATION', 'QTN-20260329-1774796286862', '2026-03-29', '2026-04-05', 2, '24AAVCS1234Q1Z5', NULL, '24', 'INVOICED', 110.00, 0.00, 19.80, 129.80, NULL, NULL, 'Tracked batch quote verification success path', '2026-03-29 20:28:06.863429', 168, '2026-03-29 20:28:43.225409', 168);
INSERT INTO "sales_quote" ("id", "organization_id", "branch_id", "warehouse_id", "customer_id", "quote_type", "quote_number", "quote_date", "valid_until", "seller_tax_registration_id", "seller_gstin", "customer_gstin", "place_of_supply_state_code", "status", "subtotal", "discount_amount", "tax_amount", "total_amount", "converted_sales_order_id", "converted_sales_invoice_id", "remarks", "created_at", "created_by", "updated_at", "updated_by") VALUES (9, 33, 73, 142, 53, 'QUOTATION', 'QTN-20260329-1774796452894', '2026-03-29', '2026-04-05', 2, '24AAVCS1234Q1Z5', NULL, '24', 'INVOICED', 6500.00, 0.00, 1170.00, 7670.00, NULL, NULL, 'Tracked serial aggregate inventory verification', '2026-03-29 20:30:52.895144', 168, '2026-03-29 20:31:19.348826', 168);
INSERT INTO "sales_quote" ("id", "organization_id", "branch_id", "warehouse_id", "customer_id", "quote_type", "quote_number", "quote_date", "valid_until", "seller_tax_registration_id", "seller_gstin", "customer_gstin", "place_of_supply_state_code", "status", "subtotal", "discount_amount", "tax_amount", "total_amount", "converted_sales_order_id", "converted_sales_invoice_id", "remarks", "created_at", "created_by", "updated_at", "updated_by") VALUES (10, 33, 73, 142, 53, 'QUOTATION', 'QTN-20260404-1775326979058', '2026-04-04', NULL, 2, '24AAVCS1234Q1Z5', NULL, '24', 'CANCELLED', 2400.00, 0.00, 432.00, 2832.00, NULL, NULL, 'Disposable cancel-flow quote | Cancelled: Customer changed mind during UI test', '2026-04-04 23:52:59.060673', 168, '2026-04-04 23:53:23.807801', 168);

-- changeset sameerkhan:1775937591491-77
INSERT INTO "sales_quote_line" ("id", "sales_quote_id", "product_id", "uom_id", "hsn_snapshot", "quantity", "base_quantity", "unit_price", "discount_amount", "taxable_amount", "tax_rate", "cgst_rate", "cgst_amount", "sgst_rate", "sgst_amount", "igst_rate", "igst_amount", "cess_rate", "cess_amount", "line_amount", "remarks", "created_at", "created_by", "updated_at", "updated_by") VALUES (1, 1, 51, 5, '94054090', 2.000000, 2.000000, 890.00, 0.00, 1780.00, 18.0000, 9.0000, 160.20, 9.0000, 160.20, 0.0000, 0.00, 0.0000, 0.00, 2100.40, NULL, '2026-03-29 18:21:05.859759', 168, '2026-03-29 18:21:05.859759', 168);
INSERT INTO "sales_quote_line" ("id", "sales_quote_id", "product_id", "uom_id", "hsn_snapshot", "quantity", "base_quantity", "unit_price", "discount_amount", "taxable_amount", "tax_rate", "cgst_rate", "cgst_amount", "sgst_rate", "sgst_amount", "igst_rate", "igst_amount", "cess_rate", "cess_amount", "line_amount", "remarks", "created_at", "created_by", "updated_at", "updated_by") VALUES (2, 1, 44, 11, '85444999', 15.000000, 15.000000, 92.00, 0.00, 1380.00, 18.0000, 9.0000, 124.20, 9.0000, 124.20, 0.0000, 0.00, 0.0000, 0.00, 1628.40, NULL, '2026-03-29 18:21:05.869081', 168, '2026-03-29 18:21:05.869081', 168);
INSERT INTO "sales_quote_line" ("id", "sales_quote_id", "product_id", "uom_id", "hsn_snapshot", "quantity", "base_quantity", "unit_price", "discount_amount", "taxable_amount", "tax_rate", "cgst_rate", "cgst_amount", "sgst_rate", "sgst_amount", "igst_rate", "igst_amount", "cess_rate", "cess_amount", "line_amount", "remarks", "created_at", "created_by", "updated_at", "updated_by") VALUES (3, 2, 51, 5, '94054090', 1.000000, 1.000000, 890.00, 0.00, 890.00, 18.0000, 9.0000, 80.10, 9.0000, 80.10, 0.0000, 0.00, 0.0000, 0.00, 1050.20, NULL, '2026-03-29 18:23:55.431163', 168, '2026-03-29 18:23:55.431163', 168);
INSERT INTO "sales_quote_line" ("id", "sales_quote_id", "product_id", "uom_id", "hsn_snapshot", "quantity", "base_quantity", "unit_price", "discount_amount", "taxable_amount", "tax_rate", "cgst_rate", "cgst_amount", "sgst_rate", "sgst_amount", "igst_rate", "igst_amount", "cess_rate", "cess_amount", "line_amount", "remarks", "created_at", "created_by", "updated_at", "updated_by") VALUES (4, 2, 44, 11, '85444999', 10.000000, 10.000000, 92.00, 0.00, 920.00, 18.0000, 9.0000, 82.80, 9.0000, 82.80, 0.0000, 0.00, 0.0000, 0.00, 1085.60, NULL, '2026-03-29 18:23:55.439459', 168, '2026-03-29 18:23:55.439459', 168);
INSERT INTO "sales_quote_line" ("id", "sales_quote_id", "product_id", "uom_id", "hsn_snapshot", "quantity", "base_quantity", "unit_price", "discount_amount", "taxable_amount", "tax_rate", "cgst_rate", "cgst_amount", "sgst_rate", "sgst_amount", "igst_rate", "igst_amount", "cess_rate", "cess_amount", "line_amount", "remarks", "created_at", "created_by", "updated_at", "updated_by") VALUES (5, 3, 51, 5, '94054090', 2.000000, 2.000000, 890.00, 0.00, 1780.00, 18.0000, 9.0000, 160.20, 9.0000, 160.20, 0.0000, 0.00, 0.0000, 0.00, 2100.40, NULL, '2026-03-29 18:27:37.410173', 168, '2026-03-29 18:27:37.410173', 168);
INSERT INTO "sales_quote_line" ("id", "sales_quote_id", "product_id", "uom_id", "hsn_snapshot", "quantity", "base_quantity", "unit_price", "discount_amount", "taxable_amount", "tax_rate", "cgst_rate", "cgst_amount", "sgst_rate", "sgst_amount", "igst_rate", "igst_amount", "cess_rate", "cess_amount", "line_amount", "remarks", "created_at", "created_by", "updated_at", "updated_by") VALUES (6, 3, 44, 11, '85444999', 12.000000, 12.000000, 92.00, 0.00, 1104.00, 18.0000, 9.0000, 99.36, 9.0000, 99.36, 0.0000, 0.00, 0.0000, 0.00, 1302.72, NULL, '2026-03-29 18:27:37.417445', 168, '2026-03-29 18:27:37.417445', 168);
INSERT INTO "sales_quote_line" ("id", "sales_quote_id", "product_id", "uom_id", "hsn_snapshot", "quantity", "base_quantity", "unit_price", "discount_amount", "taxable_amount", "tax_rate", "cgst_rate", "cgst_amount", "sgst_rate", "sgst_amount", "igst_rate", "igst_amount", "cess_rate", "cess_amount", "line_amount", "remarks", "created_at", "created_by", "updated_at", "updated_by") VALUES (7, 4, 51, 5, '94054090', 2.000000, 2.000000, 890.00, 0.00, 1780.00, 18.0000, 9.0000, 160.20, 9.0000, 160.20, 0.0000, 0.00, 0.0000, 0.00, 2100.40, NULL, '2026-03-29 18:34:01.206794', 168, '2026-03-29 18:34:01.206794', 168);
INSERT INTO "sales_quote_line" ("id", "sales_quote_id", "product_id", "uom_id", "hsn_snapshot", "quantity", "base_quantity", "unit_price", "discount_amount", "taxable_amount", "tax_rate", "cgst_rate", "cgst_amount", "sgst_rate", "sgst_amount", "igst_rate", "igst_amount", "cess_rate", "cess_amount", "line_amount", "remarks", "created_at", "created_by", "updated_at", "updated_by") VALUES (8, 4, 44, 11, '85444999', 12.000000, 12.000000, 92.00, 0.00, 1104.00, 18.0000, 9.0000, 99.36, 9.0000, 99.36, 0.0000, 0.00, 0.0000, 0.00, 1302.72, NULL, '2026-03-29 18:34:01.206794', 168, '2026-03-29 18:34:01.206794', 168);
INSERT INTO "sales_quote_line" ("id", "sales_quote_id", "product_id", "uom_id", "hsn_snapshot", "quantity", "base_quantity", "unit_price", "discount_amount", "taxable_amount", "tax_rate", "cgst_rate", "cgst_amount", "sgst_rate", "sgst_amount", "igst_rate", "igst_amount", "cess_rate", "cess_amount", "line_amount", "remarks", "created_at", "created_by", "updated_at", "updated_by") VALUES (9, 5, 42, 5, '85044090', 1.000000, 1.000000, 6500.00, 0.00, 6500.00, 18.0000, 9.0000, 585.00, 9.0000, 585.00, 0.0000, 0.00, 0.0000, 0.00, 7670.00, 'Serial tracked inverter', '2026-03-29 20:24:51.211575', 168, '2026-03-29 20:24:51.211575', 168);
INSERT INTO "sales_quote_line" ("id", "sales_quote_id", "product_id", "uom_id", "hsn_snapshot", "quantity", "base_quantity", "unit_price", "discount_amount", "taxable_amount", "tax_rate", "cgst_rate", "cgst_amount", "sgst_rate", "sgst_amount", "igst_rate", "igst_amount", "cess_rate", "cess_amount", "line_amount", "remarks", "created_at", "created_by", "updated_at", "updated_by") VALUES (10, 6, 42, 5, '85044090', 1.000000, 1.000000, 6500.00, 0.00, 6500.00, 18.0000, 9.0000, 585.00, 9.0000, 585.00, 0.0000, 0.00, 0.0000, 0.00, 7670.00, 'Serial tracked inverter', '2026-03-29 20:25:48.379731', 168, '2026-03-29 20:25:48.379731', 168);
INSERT INTO "sales_quote_line" ("id", "sales_quote_id", "product_id", "uom_id", "hsn_snapshot", "quantity", "base_quantity", "unit_price", "discount_amount", "taxable_amount", "tax_rate", "cgst_rate", "cgst_amount", "sgst_rate", "sgst_amount", "igst_rate", "igst_amount", "cess_rate", "cess_amount", "line_amount", "remarks", "created_at", "created_by", "updated_at", "updated_by") VALUES (11, 7, 41, 5, '85395000', 2.000000, 2.000000, 95.00, 0.00, 190.00, 12.0000, 6.0000, 11.40, 6.0000, 11.40, 0.0000, 0.00, 0.0000, 0.00, 212.80, 'Batch tracked bulbs', '2026-03-29 20:26:07.354493', 168, '2026-03-29 20:26:07.354493', 168);
INSERT INTO "sales_quote_line" ("id", "sales_quote_id", "product_id", "uom_id", "hsn_snapshot", "quantity", "base_quantity", "unit_price", "discount_amount", "taxable_amount", "tax_rate", "cgst_rate", "cgst_amount", "sgst_rate", "sgst_amount", "igst_rate", "igst_amount", "cess_rate", "cess_amount", "line_amount", "remarks", "created_at", "created_by", "updated_at", "updated_by") VALUES (12, 8, 45, 9, '38200000', 2.000000, 2.000000, 55.00, 0.00, 110.00, 18.0000, 9.0000, 9.90, 9.0000, 9.90, 0.0000, 0.00, 0.0000, 0.00, 129.80, 'Batch tracked consumable', '2026-03-29 20:28:06.883876', 168, '2026-03-29 20:28:06.883876', 168);
INSERT INTO "sales_quote_line" ("id", "sales_quote_id", "product_id", "uom_id", "hsn_snapshot", "quantity", "base_quantity", "unit_price", "discount_amount", "taxable_amount", "tax_rate", "cgst_rate", "cgst_amount", "sgst_rate", "sgst_amount", "igst_rate", "igst_amount", "cess_rate", "cess_amount", "line_amount", "remarks", "created_at", "created_by", "updated_at", "updated_by") VALUES (13, 9, 42, 5, '85044090', 1.000000, 1.000000, 6500.00, 0.00, 6500.00, 18.0000, 9.0000, 585.00, 9.0000, 585.00, 0.0000, 0.00, 0.0000, 0.00, 7670.00, 'Serial tracked inverter second pass', '2026-03-29 20:30:52.921209', 168, '2026-03-29 20:30:52.921209', 168);
INSERT INTO "sales_quote_line" ("id", "sales_quote_id", "product_id", "uom_id", "hsn_snapshot", "quantity", "base_quantity", "unit_price", "discount_amount", "taxable_amount", "tax_rate", "cgst_rate", "cgst_amount", "sgst_rate", "sgst_amount", "igst_rate", "igst_amount", "cess_rate", "cess_amount", "line_amount", "remarks", "created_at", "created_by", "updated_at", "updated_by") VALUES (14, 10, 44, 5, '85444999', 2.000000, 2.000000, 1200.00, 0.00, 2400.00, 18.0000, 9.0000, 216.00, 9.0000, 216.00, 0.0000, 0.00, 0.0000, 0.00, 2832.00, 'Cancel flow test', '2026-04-04 23:52:59.075595', 168, '2026-04-04 23:52:59.075595', 168);

-- changeset sameerkhan:1775937591491-78
INSERT INTO "sales_order" ("id", "organization_id", "branch_id", "warehouse_id", "customer_id", "source_quote_id", "order_number", "order_date", "seller_tax_registration_id", "seller_gstin", "customer_gstin", "place_of_supply_state_code", "status", "subtotal", "discount_amount", "tax_amount", "total_amount", "converted_sales_invoice_id", "remarks", "created_at", "created_by", "updated_at", "updated_by") VALUES (1, 33, 72, 144, 51, 1, 'SO-20260329-1774788685989', '2026-03-29', 2, '24AAVCS1234Q1Z5', NULL, '24', 'SUBMITTED', 3160.00, 0.00, 568.80, 3728.80, NULL, 'Converted from demo quote', '2026-03-29 18:21:25.990469', 168, '2026-03-29 18:21:26.015189', 168);
INSERT INTO "sales_order" ("id", "organization_id", "branch_id", "warehouse_id", "customer_id", "source_quote_id", "order_number", "order_date", "seller_tax_registration_id", "seller_gstin", "customer_gstin", "place_of_supply_state_code", "status", "subtotal", "discount_amount", "tax_amount", "total_amount", "converted_sales_invoice_id", "remarks", "created_at", "created_by", "updated_at", "updated_by") VALUES (2, 33, 73, 142, 53, 3, 'SO-20260329-1774789080276', '2026-03-29', 2, '24AAVCS1234Q1Z5', NULL, '24', 'INVOICED', 2884.00, 0.00, 519.12, 3403.12, NULL, 'Converted stocked quote to order', '2026-03-29 18:28:00.27718', 168, '2026-03-29 18:28:11.268951', 168);
INSERT INTO "sales_order" ("id", "organization_id", "branch_id", "warehouse_id", "customer_id", "source_quote_id", "order_number", "order_date", "seller_tax_registration_id", "seller_gstin", "customer_gstin", "place_of_supply_state_code", "status", "subtotal", "discount_amount", "tax_amount", "total_amount", "converted_sales_invoice_id", "remarks", "created_at", "created_by", "updated_at", "updated_by") VALUES (3, 33, 71, 142, 53, 4, 'SO-SPC-DEMO-00001', '2026-03-13', NULL, '24AAVCS1234Q1Z5', NULL, '24', 'INVOICED', 2884.00, 0.00, 519.12, 3403.12, NULL, 'Seeded sales order converted from demo quotation', '2026-03-29 18:34:01.206794', 168, '2026-03-29 18:34:01.206794', 168);
INSERT INTO "sales_order" ("id", "organization_id", "branch_id", "warehouse_id", "customer_id", "source_quote_id", "order_number", "order_date", "seller_tax_registration_id", "seller_gstin", "customer_gstin", "place_of_supply_state_code", "status", "subtotal", "discount_amount", "tax_amount", "total_amount", "converted_sales_invoice_id", "remarks", "created_at", "created_by", "updated_at", "updated_by") VALUES (4, 33, 73, 142, 53, NULL, 'SO-20260404-1775326978275', '2026-04-04', 2, '24AAVCS1234Q1Z5', NULL, '24', 'CANCELLED', 1200.00, 0.00, 216.00, 1416.00, NULL, 'Disposable cancel-flow order | Cancelled: Customer rescheduled purchase during UI test', '2026-04-04 23:52:58.275626', 168, '2026-04-04 23:53:23.181076', 168);

-- changeset sameerkhan:1775937591491-79
INSERT INTO "sales_order_line" ("id", "sales_order_id", "source_quote_line_id", "product_id", "uom_id", "hsn_snapshot", "quantity", "base_quantity", "unit_price", "discount_amount", "taxable_amount", "tax_rate", "cgst_rate", "cgst_amount", "sgst_rate", "sgst_amount", "igst_rate", "igst_amount", "cess_rate", "cess_amount", "line_amount", "remarks", "created_at", "created_by", "updated_at", "updated_by") VALUES (1, 1, 1, 51, 5, '94054090', 2.000000, 2.000000, 890.00, 0.00, 1780.00, 18.0000, 9.0000, 160.20, 9.0000, 160.20, 0.0000, 0.00, 0.0000, 0.00, 2100.40, NULL, '2026-03-29 18:21:26.002149', 168, '2026-03-29 18:21:26.002149', 168);
INSERT INTO "sales_order_line" ("id", "sales_order_id", "source_quote_line_id", "product_id", "uom_id", "hsn_snapshot", "quantity", "base_quantity", "unit_price", "discount_amount", "taxable_amount", "tax_rate", "cgst_rate", "cgst_amount", "sgst_rate", "sgst_amount", "igst_rate", "igst_amount", "cess_rate", "cess_amount", "line_amount", "remarks", "created_at", "created_by", "updated_at", "updated_by") VALUES (2, 1, 2, 44, 11, '85444999', 15.000000, 15.000000, 92.00, 0.00, 1380.00, 18.0000, 9.0000, 124.20, 9.0000, 124.20, 0.0000, 0.00, 0.0000, 0.00, 1628.40, NULL, '2026-03-29 18:21:26.01088', 168, '2026-03-29 18:21:26.01088', 168);
INSERT INTO "sales_order_line" ("id", "sales_order_id", "source_quote_line_id", "product_id", "uom_id", "hsn_snapshot", "quantity", "base_quantity", "unit_price", "discount_amount", "taxable_amount", "tax_rate", "cgst_rate", "cgst_amount", "sgst_rate", "sgst_amount", "igst_rate", "igst_amount", "cess_rate", "cess_amount", "line_amount", "remarks", "created_at", "created_by", "updated_at", "updated_by") VALUES (3, 2, 5, 51, 5, '94054090', 2.000000, 2.000000, 890.00, 0.00, 1780.00, 18.0000, 9.0000, 160.20, 9.0000, 160.20, 0.0000, 0.00, 0.0000, 0.00, 2100.40, NULL, '2026-03-29 18:28:00.284786', 168, '2026-03-29 18:28:00.284786', 168);
INSERT INTO "sales_order_line" ("id", "sales_order_id", "source_quote_line_id", "product_id", "uom_id", "hsn_snapshot", "quantity", "base_quantity", "unit_price", "discount_amount", "taxable_amount", "tax_rate", "cgst_rate", "cgst_amount", "sgst_rate", "sgst_amount", "igst_rate", "igst_amount", "cess_rate", "cess_amount", "line_amount", "remarks", "created_at", "created_by", "updated_at", "updated_by") VALUES (4, 2, 6, 44, 11, '85444999', 12.000000, 12.000000, 92.00, 0.00, 1104.00, 18.0000, 9.0000, 99.36, 9.0000, 99.36, 0.0000, 0.00, 0.0000, 0.00, 1302.72, NULL, '2026-03-29 18:28:00.291481', 168, '2026-03-29 18:28:00.291481', 168);
INSERT INTO "sales_order_line" ("id", "sales_order_id", "source_quote_line_id", "product_id", "uom_id", "hsn_snapshot", "quantity", "base_quantity", "unit_price", "discount_amount", "taxable_amount", "tax_rate", "cgst_rate", "cgst_amount", "sgst_rate", "sgst_amount", "igst_rate", "igst_amount", "cess_rate", "cess_amount", "line_amount", "remarks", "created_at", "created_by", "updated_at", "updated_by") VALUES (5, 3, 8, 44, 11, '85444999', 12.000000, 12.000000, 92.00, 0.00, 1104.00, 18.0000, 9.0000, 99.36, 9.0000, 99.36, 0.0000, 0.00, 0.0000, 0.00, 1302.72, NULL, '2026-03-29 18:34:01.206794', 168, '2026-03-29 18:34:01.206794', 168);
INSERT INTO "sales_order_line" ("id", "sales_order_id", "source_quote_line_id", "product_id", "uom_id", "hsn_snapshot", "quantity", "base_quantity", "unit_price", "discount_amount", "taxable_amount", "tax_rate", "cgst_rate", "cgst_amount", "sgst_rate", "sgst_amount", "igst_rate", "igst_amount", "cess_rate", "cess_amount", "line_amount", "remarks", "created_at", "created_by", "updated_at", "updated_by") VALUES (6, 3, 7, 51, 5, '94054090', 2.000000, 2.000000, 890.00, 0.00, 1780.00, 18.0000, 9.0000, 160.20, 9.0000, 160.20, 0.0000, 0.00, 0.0000, 0.00, 2100.40, NULL, '2026-03-29 18:34:01.206794', 168, '2026-03-29 18:34:01.206794', 168);
INSERT INTO "sales_order_line" ("id", "sales_order_id", "source_quote_line_id", "product_id", "uom_id", "hsn_snapshot", "quantity", "base_quantity", "unit_price", "discount_amount", "taxable_amount", "tax_rate", "cgst_rate", "cgst_amount", "sgst_rate", "sgst_amount", "igst_rate", "igst_amount", "cess_rate", "cess_amount", "line_amount", "remarks", "created_at", "created_by", "updated_at", "updated_by") VALUES (7, 4, NULL, 44, 5, '85444999', 1.000000, 1.000000, 1200.00, 0.00, 1200.00, 18.0000, 9.0000, 108.00, 9.0000, 108.00, 0.0000, 0.00, 0.0000, 0.00, 1416.00, 'Cancel flow test', '2026-04-04 23:52:58.306886', 168, '2026-04-04 23:52:58.306886', 168);

-- changeset sameerkhan:1775937591491-41
INSERT INTO "sales_invoice" ("id", "organization_id", "branch_id", "warehouse_id", "customer_id", "price_list_id", "invoice_number", "invoice_date", "status", "subtotal", "discount_amount", "tax_amount", "total_amount", "remarks", "printed_at", "emailed_at", "posted_at", "cancelled_at", "cancelled_by", "cancel_reason", "created_at", "created_by", "updated_at", "updated_by", "seller_tax_registration_id", "seller_gstin", "customer_gstin", "place_of_supply_state_code", "due_date", "source_quote_id", "source_order_id") VALUES (26, 33, 71, 142, 50, NULL, 'INV-20260329-1774795575062', '2026-03-29', 'PAID', 890.00, 0.00, 160.20, 1050.20, 'Demo recurring floodlight invoice', NULL, NULL, '2026-03-29 20:16:15.117641', NULL, NULL, NULL, '2026-03-29 20:16:15.06284', 168, '2026-04-04 02:30:12.88236', 168, 2, '24AAVCS1234Q1Z5', '24AABCM1111D1Z0', '24', '2026-04-13', NULL, NULL);
INSERT INTO "sales_invoice" ("id", "organization_id", "branch_id", "warehouse_id", "customer_id", "price_list_id", "invoice_number", "invoice_date", "status", "subtotal", "discount_amount", "tax_amount", "total_amount", "remarks", "printed_at", "emailed_at", "posted_at", "cancelled_at", "cancelled_by", "cancel_reason", "created_at", "created_by", "updated_at", "updated_by", "seller_tax_registration_id", "seller_gstin", "customer_gstin", "place_of_supply_state_code", "due_date", "source_quote_id", "source_order_id") VALUES (36, 33, 73, 142, 53, NULL, 'INV-20260329-1774796479238', '2026-03-29', 'PAID', 6500.00, 0.00, 1170.00, 7670.00, 'Tracked serial aggregate inventory verification', NULL, NULL, '2026-03-29 20:31:19.320091', NULL, NULL, NULL, '2026-03-29 20:31:19.23813', 168, '2026-04-04 02:41:56.180646', 168, 2, '24AAVCS1234Q1Z5', NULL, '24', '2026-03-29', NULL, NULL);
INSERT INTO "sales_invoice" ("id", "organization_id", "branch_id", "warehouse_id", "customer_id", "price_list_id", "invoice_number", "invoice_date", "status", "subtotal", "discount_amount", "tax_amount", "total_amount", "remarks", "printed_at", "emailed_at", "posted_at", "cancelled_at", "cancelled_by", "cancel_reason", "created_at", "created_by", "updated_at", "updated_by", "seller_tax_registration_id", "seller_gstin", "customer_gstin", "place_of_supply_state_code", "due_date", "source_quote_id", "source_order_id") VALUES (11, 34, 74, 149, 55, 94, 'INV-UHL-00001', '2026-03-07', 'PAID', 5348.00, 0.00, 962.64, 6310.64, 'Mixed retail basket', '2026-03-07 20:00:00', NULL, '2026-03-07 19:55:00', NULL, NULL, NULL, '2026-03-25 04:32:16.083557', 181, '2026-03-26 03:04:16.744226', 181, 1, '24AAAFU5678R1Z2', NULL, '24', '2026-03-07', NULL, NULL);
INSERT INTO "sales_invoice" ("id", "organization_id", "branch_id", "warehouse_id", "customer_id", "price_list_id", "invoice_number", "invoice_date", "status", "subtotal", "discount_amount", "tax_amount", "total_amount", "remarks", "printed_at", "emailed_at", "posted_at", "cancelled_at", "cancelled_by", "cancel_reason", "created_at", "created_by", "updated_at", "updated_by", "seller_tax_registration_id", "seller_gstin", "customer_gstin", "place_of_supply_state_code", "due_date", "source_quote_id", "source_order_id") VALUES (10, 33, 72, 144, 51, 90, 'INV-SPC-00001', '2026-03-03', 'PAID', 19295.00, 0.00, 3473.10, 22768.10, 'Counter sale with serial tracked items', '2026-03-03 13:00:00', NULL, '2026-03-03 12:55:00', NULL, NULL, NULL, '2026-03-25 04:32:16.083557', 173, '2026-03-26 03:04:16.744226', 173, 2, '24AAVCS1234Q1Z5', NULL, '24', '2026-03-03', NULL, NULL);
INSERT INTO "sales_invoice" ("id", "organization_id", "branch_id", "warehouse_id", "customer_id", "price_list_id", "invoice_number", "invoice_date", "status", "subtotal", "discount_amount", "tax_amount", "total_amount", "remarks", "printed_at", "emailed_at", "posted_at", "cancelled_at", "cancelled_by", "cancel_reason", "created_at", "created_by", "updated_at", "updated_by", "seller_tax_registration_id", "seller_gstin", "customer_gstin", "place_of_supply_state_code", "due_date", "source_quote_id", "source_order_id") VALUES (12, 34, 74, 149, 56, 94, 'INV-UHL-00002', '2026-03-10', 'CONFIRMED', 2200.00, 0.00, 396.00, 2596.00, 'Confirmed sale awaiting dispatch', NULL, NULL, NULL, NULL, NULL, NULL, '2026-03-25 04:32:16.083557', 181, '2026-03-26 03:04:16.744226', 181, 1, '24AAAFU5678R1Z2', '24AACCV4444N1ZA', '24', '2026-03-10', NULL, NULL);
INSERT INTO "sales_invoice" ("id", "organization_id", "branch_id", "warehouse_id", "customer_id", "price_list_id", "invoice_number", "invoice_date", "status", "subtotal", "discount_amount", "tax_amount", "total_amount", "remarks", "printed_at", "emailed_at", "posted_at", "cancelled_at", "cancelled_by", "cancel_reason", "created_at", "created_by", "updated_at", "updated_by", "seller_tax_registration_id", "seller_gstin", "customer_gstin", "place_of_supply_state_code", "due_date", "source_quote_id", "source_order_id") VALUES (9, 33, 71, 142, 52, 90, 'INV-SPC-00002', '2026-03-05', 'PARTIALLY_PAID', 14740.00, 500.00, 2563.20, 16803.20, 'Credit sale to trade customer', '2026-03-05 18:30:00', '2026-03-05 18:45:00', '2026-03-05 18:20:00', NULL, NULL, NULL, '2026-03-25 04:32:16.083557', 170, '2026-03-26 03:04:16.744226', 170, 2, '24AAVCS1234Q1Z5', '24AACCS2222L1Z8', '24', '2026-03-05', NULL, NULL);
INSERT INTO "sales_invoice" ("id", "organization_id", "branch_id", "warehouse_id", "customer_id", "price_list_id", "invoice_number", "invoice_date", "status", "subtotal", "discount_amount", "tax_amount", "total_amount", "remarks", "printed_at", "emailed_at", "posted_at", "cancelled_at", "cancelled_by", "cancel_reason", "created_at", "created_by", "updated_at", "updated_by", "seller_tax_registration_id", "seller_gstin", "customer_gstin", "place_of_supply_state_code", "due_date", "source_quote_id", "source_order_id") VALUES (15, 33, 73, 142, 53, NULL, 'INV-20260329-1774789091050', '2026-03-29', 'POSTED', 2884.00, 0.00, 519.12, 3403.12, 'Converted stocked order to invoice', NULL, NULL, '2026-03-29 18:28:11.230726', NULL, NULL, NULL, '2026-03-29 18:28:11.050939', 168, '2026-03-29 18:28:11.041019', 168, 2, '24AAVCS1234Q1Z5', NULL, '24', '2026-03-29', NULL, NULL);
INSERT INTO "sales_invoice" ("id", "organization_id", "branch_id", "warehouse_id", "customer_id", "price_list_id", "invoice_number", "invoice_date", "status", "subtotal", "discount_amount", "tax_amount", "total_amount", "remarks", "printed_at", "emailed_at", "posted_at", "cancelled_at", "cancelled_by", "cancel_reason", "created_at", "created_by", "updated_at", "updated_by", "seller_tax_registration_id", "seller_gstin", "customer_gstin", "place_of_supply_state_code", "due_date", "source_quote_id", "source_order_id") VALUES (16, 33, 71, 142, 53, 90, 'INV-SPC-00003', '2026-03-14', 'POSTED', 2884.00, 0.00, 519.12, 3403.12, 'Seeded posted invoice converted from demo sales order', NULL, NULL, '2026-03-14 14:35:00', NULL, NULL, NULL, '2026-03-29 18:34:01.206794', 168, '2026-03-29 18:34:01.206794', 168, NULL, '24AAVCS1234Q1Z5', NULL, '24', '2026-03-14', 4, 3);
INSERT INTO "sales_invoice" ("id", "organization_id", "branch_id", "warehouse_id", "customer_id", "price_list_id", "invoice_number", "invoice_date", "status", "subtotal", "discount_amount", "tax_amount", "total_amount", "remarks", "printed_at", "emailed_at", "posted_at", "cancelled_at", "cancelled_by", "cancel_reason", "created_at", "created_by", "updated_at", "updated_by", "seller_tax_registration_id", "seller_gstin", "customer_gstin", "place_of_supply_state_code", "due_date", "source_quote_id", "source_order_id") VALUES (33, 33, 73, 142, 53, NULL, 'INV-20260329-1774796288341', '2026-03-29', 'POSTED', 6500.00, 0.00, 1170.00, 7670.00, 'Tracked serial conversion verification success', NULL, NULL, '2026-03-29 20:28:08.427399', NULL, NULL, NULL, '2026-03-29 20:28:08.341613', 168, '2026-03-29 20:28:08.326459', 168, 2, '24AAVCS1234Q1Z5', NULL, '24', '2026-03-29', NULL, NULL);
INSERT INTO "sales_invoice" ("id", "organization_id", "branch_id", "warehouse_id", "customer_id", "price_list_id", "invoice_number", "invoice_date", "status", "subtotal", "discount_amount", "tax_amount", "total_amount", "remarks", "printed_at", "emailed_at", "posted_at", "cancelled_at", "cancelled_by", "cancel_reason", "created_at", "created_by", "updated_at", "updated_by", "seller_tax_registration_id", "seller_gstin", "customer_gstin", "place_of_supply_state_code", "due_date", "source_quote_id", "source_order_id") VALUES (34, 33, 73, 142, 53, NULL, 'INV-20260329-1774796323171', '2026-03-29', 'POSTED', 110.00, 0.00, 19.80, 129.80, 'Tracked batch conversion verification success', NULL, NULL, '2026-03-29 20:28:43.207744', NULL, NULL, NULL, '2026-03-29 20:28:43.171163', 168, '2026-03-29 20:28:43.158565', 168, 2, '24AAVCS1234Q1Z5', NULL, '24', '2026-03-29', NULL, NULL);

-- changeset sameerkhan:1775937591491-42
INSERT INTO "sales_invoice_line" ("id", "sales_invoice_id", "product_id", "uom_id", "quantity", "base_quantity", "unit_price", "discount_amount", "tax_rate", "line_amount", "created_at", "created_by", "updated_at", "updated_by", "taxable_amount", "cgst_rate", "cgst_amount", "sgst_rate", "sgst_amount", "igst_rate", "igst_amount", "cess_rate", "cess_amount", "unit_cost_at_sale", "total_cost_at_sale", "warranty_months", "hsn_snapshot") VALUES (21, 9, 41, 4, 6.000000, 72.000000, 1020.00, 0.00, 18.0000, 6120.00, '2026-03-25 04:32:16.083557', 170, '2026-03-29 16:24:00.092523', 170, 6120.00, 9.0000, 550.80, 9.0000, 550.80, 0.0000, 0.00, 0.0000, 0.00, 0.00, 0.00, 0, NULL);
INSERT INTO "sales_invoice_line" ("id", "sales_invoice_id", "product_id", "uom_id", "quantity", "base_quantity", "unit_price", "discount_amount", "tax_rate", "line_amount", "created_at", "created_by", "updated_at", "updated_by", "taxable_amount", "cgst_rate", "cgst_amount", "sgst_rate", "sgst_amount", "igst_rate", "igst_amount", "cess_rate", "cess_amount", "unit_cost_at_sale", "total_cost_at_sale", "warranty_months", "hsn_snapshot") VALUES (22, 9, 45, 9, 20.000000, 20.000000, 55.00, 0.00, 18.0000, 1100.00, '2026-03-25 04:32:16.083557', 170, '2026-03-29 16:24:00.092523', 170, 1100.00, 9.0000, 99.00, 9.0000, 99.00, 0.0000, 0.00, 0.0000, 0.00, 0.00, 0.00, 0, NULL);
INSERT INTO "sales_invoice_line" ("id", "sales_invoice_id", "product_id", "uom_id", "quantity", "base_quantity", "unit_price", "discount_amount", "tax_rate", "line_amount", "created_at", "created_by", "updated_at", "updated_by", "taxable_amount", "cgst_rate", "cgst_amount", "sgst_rate", "sgst_amount", "igst_rate", "igst_amount", "cess_rate", "cess_amount", "unit_cost_at_sale", "total_cost_at_sale", "warranty_months", "hsn_snapshot") VALUES (23, 9, 44, 11, 80.000000, 80.000000, 92.00, 500.00, 18.0000, 6860.00, '2026-03-25 04:32:16.083557', 170, '2026-03-29 16:24:00.092523', 170, 6860.00, 9.0000, 617.40, 9.0000, 617.40, 0.0000, 0.00, 0.0000, 0.00, 0.00, 0.00, 0, NULL);
INSERT INTO "sales_invoice_line" ("id", "sales_invoice_id", "product_id", "uom_id", "quantity", "base_quantity", "unit_price", "discount_amount", "tax_rate", "line_amount", "created_at", "created_by", "updated_at", "updated_by", "taxable_amount", "cgst_rate", "cgst_amount", "sgst_rate", "sgst_amount", "igst_rate", "igst_amount", "cess_rate", "cess_amount", "unit_cost_at_sale", "total_cost_at_sale", "warranty_months", "hsn_snapshot") VALUES (24, 10, 43, 5, 1.000000, 1.000000, 12800.00, 0.00, 18.0000, 12800.00, '2026-03-25 04:32:16.083557', 173, '2026-03-29 16:24:00.092523', 173, 12800.00, 9.0000, 1152.00, 9.0000, 1152.00, 0.0000, 0.00, 0.0000, 0.00, 0.00, 0.00, 0, NULL);
INSERT INTO "sales_invoice_line" ("id", "sales_invoice_id", "product_id", "uom_id", "quantity", "base_quantity", "unit_price", "discount_amount", "tax_rate", "line_amount", "created_at", "created_by", "updated_at", "updated_by", "taxable_amount", "cgst_rate", "cgst_amount", "sgst_rate", "sgst_amount", "igst_rate", "igst_amount", "cess_rate", "cess_amount", "unit_cost_at_sale", "total_cost_at_sale", "warranty_months", "hsn_snapshot") VALUES (25, 10, 42, 5, 1.000000, 1.000000, 6500.00, 0.00, 18.0000, 6500.00, '2026-03-25 04:32:16.083557', 173, '2026-03-29 16:24:00.092523', 173, 6500.00, 9.0000, 585.00, 9.0000, 585.00, 0.0000, 0.00, 0.0000, 0.00, 0.00, 0.00, 0, NULL);
INSERT INTO "sales_invoice_line" ("id", "sales_invoice_id", "product_id", "uom_id", "quantity", "base_quantity", "unit_price", "discount_amount", "tax_rate", "line_amount", "created_at", "created_by", "updated_at", "updated_by", "taxable_amount", "cgst_rate", "cgst_amount", "sgst_rate", "sgst_amount", "igst_rate", "igst_amount", "cess_rate", "cess_amount", "unit_cost_at_sale", "total_cost_at_sale", "warranty_months", "hsn_snapshot") VALUES (26, 11, 47, 5, 1.000000, 1.000000, 2200.00, 0.00, 18.0000, 2200.00, '2026-03-25 04:32:16.083557', 181, '2026-03-29 16:24:00.092523', 181, 2200.00, 9.0000, 198.00, 9.0000, 198.00, 0.0000, 0.00, 0.0000, 0.00, 0.00, 0.00, 0, NULL);
INSERT INTO "sales_invoice_line" ("id", "sales_invoice_id", "product_id", "uom_id", "quantity", "base_quantity", "unit_price", "discount_amount", "tax_rate", "line_amount", "created_at", "created_by", "updated_at", "updated_by", "taxable_amount", "cgst_rate", "cgst_amount", "sgst_rate", "sgst_amount", "igst_rate", "igst_amount", "cess_rate", "cess_amount", "unit_cost_at_sale", "total_cost_at_sale", "warranty_months", "hsn_snapshot") VALUES (27, 11, 50, 3, 1.000000, 20.000000, 780.00, 0.00, 18.0000, 780.00, '2026-03-25 04:32:16.083557', 181, '2026-03-29 16:24:00.092523', 181, 780.00, 9.0000, 70.20, 9.0000, 70.20, 0.0000, 0.00, 0.0000, 0.00, 0.00, 0.00, 0, NULL);
INSERT INTO "sales_invoice_line" ("id", "sales_invoice_id", "product_id", "uom_id", "quantity", "base_quantity", "unit_price", "discount_amount", "tax_rate", "line_amount", "created_at", "created_by", "updated_at", "updated_by", "taxable_amount", "cgst_rate", "cgst_amount", "sgst_rate", "sgst_amount", "igst_rate", "igst_amount", "cess_rate", "cess_amount", "unit_cost_at_sale", "total_cost_at_sale", "warranty_months", "hsn_snapshot") VALUES (28, 11, 48, 11, 60.000000, 60.000000, 24.00, 0.00, 18.0000, 1440.00, '2026-03-25 04:32:16.083557', 181, '2026-03-29 16:24:00.092523', 181, 1440.00, 9.0000, 129.60, 9.0000, 129.60, 0.0000, 0.00, 0.0000, 0.00, 0.00, 0.00, 0, NULL);
INSERT INTO "sales_invoice_line" ("id", "sales_invoice_id", "product_id", "uom_id", "quantity", "base_quantity", "unit_price", "discount_amount", "tax_rate", "line_amount", "created_at", "created_by", "updated_at", "updated_by", "taxable_amount", "cgst_rate", "cgst_amount", "sgst_rate", "sgst_amount", "igst_rate", "igst_amount", "cess_rate", "cess_amount", "unit_cost_at_sale", "total_cost_at_sale", "warranty_months", "hsn_snapshot") VALUES (29, 11, 46, 5, 4.000000, 4.000000, 650.00, 0.00, 18.0000, 2600.00, '2026-03-25 04:32:16.083557', 181, '2026-03-29 16:24:00.092523', 181, 2600.00, 9.0000, 234.00, 9.0000, 234.00, 0.0000, 0.00, 0.0000, 0.00, 0.00, 0.00, 0, NULL);
INSERT INTO "sales_invoice_line" ("id", "sales_invoice_id", "product_id", "uom_id", "quantity", "base_quantity", "unit_price", "discount_amount", "tax_rate", "line_amount", "created_at", "created_by", "updated_at", "updated_by", "taxable_amount", "cgst_rate", "cgst_amount", "sgst_rate", "sgst_amount", "igst_rate", "igst_amount", "cess_rate", "cess_amount", "unit_cost_at_sale", "total_cost_at_sale", "warranty_months", "hsn_snapshot") VALUES (30, 12, 47, 5, 1.000000, 1.000000, 2200.00, 0.00, 18.0000, 2200.00, '2026-03-25 04:32:16.083557', 181, '2026-03-29 16:24:00.092523', 181, 2200.00, 9.0000, 198.00, 9.0000, 198.00, 0.0000, 0.00, 0.0000, 0.00, 0.00, 0.00, 0, NULL);
INSERT INTO "sales_invoice_line" ("id", "sales_invoice_id", "product_id", "uom_id", "quantity", "base_quantity", "unit_price", "discount_amount", "tax_rate", "line_amount", "created_at", "created_by", "updated_at", "updated_by", "taxable_amount", "cgst_rate", "cgst_amount", "sgst_rate", "sgst_amount", "igst_rate", "igst_amount", "cess_rate", "cess_amount", "unit_cost_at_sale", "total_cost_at_sale", "warranty_months", "hsn_snapshot") VALUES (33, 15, 51, 5, 2.000000, 2.000000, 890.00, 0.00, 18.0000, 2100.40, '2026-03-29 18:28:11.060296', 168, '2026-03-29 18:28:11.060296', 168, 1780.00, 9.0000, 160.20, 9.0000, 160.20, 0.0000, 0.00, 0.0000, 0.00, 610.00, 1220.00, NULL, '94054090');
INSERT INTO "sales_invoice_line" ("id", "sales_invoice_id", "product_id", "uom_id", "quantity", "base_quantity", "unit_price", "discount_amount", "tax_rate", "line_amount", "created_at", "created_by", "updated_at", "updated_by", "taxable_amount", "cgst_rate", "cgst_amount", "sgst_rate", "sgst_amount", "igst_rate", "igst_amount", "cess_rate", "cess_amount", "unit_cost_at_sale", "total_cost_at_sale", "warranty_months", "hsn_snapshot") VALUES (34, 15, 44, 11, 12.000000, 12.000000, 92.00, 0.00, 18.0000, 1302.72, '2026-03-29 18:28:11.078555', 168, '2026-03-29 18:28:11.078555', 168, 1104.00, 9.0000, 99.36, 9.0000, 99.36, 0.0000, 0.00, 0.0000, 0.00, 70.00, 840.00, NULL, '85444999');
INSERT INTO "sales_invoice_line" ("id", "sales_invoice_id", "product_id", "uom_id", "quantity", "base_quantity", "unit_price", "discount_amount", "tax_rate", "line_amount", "created_at", "created_by", "updated_at", "updated_by", "taxable_amount", "cgst_rate", "cgst_amount", "sgst_rate", "sgst_amount", "igst_rate", "igst_amount", "cess_rate", "cess_amount", "unit_cost_at_sale", "total_cost_at_sale", "warranty_months", "hsn_snapshot") VALUES (35, 16, 51, 5, 2.000000, 2.000000, 890.00, 0.00, 18.0000, 2100.40, '2026-03-29 18:34:01.206794', 168, '2026-03-29 18:34:01.206794', 168, 1780.00, 9.0000, 160.20, 9.0000, 160.20, 0.0000, 0.00, 0.0000, 0.00, 610.00, 1220.00, NULL, '94054090');
INSERT INTO "sales_invoice_line" ("id", "sales_invoice_id", "product_id", "uom_id", "quantity", "base_quantity", "unit_price", "discount_amount", "tax_rate", "line_amount", "created_at", "created_by", "updated_at", "updated_by", "taxable_amount", "cgst_rate", "cgst_amount", "sgst_rate", "sgst_amount", "igst_rate", "igst_amount", "cess_rate", "cess_amount", "unit_cost_at_sale", "total_cost_at_sale", "warranty_months", "hsn_snapshot") VALUES (36, 16, 44, 11, 12.000000, 12.000000, 92.00, 0.00, 18.0000, 1302.72, '2026-03-29 18:34:01.206794', 168, '2026-03-29 18:34:01.206794', 168, 1104.00, 9.0000, 99.36, 9.0000, 99.36, 0.0000, 0.00, 0.0000, 0.00, 70.00, 840.00, NULL, '85444999');
INSERT INTO "sales_invoice_line" ("id", "sales_invoice_id", "product_id", "uom_id", "quantity", "base_quantity", "unit_price", "discount_amount", "tax_rate", "line_amount", "created_at", "created_by", "updated_at", "updated_by", "taxable_amount", "cgst_rate", "cgst_amount", "sgst_rate", "sgst_amount", "igst_rate", "igst_amount", "cess_rate", "cess_amount", "unit_cost_at_sale", "total_cost_at_sale", "warranty_months", "hsn_snapshot") VALUES (43, 26, 51, 5, 1.000000, 1.000000, 890.00, 0.00, 18.0000, 1050.20, '2026-03-29 20:16:15.092896', 168, '2026-03-29 20:16:15.092896', 168, 890.00, 9.0000, 80.10, 9.0000, 80.10, 0.0000, 0.00, 0.0000, 0.00, 0.00, 0.00, NULL, '94054090');
INSERT INTO "sales_invoice_line" ("id", "sales_invoice_id", "product_id", "uom_id", "quantity", "base_quantity", "unit_price", "discount_amount", "tax_rate", "line_amount", "created_at", "created_by", "updated_at", "updated_by", "taxable_amount", "cgst_rate", "cgst_amount", "sgst_rate", "sgst_amount", "igst_rate", "igst_amount", "cess_rate", "cess_amount", "unit_cost_at_sale", "total_cost_at_sale", "warranty_months", "hsn_snapshot") VALUES (47, 33, 42, 5, 1.000000, 1.000000, 6500.00, 0.00, 18.0000, 7670.00, '2026-03-29 20:28:08.348669', 168, '2026-03-29 20:28:08.348669', 168, 6500.00, 9.0000, 585.00, 9.0000, 585.00, 0.0000, 0.00, 0.0000, 0.00, 5000.00, 5000.00, NULL, '85044090');
INSERT INTO "sales_invoice_line" ("id", "sales_invoice_id", "product_id", "uom_id", "quantity", "base_quantity", "unit_price", "discount_amount", "tax_rate", "line_amount", "created_at", "created_by", "updated_at", "updated_by", "taxable_amount", "cgst_rate", "cgst_amount", "sgst_rate", "sgst_amount", "igst_rate", "igst_amount", "cess_rate", "cess_amount", "unit_cost_at_sale", "total_cost_at_sale", "warranty_months", "hsn_snapshot") VALUES (48, 34, 45, 9, 2.000000, 2.000000, 55.00, 0.00, 18.0000, 129.80, '2026-03-29 20:28:43.177522', 168, '2026-03-29 20:28:43.177522', 168, 110.00, 9.0000, 9.90, 9.0000, 9.90, 0.0000, 0.00, 0.0000, 0.00, 35.00, 70.00, NULL, '38200000');
INSERT INTO "sales_invoice_line" ("id", "sales_invoice_id", "product_id", "uom_id", "quantity", "base_quantity", "unit_price", "discount_amount", "tax_rate", "line_amount", "created_at", "created_by", "updated_at", "updated_by", "taxable_amount", "cgst_rate", "cgst_amount", "sgst_rate", "sgst_amount", "igst_rate", "igst_amount", "cess_rate", "cess_amount", "unit_cost_at_sale", "total_cost_at_sale", "warranty_months", "hsn_snapshot") VALUES (49, 36, 42, 5, 1.000000, 1.000000, 6500.00, 0.00, 18.0000, 7670.00, '2026-03-29 20:31:19.246317', 168, '2026-03-29 20:31:19.246317', 168, 6500.00, 9.0000, 585.00, 9.0000, 585.00, 0.0000, 0.00, 0.0000, 0.00, 5000.00, 5000.00, NULL, '85044090');

-- changeset sameerkhan:1775937591491-43
INSERT INTO "sales_line_serial" ("id", "sales_invoice_line_id", "serial_number_id", "created_at", "created_by", "updated_at", "updated_by") VALUES (7, 25, 51, '2026-03-25 04:32:16.083557', 173, '2026-03-25 04:32:16.083557', 173);
INSERT INTO "sales_line_serial" ("id", "sales_invoice_line_id", "serial_number_id", "created_at", "created_by", "updated_at", "updated_by") VALUES (8, 24, 54, '2026-03-25 04:32:16.083557', 173, '2026-03-25 04:32:16.083557', 173);
INSERT INTO "sales_line_serial" ("id", "sales_invoice_line_id", "serial_number_id", "created_at", "created_by", "updated_at", "updated_by") VALUES (9, 26, 56, '2026-03-25 04:32:16.083557', 181, '2026-03-25 04:32:16.083557', 181);
INSERT INTO "sales_line_serial" ("id", "sales_invoice_line_id", "serial_number_id", "created_at", "created_by", "updated_at", "updated_by") VALUES (12, 47, 49, '2026-03-29 20:28:08.354119', 168, '2026-03-29 20:28:08.354119', 168);
INSERT INTO "sales_line_serial" ("id", "sales_invoice_line_id", "serial_number_id", "created_at", "created_by", "updated_at", "updated_by") VALUES (13, 49, 50, '2026-03-29 20:31:19.251774', 168, '2026-03-29 20:31:19.251774', 168);

-- changeset sameerkhan:1775937591491-44
INSERT INTO "sales_line_batch" ("id", "sales_invoice_line_id", "batch_id", "quantity", "base_quantity", "created_at", "created_by", "updated_at", "updated_by") VALUES (7, 21, 20, 6.000000, 72.000000, '2026-03-25 04:32:16.083557', 170, '2026-03-25 04:32:16.083557', 170);
INSERT INTO "sales_line_batch" ("id", "sales_invoice_line_id", "batch_id", "quantity", "base_quantity", "created_at", "created_by", "updated_at", "updated_by") VALUES (8, 22, 19, 20.000000, 20.000000, '2026-03-25 04:32:16.083557', 170, '2026-03-25 04:32:16.083557', 170);
INSERT INTO "sales_line_batch" ("id", "sales_invoice_line_id", "batch_id", "quantity", "base_quantity", "created_at", "created_by", "updated_at", "updated_by") VALUES (9, 27, 22, 1.000000, 20.000000, '2026-03-25 04:32:16.083557', 181, '2026-03-25 04:32:16.083557', 181);
INSERT INTO "sales_line_batch" ("id", "sales_invoice_line_id", "batch_id", "quantity", "base_quantity", "created_at", "created_by", "updated_at", "updated_by") VALUES (11, 48, 19, 2.000000, 2.000000, '2026-03-29 20:28:43.18142', 168, '2026-03-29 20:28:43.18142', 168);

-- changeset sameerkhan:1775937591491-45
INSERT INTO "customer_receipt" ("id", "organization_id", "branch_id", "customer_id", "receipt_number", "receipt_date", "payment_method", "reference_number", "amount", "status", "remarks", "cancelled_at", "cancelled_by", "cancel_reason", "created_at", "created_by", "updated_at", "updated_by") VALUES (7, 33, 71, 52, 'RCPT-SPC-00002', '2026-03-06', 'BANK', 'NEFT-9901', 8000.00, 'ALLOCATED', 'Part payment against trade invoice', NULL, NULL, NULL, '2026-03-25 04:32:16.083557', 171, '2026-03-25 04:32:16.083557', 171);
INSERT INTO "customer_receipt" ("id", "organization_id", "branch_id", "customer_id", "receipt_number", "receipt_date", "payment_method", "reference_number", "amount", "status", "remarks", "cancelled_at", "cancelled_by", "cancel_reason", "created_at", "created_by", "updated_at", "updated_by") VALUES (8, 33, 72, 51, 'RCPT-SPC-00001', '2026-03-03', 'UPI', 'UPI-7788', 22768.10, 'ALLOCATED', 'Full counter payment', NULL, NULL, NULL, '2026-03-25 04:32:16.083557', 173, '2026-03-25 04:32:16.083557', 173);
INSERT INTO "customer_receipt" ("id", "organization_id", "branch_id", "customer_id", "receipt_number", "receipt_date", "payment_method", "reference_number", "amount", "status", "remarks", "cancelled_at", "cancelled_by", "cancel_reason", "created_at", "created_by", "updated_at", "updated_by") VALUES (9, 34, 74, 55, 'RCPT-UHL-00001', '2026-03-07', 'CARD', 'POS-5511', 6310.64, 'ALLOCATED', 'Retail card payment', NULL, NULL, NULL, '2026-03-25 04:32:16.083557', 181, '2026-03-25 04:32:16.083557', 181);
INSERT INTO "customer_receipt" ("id", "organization_id", "branch_id", "customer_id", "receipt_number", "receipt_date", "payment_method", "reference_number", "amount", "status", "remarks", "cancelled_at", "cancelled_by", "cancel_reason", "created_at", "created_by", "updated_at", "updated_by") VALUES (11, 33, 71, 52, 'RCT-20260326-1774474198610', '2026-03-26', 'BANK', 'AUTO-VERIFY-8111', 1000.00, 'ALLOCATED', 'Accounting verification receipt', NULL, NULL, NULL, '2026-03-26 02:59:58.612055', 168, '2026-03-26 02:59:58.704981', 168);
INSERT INTO "customer_receipt" ("id", "organization_id", "branch_id", "customer_id", "receipt_number", "receipt_date", "payment_method", "reference_number", "amount", "status", "remarks", "cancelled_at", "cancelled_by", "cancel_reason", "created_at", "created_by", "updated_at", "updated_by") VALUES (12, 33, 73, 50, 'RCT-20260404-1775250012805', '2026-04-03', 'CASH', NULL, 1050.20, 'ALLOCATED', NULL, NULL, NULL, NULL, '2026-04-04 02:30:12.805961', 168, '2026-04-04 02:30:12.88236', 168);
INSERT INTO "customer_receipt" ("id", "organization_id", "branch_id", "customer_id", "receipt_number", "receipt_date", "payment_method", "reference_number", "amount", "status", "remarks", "cancelled_at", "cancelled_by", "cancel_reason", "created_at", "created_by", "updated_at", "updated_by") VALUES (13, 33, 73, 53, 'RCT-20260404-1775250668660', '2026-04-03', 'CASH', NULL, 5000.00, 'ALLOCATED', NULL, NULL, NULL, NULL, '2026-04-04 02:41:08.660664', 168, '2026-04-04 02:41:08.723646', 168);
INSERT INTO "customer_receipt" ("id", "organization_id", "branch_id", "customer_id", "receipt_number", "receipt_date", "payment_method", "reference_number", "amount", "status", "remarks", "cancelled_at", "cancelled_by", "cancel_reason", "created_at", "created_by", "updated_at", "updated_by") VALUES (14, 33, 73, 53, 'RCT-20260404-1775250716152', '2026-04-03', 'CASH', NULL, 2670.00, 'ALLOCATED', NULL, NULL, NULL, NULL, '2026-04-04 02:41:56.152412', 168, '2026-04-04 02:41:56.180646', 168);

-- changeset sameerkhan:1775937591491-46
INSERT INTO "customer_receipt_allocation" ("id", "customer_receipt_id", "sales_invoice_id", "allocated_amount", "created_at", "created_by", "updated_at", "updated_by") VALUES (7, 7, 9, 8000.00, '2026-03-25 04:32:16.083557', 171, '2026-03-25 04:32:16.083557', 171);
INSERT INTO "customer_receipt_allocation" ("id", "customer_receipt_id", "sales_invoice_id", "allocated_amount", "created_at", "created_by", "updated_at", "updated_by") VALUES (8, 8, 10, 22768.10, '2026-03-25 04:32:16.083557', 173, '2026-03-25 04:32:16.083557', 173);
INSERT INTO "customer_receipt_allocation" ("id", "customer_receipt_id", "sales_invoice_id", "allocated_amount", "created_at", "created_by", "updated_at", "updated_by") VALUES (9, 9, 11, 6310.64, '2026-03-25 04:32:16.083557', 181, '2026-03-25 04:32:16.083557', 181);
INSERT INTO "customer_receipt_allocation" ("id", "customer_receipt_id", "sales_invoice_id", "allocated_amount", "created_at", "created_by", "updated_at", "updated_by") VALUES (10, 11, 9, 1000.00, '2026-03-26 02:59:58.716607', 168, '2026-03-26 02:59:58.716607', 168);
INSERT INTO "customer_receipt_allocation" ("id", "customer_receipt_id", "sales_invoice_id", "allocated_amount", "created_at", "created_by", "updated_at", "updated_by") VALUES (11, 12, 26, 1050.20, '2026-04-04 02:30:12.888904', 168, '2026-04-04 02:30:12.888904', 168);
INSERT INTO "customer_receipt_allocation" ("id", "customer_receipt_id", "sales_invoice_id", "allocated_amount", "created_at", "created_by", "updated_at", "updated_by") VALUES (12, 13, 36, 5000.00, '2026-04-04 02:41:08.73213', 168, '2026-04-04 02:41:08.73213', 168);
INSERT INTO "customer_receipt_allocation" ("id", "customer_receipt_id", "sales_invoice_id", "allocated_amount", "created_at", "created_by", "updated_at", "updated_by") VALUES (13, 14, 36, 2670.00, '2026-04-04 02:41:56.186366', 168, '2026-04-04 02:41:56.186366', 168);

-- changeset sameerkhan:1775937591491-52
INSERT INTO "product_ownership" ("id", "organization_id", "customer_id", "product_id", "serial_number_id", "sales_invoice_id", "sales_invoice_line_id", "ownership_start_date", "warranty_start_date", "warranty_end_date", "status", "created_at", "created_by", "updated_at", "updated_by") VALUES (4, 33, 51, 43, 54, 10, 24, '2026-03-03', '2026-03-03', '2028-03-03', 'ACTIVE', '2026-03-25 04:32:16.083557', 173, '2026-03-25 04:32:16.083557', 173);
INSERT INTO "product_ownership" ("id", "organization_id", "customer_id", "product_id", "serial_number_id", "sales_invoice_id", "sales_invoice_line_id", "ownership_start_date", "warranty_start_date", "warranty_end_date", "status", "created_at", "created_by", "updated_at", "updated_by") VALUES (5, 33, 51, 42, 51, 10, 25, '2026-03-03', '2026-03-03', '2028-03-03', 'ACTIVE', '2026-03-25 04:32:16.083557', 173, '2026-03-25 04:32:16.083557', 173);
INSERT INTO "product_ownership" ("id", "organization_id", "customer_id", "product_id", "serial_number_id", "sales_invoice_id", "sales_invoice_line_id", "ownership_start_date", "warranty_start_date", "warranty_end_date", "status", "created_at", "created_by", "updated_at", "updated_by") VALUES (6, 34, 55, 47, 56, 11, 26, '2026-03-07', '2026-03-07', '2028-03-07', 'ACTIVE', '2026-03-25 04:32:16.083557', 181, '2026-03-25 04:32:16.083557', 181);
INSERT INTO "product_ownership" ("id", "organization_id", "customer_id", "product_id", "serial_number_id", "sales_invoice_id", "sales_invoice_line_id", "ownership_start_date", "warranty_start_date", "warranty_end_date", "status", "created_at", "created_by", "updated_at", "updated_by") VALUES (7, 33, 53, 42, 49, 33, 47, '2026-03-29', '2026-03-29', NULL, 'ACTIVE', '2026-03-29 20:28:08.424557', 168, '2026-03-29 20:28:08.424557', 168);
INSERT INTO "product_ownership" ("id", "organization_id", "customer_id", "product_id", "serial_number_id", "sales_invoice_id", "sales_invoice_line_id", "ownership_start_date", "warranty_start_date", "warranty_end_date", "status", "created_at", "created_by", "updated_at", "updated_by") VALUES (8, 33, 53, 42, 50, 36, 49, '2026-03-29', '2026-03-29', NULL, 'ACTIVE', '2026-03-29 20:31:19.298368', 168, '2026-03-29 20:31:19.298368', 168);

-- changeset sameerkhan:1775937591491-53
INSERT INTO "service_ticket" ("id", "organization_id", "branch_id", "customer_id", "sales_invoice_id", "ticket_number", "source_type", "priority", "status", "complaint_summary", "issue_description", "reported_on", "assigned_to_user_id", "created_at", "created_by", "updated_at", "updated_by", "sales_return_id") VALUES (2, 33, 72, 51, 10, 'SVC-SPC-00001', 'INVOICE', 'HIGH', 'IN_PROGRESS', 'Battery backup issue', 'Customer reported low backup and repeated cut-off after installation.', '2026-03-20', 175, '2026-03-25 04:32:16.083557', 168, '2026-03-25 04:32:16.083557', 168, NULL);

-- changeset sameerkhan:1775937591491-54
INSERT INTO "service_ticket_item" ("id", "service_ticket_id", "product_id", "serial_number_id", "product_ownership_id", "symptom_notes", "diagnosis_notes", "resolution_status", "created_at", "created_by", "updated_at", "updated_by") VALUES (2, 2, 43, 54, 4, 'Battery discharges quickly', 'Likely cell issue, claim with supplier', 'PENDING', '2026-03-25 04:32:16.083557', 168, '2026-03-25 04:32:16.083557', 168);

-- changeset sameerkhan:1775937591491-55
INSERT INTO "service_visit" ("id", "organization_id", "branch_id", "service_ticket_id", "technician_user_id", "scheduled_at", "started_at", "completed_at", "visit_status", "visit_notes", "parts_used_json", "customer_feedback", "created_at", "created_by", "updated_at", "updated_by") VALUES (1, 33, 72, 2, 175, '2026-03-21 10:00:00', '2026-03-21 10:20:00', '2026-03-21 11:10:00', 'COMPLETED', 'Voltage measured below threshold. Logged warranty case.', '[{"qty": 1, "part": "Terminal Kit"}]', 'Please resolve under warranty', '2026-03-25 04:32:16.083557', 168, '2026-03-25 04:32:16.083557', 168);

-- changeset sameerkhan:1775937591491-56
INSERT INTO "warranty_claim" ("id", "organization_id", "branch_id", "service_ticket_id", "customer_id", "product_id", "serial_number_id", "supplier_id", "distributor_id", "claim_number", "claim_type", "status", "claim_date", "approved_on", "claim_notes", "created_at", "created_by", "updated_at", "updated_by", "product_ownership_id", "sales_invoice_id", "sales_return_id", "warranty_start_date", "warranty_end_date", "upstream_route_type", "upstream_company_name", "upstream_reference_number", "upstream_status", "routed_on") VALUES (1, 33, 72, 2, 51, 43, 54, 36, 15, 'WCL-SPC-00001', 'REPLACEMENT', 'SUBMITTED', '2026-03-21', NULL, 'Battery serial submitted for replacement under warranty.', '2026-03-25 04:32:16.083557', 168, '2026-03-29 13:52:24.542801', 168, 4, 10, NULL, '2026-03-03', '2028-03-03', NULL, NULL, NULL, NULL, NULL);

-- changeset sameerkhan:1775937591491-49
INSERT INTO "account" ("id", "organization_id", "code", "name", "account_type", "parent_account_id", "is_system", "is_active", "created_at", "created_by", "updated_at", "updated_by") VALUES (265, 33, 'CASH', 'Cash In Hand', 'ASSET', NULL, TRUE, TRUE, '2026-03-25 04:32:16.083557', 168, '2026-03-25 04:32:16.083557', 168);
INSERT INTO "account" ("id", "organization_id", "code", "name", "account_type", "parent_account_id", "is_system", "is_active", "created_at", "created_by", "updated_at", "updated_by") VALUES (266, 33, 'BANK', 'Bank Account', 'ASSET', NULL, TRUE, TRUE, '2026-03-25 04:32:16.083557', 168, '2026-03-25 04:32:16.083557', 168);
INSERT INTO "account" ("id", "organization_id", "code", "name", "account_type", "parent_account_id", "is_system", "is_active", "created_at", "created_by", "updated_at", "updated_by") VALUES (267, 33, 'AR', 'Accounts Receivable', 'ASSET', NULL, TRUE, TRUE, '2026-03-25 04:32:16.083557', 168, '2026-03-25 04:32:16.083557', 168);
INSERT INTO "account" ("id", "organization_id", "code", "name", "account_type", "parent_account_id", "is_system", "is_active", "created_at", "created_by", "updated_at", "updated_by") VALUES (268, 33, 'INVENTORY', 'Inventory', 'ASSET', NULL, TRUE, TRUE, '2026-03-25 04:32:16.083557', 168, '2026-03-25 04:32:16.083557', 168);
INSERT INTO "account" ("id", "organization_id", "code", "name", "account_type", "parent_account_id", "is_system", "is_active", "created_at", "created_by", "updated_at", "updated_by") VALUES (269, 33, 'AP', 'Accounts Payable', 'LIABILITY', NULL, TRUE, TRUE, '2026-03-25 04:32:16.083557', 168, '2026-03-25 04:32:16.083557', 168);
INSERT INTO "account" ("id", "organization_id", "code", "name", "account_type", "parent_account_id", "is_system", "is_active", "created_at", "created_by", "updated_at", "updated_by") VALUES (270, 33, 'OUTPUT_GST', 'Output GST', 'LIABILITY', NULL, TRUE, TRUE, '2026-03-25 04:32:16.083557', 168, '2026-03-25 04:32:16.083557', 168);
INSERT INTO "account" ("id", "organization_id", "code", "name", "account_type", "parent_account_id", "is_system", "is_active", "created_at", "created_by", "updated_at", "updated_by") VALUES (271, 33, 'INPUT_GST', 'Input GST', 'ASSET', NULL, TRUE, TRUE, '2026-03-25 04:32:16.083557', 168, '2026-03-25 04:32:16.083557', 168);
INSERT INTO "account" ("id", "organization_id", "code", "name", "account_type", "parent_account_id", "is_system", "is_active", "created_at", "created_by", "updated_at", "updated_by") VALUES (272, 33, 'SALES', 'Sales Revenue', 'INCOME', NULL, TRUE, TRUE, '2026-03-25 04:32:16.083557', 168, '2026-03-25 04:32:16.083557', 168);
INSERT INTO "account" ("id", "organization_id", "code", "name", "account_type", "parent_account_id", "is_system", "is_active", "created_at", "created_by", "updated_at", "updated_by") VALUES (273, 33, 'PURCHASES', 'Purchases', 'EXPENSE', NULL, TRUE, TRUE, '2026-03-25 04:32:16.083557', 168, '2026-03-25 04:32:16.083557', 168);
INSERT INTO "account" ("id", "organization_id", "code", "name", "account_type", "parent_account_id", "is_system", "is_active", "created_at", "created_by", "updated_at", "updated_by") VALUES (274, 33, 'EXPENSE_CONTROL', 'Operating Expenses', 'EXPENSE', NULL, TRUE, TRUE, '2026-03-25 04:32:16.083557', 168, '2026-03-25 04:32:16.083557', 168);
INSERT INTO "account" ("id", "organization_id", "code", "name", "account_type", "parent_account_id", "is_system", "is_active", "created_at", "created_by", "updated_at", "updated_by") VALUES (275, 33, 'STOCK_LOSS', 'Stock Adjustment Loss', 'EXPENSE', NULL, TRUE, TRUE, '2026-03-25 04:32:16.083557', 168, '2026-03-25 04:32:16.083557', 168);
INSERT INTO "account" ("id", "organization_id", "code", "name", "account_type", "parent_account_id", "is_system", "is_active", "created_at", "created_by", "updated_at", "updated_by") VALUES (276, 33, 'STOCK_GAIN', 'Stock Adjustment Gain', 'INCOME', NULL, TRUE, TRUE, '2026-03-25 04:32:16.083557', 168, '2026-03-25 04:32:16.083557', 168);
INSERT INTO "account" ("id", "organization_id", "code", "name", "account_type", "parent_account_id", "is_system", "is_active", "created_at", "created_by", "updated_at", "updated_by") VALUES (277, 34, 'CASH', 'Cash In Hand', 'ASSET', NULL, TRUE, TRUE, '2026-03-25 04:32:16.083557', 176, '2026-03-25 04:32:16.083557', 176);
INSERT INTO "account" ("id", "organization_id", "code", "name", "account_type", "parent_account_id", "is_system", "is_active", "created_at", "created_by", "updated_at", "updated_by") VALUES (278, 34, 'BANK', 'Bank Account', 'ASSET', NULL, TRUE, TRUE, '2026-03-25 04:32:16.083557', 176, '2026-03-25 04:32:16.083557', 176);
INSERT INTO "account" ("id", "organization_id", "code", "name", "account_type", "parent_account_id", "is_system", "is_active", "created_at", "created_by", "updated_at", "updated_by") VALUES (279, 34, 'AR', 'Accounts Receivable', 'ASSET', NULL, TRUE, TRUE, '2026-03-25 04:32:16.083557', 176, '2026-03-25 04:32:16.083557', 176);
INSERT INTO "account" ("id", "organization_id", "code", "name", "account_type", "parent_account_id", "is_system", "is_active", "created_at", "created_by", "updated_at", "updated_by") VALUES (280, 34, 'INVENTORY', 'Inventory', 'ASSET', NULL, TRUE, TRUE, '2026-03-25 04:32:16.083557', 176, '2026-03-25 04:32:16.083557', 176);
INSERT INTO "account" ("id", "organization_id", "code", "name", "account_type", "parent_account_id", "is_system", "is_active", "created_at", "created_by", "updated_at", "updated_by") VALUES (281, 34, 'AP', 'Accounts Payable', 'LIABILITY', NULL, TRUE, TRUE, '2026-03-25 04:32:16.083557', 176, '2026-03-25 04:32:16.083557', 176);
INSERT INTO "account" ("id", "organization_id", "code", "name", "account_type", "parent_account_id", "is_system", "is_active", "created_at", "created_by", "updated_at", "updated_by") VALUES (282, 34, 'OUTPUT_GST', 'Output GST', 'LIABILITY', NULL, TRUE, TRUE, '2026-03-25 04:32:16.083557', 176, '2026-03-25 04:32:16.083557', 176);
INSERT INTO "account" ("id", "organization_id", "code", "name", "account_type", "parent_account_id", "is_system", "is_active", "created_at", "created_by", "updated_at", "updated_by") VALUES (283, 34, 'INPUT_GST', 'Input GST', 'ASSET', NULL, TRUE, TRUE, '2026-03-25 04:32:16.083557', 176, '2026-03-25 04:32:16.083557', 176);
INSERT INTO "account" ("id", "organization_id", "code", "name", "account_type", "parent_account_id", "is_system", "is_active", "created_at", "created_by", "updated_at", "updated_by") VALUES (284, 34, 'SALES', 'Sales Revenue', 'INCOME', NULL, TRUE, TRUE, '2026-03-25 04:32:16.083557', 176, '2026-03-25 04:32:16.083557', 176);
INSERT INTO "account" ("id", "organization_id", "code", "name", "account_type", "parent_account_id", "is_system", "is_active", "created_at", "created_by", "updated_at", "updated_by") VALUES (285, 34, 'PURCHASES', 'Purchases', 'EXPENSE', NULL, TRUE, TRUE, '2026-03-25 04:32:16.083557', 176, '2026-03-25 04:32:16.083557', 176);
INSERT INTO "account" ("id", "organization_id", "code", "name", "account_type", "parent_account_id", "is_system", "is_active", "created_at", "created_by", "updated_at", "updated_by") VALUES (286, 34, 'EXPENSE_CONTROL', 'Operating Expenses', 'EXPENSE', NULL, TRUE, TRUE, '2026-03-25 04:32:16.083557', 176, '2026-03-25 04:32:16.083557', 176);
INSERT INTO "account" ("id", "organization_id", "code", "name", "account_type", "parent_account_id", "is_system", "is_active", "created_at", "created_by", "updated_at", "updated_by") VALUES (287, 34, 'STOCK_LOSS', 'Stock Adjustment Loss', 'EXPENSE', NULL, TRUE, TRUE, '2026-03-25 04:32:16.083557', 176, '2026-03-25 04:32:16.083557', 176);
INSERT INTO "account" ("id", "organization_id", "code", "name", "account_type", "parent_account_id", "is_system", "is_active", "created_at", "created_by", "updated_at", "updated_by") VALUES (288, 34, 'STOCK_GAIN', 'Stock Adjustment Gain', 'INCOME', NULL, TRUE, TRUE, '2026-03-25 04:32:16.083557', 176, '2026-03-25 04:32:16.083557', 176);
INSERT INTO "account" ("id", "organization_id", "code", "name", "account_type", "parent_account_id", "is_system", "is_active", "created_at", "created_by", "updated_at", "updated_by") VALUES (289, 16, 'CASH', 'Cash In Hand', 'ASSET', NULL, TRUE, TRUE, '2026-03-26 02:54:33.590817', NULL, '2026-03-26 02:54:33.590817', NULL);
INSERT INTO "account" ("id", "organization_id", "code", "name", "account_type", "parent_account_id", "is_system", "is_active", "created_at", "created_by", "updated_at", "updated_by") VALUES (290, 16, 'BANK', 'Bank Account', 'ASSET', NULL, TRUE, TRUE, '2026-03-26 02:54:33.590817', NULL, '2026-03-26 02:54:33.590817', NULL);
INSERT INTO "account" ("id", "organization_id", "code", "name", "account_type", "parent_account_id", "is_system", "is_active", "created_at", "created_by", "updated_at", "updated_by") VALUES (291, 16, 'AR', 'Accounts Receivable', 'ASSET', NULL, TRUE, TRUE, '2026-03-26 02:54:33.590817', NULL, '2026-03-26 02:54:33.590817', NULL);
INSERT INTO "account" ("id", "organization_id", "code", "name", "account_type", "parent_account_id", "is_system", "is_active", "created_at", "created_by", "updated_at", "updated_by") VALUES (292, 16, 'INVENTORY', 'Inventory', 'ASSET', NULL, TRUE, TRUE, '2026-03-26 02:54:33.590817', NULL, '2026-03-26 02:54:33.590817', NULL);
INSERT INTO "account" ("id", "organization_id", "code", "name", "account_type", "parent_account_id", "is_system", "is_active", "created_at", "created_by", "updated_at", "updated_by") VALUES (293, 16, 'AP', 'Accounts Payable', 'LIABILITY', NULL, TRUE, TRUE, '2026-03-26 02:54:33.590817', NULL, '2026-03-26 02:54:33.590817', NULL);
INSERT INTO "account" ("id", "organization_id", "code", "name", "account_type", "parent_account_id", "is_system", "is_active", "created_at", "created_by", "updated_at", "updated_by") VALUES (294, 16, 'OUTPUT_GST', 'Output GST', 'LIABILITY', NULL, TRUE, TRUE, '2026-03-26 02:54:33.590817', NULL, '2026-03-26 02:54:33.590817', NULL);
INSERT INTO "account" ("id", "organization_id", "code", "name", "account_type", "parent_account_id", "is_system", "is_active", "created_at", "created_by", "updated_at", "updated_by") VALUES (295, 16, 'INPUT_GST', 'Input GST', 'ASSET', NULL, TRUE, TRUE, '2026-03-26 02:54:33.590817', NULL, '2026-03-26 02:54:33.590817', NULL);
INSERT INTO "account" ("id", "organization_id", "code", "name", "account_type", "parent_account_id", "is_system", "is_active", "created_at", "created_by", "updated_at", "updated_by") VALUES (296, 16, 'SALES', 'Sales Revenue', 'INCOME', NULL, TRUE, TRUE, '2026-03-26 02:54:33.590817', NULL, '2026-03-26 02:54:33.590817', NULL);
INSERT INTO "account" ("id", "organization_id", "code", "name", "account_type", "parent_account_id", "is_system", "is_active", "created_at", "created_by", "updated_at", "updated_by") VALUES (297, 16, 'COGS', 'Cost of Goods Sold', 'EXPENSE', NULL, TRUE, TRUE, '2026-03-26 02:54:33.590817', NULL, '2026-03-26 02:54:33.590817', NULL);
INSERT INTO "account" ("id", "organization_id", "code", "name", "account_type", "parent_account_id", "is_system", "is_active", "created_at", "created_by", "updated_at", "updated_by") VALUES (298, 16, 'DISCOUNT_ALLOWED', 'Discount Allowed', 'EXPENSE', NULL, TRUE, TRUE, '2026-03-26 02:54:33.590817', NULL, '2026-03-26 02:54:33.590817', NULL);
INSERT INTO "account" ("id", "organization_id", "code", "name", "account_type", "parent_account_id", "is_system", "is_active", "created_at", "created_by", "updated_at", "updated_by") VALUES (299, 16, 'PURCHASES', 'Purchases', 'EXPENSE', NULL, TRUE, TRUE, '2026-03-26 02:54:33.590817', NULL, '2026-03-26 02:54:33.590817', NULL);
INSERT INTO "account" ("id", "organization_id", "code", "name", "account_type", "parent_account_id", "is_system", "is_active", "created_at", "created_by", "updated_at", "updated_by") VALUES (300, 16, 'EXPENSE_CONTROL', 'Operating Expenses', 'EXPENSE', NULL, TRUE, TRUE, '2026-03-26 02:54:33.590817', NULL, '2026-03-26 02:54:33.590817', NULL);
INSERT INTO "account" ("id", "organization_id", "code", "name", "account_type", "parent_account_id", "is_system", "is_active", "created_at", "created_by", "updated_at", "updated_by") VALUES (301, 16, 'STOCK_LOSS', 'Stock Adjustment Loss', 'EXPENSE', NULL, TRUE, TRUE, '2026-03-26 02:54:33.590817', NULL, '2026-03-26 02:54:33.590817', NULL);
INSERT INTO "account" ("id", "organization_id", "code", "name", "account_type", "parent_account_id", "is_system", "is_active", "created_at", "created_by", "updated_at", "updated_by") VALUES (302, 16, 'STOCK_GAIN', 'Stock Adjustment Gain', 'INCOME', NULL, TRUE, TRUE, '2026-03-26 02:54:33.590817', NULL, '2026-03-26 02:54:33.590817', NULL);
INSERT INTO "account" ("id", "organization_id", "code", "name", "account_type", "parent_account_id", "is_system", "is_active", "created_at", "created_by", "updated_at", "updated_by") VALUES (311, 34, 'COGS', 'Cost of Goods Sold', 'EXPENSE', NULL, TRUE, TRUE, '2026-03-26 02:54:33.590817', NULL, '2026-03-26 02:54:33.590817', NULL);
INSERT INTO "account" ("id", "organization_id", "code", "name", "account_type", "parent_account_id", "is_system", "is_active", "created_at", "created_by", "updated_at", "updated_by") VALUES (312, 34, 'DISCOUNT_ALLOWED', 'Discount Allowed', 'EXPENSE', NULL, TRUE, TRUE, '2026-03-26 02:54:33.590817', NULL, '2026-03-26 02:54:33.590817', NULL);
INSERT INTO "account" ("id", "organization_id", "code", "name", "account_type", "parent_account_id", "is_system", "is_active", "created_at", "created_by", "updated_at", "updated_by") VALUES (325, 33, 'COGS', 'Cost of Goods Sold', 'EXPENSE', NULL, TRUE, TRUE, '2026-03-26 02:54:33.590817', NULL, '2026-03-26 02:54:33.590817', NULL);
INSERT INTO "account" ("id", "organization_id", "code", "name", "account_type", "parent_account_id", "is_system", "is_active", "created_at", "created_by", "updated_at", "updated_by") VALUES (326, 33, 'DISCOUNT_ALLOWED', 'Discount Allowed', 'EXPENSE', NULL, TRUE, TRUE, '2026-03-26 02:54:33.590817', NULL, '2026-03-26 02:54:33.590817', NULL);
INSERT INTO "account" ("id", "organization_id", "code", "name", "account_type", "parent_account_id", "is_system", "is_active", "created_at", "created_by", "updated_at", "updated_by") VALUES (331, 16, 'EXPENSE_PAYABLE', 'Expense Payable', 'LIABILITY', NULL, TRUE, TRUE, '2026-03-26 03:11:50.687203', NULL, '2026-03-26 03:11:50.687203', NULL);
INSERT INTO "account" ("id", "organization_id", "code", "name", "account_type", "parent_account_id", "is_system", "is_active", "created_at", "created_by", "updated_at", "updated_by") VALUES (332, 34, 'EXPENSE_PAYABLE', 'Expense Payable', 'LIABILITY', NULL, TRUE, TRUE, '2026-03-26 03:11:50.687203', NULL, '2026-03-26 03:11:50.687203', NULL);
INSERT INTO "account" ("id", "organization_id", "code", "name", "account_type", "parent_account_id", "is_system", "is_active", "created_at", "created_by", "updated_at", "updated_by") VALUES (333, 33, 'EXPENSE_PAYABLE', 'Expense Payable', 'LIABILITY', NULL, TRUE, TRUE, '2026-03-26 03:11:50.687203', NULL, '2026-03-26 03:11:50.687203', NULL);
INSERT INTO "account" ("id", "organization_id", "code", "name", "account_type", "parent_account_id", "is_system", "is_active", "created_at", "created_by", "updated_at", "updated_by") VALUES (334, 16, 'WARRANTY_EXPENSE', 'Warranty Replacement Expense', 'EXPENSE', NULL, TRUE, TRUE, '2026-03-29 14:07:27.631188', NULL, '2026-03-29 14:07:27.631188', NULL);
INSERT INTO "account" ("id", "organization_id", "code", "name", "account_type", "parent_account_id", "is_system", "is_active", "created_at", "created_by", "updated_at", "updated_by") VALUES (335, 16, 'GOODWILL_EXPENSE', 'Goodwill Replacement Expense', 'EXPENSE', NULL, TRUE, TRUE, '2026-03-29 14:07:27.631188', NULL, '2026-03-29 14:07:27.631188', NULL);
INSERT INTO "account" ("id", "organization_id", "code", "name", "account_type", "parent_account_id", "is_system", "is_active", "created_at", "created_by", "updated_at", "updated_by") VALUES (336, 34, 'WARRANTY_EXPENSE', 'Warranty Replacement Expense', 'EXPENSE', NULL, TRUE, TRUE, '2026-03-29 14:07:27.631188', NULL, '2026-03-29 14:07:27.631188', NULL);
INSERT INTO "account" ("id", "organization_id", "code", "name", "account_type", "parent_account_id", "is_system", "is_active", "created_at", "created_by", "updated_at", "updated_by") VALUES (337, 34, 'GOODWILL_EXPENSE', 'Goodwill Replacement Expense', 'EXPENSE', NULL, TRUE, TRUE, '2026-03-29 14:07:27.631188', NULL, '2026-03-29 14:07:27.631188', NULL);
INSERT INTO "account" ("id", "organization_id", "code", "name", "account_type", "parent_account_id", "is_system", "is_active", "created_at", "created_by", "updated_at", "updated_by") VALUES (338, 33, 'WARRANTY_EXPENSE', 'Warranty Replacement Expense', 'EXPENSE', NULL, TRUE, TRUE, '2026-03-29 14:07:27.631188', NULL, '2026-03-29 14:07:27.631188', NULL);
INSERT INTO "account" ("id", "organization_id", "code", "name", "account_type", "parent_account_id", "is_system", "is_active", "created_at", "created_by", "updated_at", "updated_by") VALUES (339, 33, 'GOODWILL_EXPENSE', 'Goodwill Replacement Expense', 'EXPENSE', NULL, TRUE, TRUE, '2026-03-29 14:07:27.631188', NULL, '2026-03-29 14:07:27.631188', NULL);

-- changeset sameerkhan:1775937591491-50
INSERT INTO "voucher" ("id", "organization_id", "branch_id", "voucher_number", "voucher_date", "voucher_type", "reference_type", "reference_id", "remarks", "status", "created_at", "created_by", "updated_at", "updated_by") VALUES (1, 33, 71, 'VCH-INV-SPC-00002', '2026-03-05', 'SALES', 'SALES_INVOICE', 9, 'Auto sales voucher', 'POSTED', '2026-03-25 04:32:16.083557', 170, '2026-03-25 04:32:16.083557', 170);
INSERT INTO "voucher" ("id", "organization_id", "branch_id", "voucher_number", "voucher_date", "voucher_type", "reference_type", "reference_id", "remarks", "status", "created_at", "created_by", "updated_at", "updated_by") VALUES (2, 33, 72, 'VCH-INV-SPC-00001', '2026-03-03', 'SALES', 'SALES_INVOICE', 10, 'Auto sales voucher', 'POSTED', '2026-03-25 04:32:16.083557', 173, '2026-03-25 04:32:16.083557', 173);
INSERT INTO "voucher" ("id", "organization_id", "branch_id", "voucher_number", "voucher_date", "voucher_type", "reference_type", "reference_id", "remarks", "status", "created_at", "created_by", "updated_at", "updated_by") VALUES (3, 34, 74, 'VCH-INV-UHL-00001', '2026-03-07', 'SALES', 'SALES_INVOICE', 11, 'Auto sales voucher', 'POSTED', '2026-03-25 04:32:16.083557', 181, '2026-03-25 04:32:16.083557', 181);
INSERT INTO "voucher" ("id", "organization_id", "branch_id", "voucher_number", "voucher_date", "voucher_type", "reference_type", "reference_id", "remarks", "status", "created_at", "created_by", "updated_at", "updated_by") VALUES (4, 33, 71, 'VCH-RCPT-SPC-00002', '2026-03-06', 'RECEIPT', 'CUSTOMER_RECEIPT', 7, 'Customer receipt voucher', 'POSTED', '2026-03-25 04:32:16.083557', 171, '2026-03-25 04:32:16.083557', 171);
INSERT INTO "voucher" ("id", "organization_id", "branch_id", "voucher_number", "voucher_date", "voucher_type", "reference_type", "reference_id", "remarks", "status", "created_at", "created_by", "updated_at", "updated_by") VALUES (5, 33, 72, 'VCH-RCPT-SPC-00001', '2026-03-03', 'RECEIPT', 'CUSTOMER_RECEIPT', 8, 'Customer receipt voucher', 'POSTED', '2026-03-25 04:32:16.083557', 173, '2026-03-25 04:32:16.083557', 173);
INSERT INTO "voucher" ("id", "organization_id", "branch_id", "voucher_number", "voucher_date", "voucher_type", "reference_type", "reference_id", "remarks", "status", "created_at", "created_by", "updated_at", "updated_by") VALUES (6, 34, 74, 'VCH-RCPT-UHL-00001', '2026-03-07', 'RECEIPT', 'CUSTOMER_RECEIPT', 9, 'Customer receipt voucher', 'POSTED', '2026-03-25 04:32:16.083557', 181, '2026-03-25 04:32:16.083557', 181);
INSERT INTO "voucher" ("id", "organization_id", "branch_id", "voucher_number", "voucher_date", "voucher_type", "reference_type", "reference_id", "remarks", "status", "created_at", "created_by", "updated_at", "updated_by") VALUES (8, 33, 71, 'VCH-RCT-20260326-1774474198610', '2026-03-26', 'RECEIPT', 'CUSTOMER_RECEIPT', 11, 'Customer receipt voucher', 'POSTED', '2026-03-26 02:59:58.622094', 168, '2026-03-26 02:59:58.622094', 168);
INSERT INTO "voucher" ("id", "organization_id", "branch_id", "voucher_number", "voucher_date", "voucher_type", "reference_type", "reference_id", "remarks", "status", "created_at", "created_by", "updated_at", "updated_by") VALUES (9, 33, 71, 'VCH-EXP-20260326-1774474953626-ACR', '2026-03-26', 'EXPENSE', 'EXPENSE_ACCRUAL', 5, 'Expense accrual voucher', 'POSTED', '2026-03-26 03:12:33.633731', 168, '2026-03-26 03:12:33.633731', 168);
INSERT INTO "voucher" ("id", "organization_id", "branch_id", "voucher_number", "voucher_date", "voucher_type", "reference_type", "reference_id", "remarks", "status", "created_at", "created_by", "updated_at", "updated_by") VALUES (10, 33, 71, 'VCH-EXP-20260326-1774474953626-PAY', '2026-03-26', 'PAYMENT', 'EXPENSE_SETTLEMENT', 5, 'Expense settlement voucher', 'POSTED', '2026-03-26 03:12:33.678403', 168, '2026-03-26 03:12:33.678403', 168);
INSERT INTO "voucher" ("id", "organization_id", "branch_id", "voucher_number", "voucher_date", "voucher_type", "reference_type", "reference_id", "remarks", "status", "created_at", "created_by", "updated_at", "updated_by") VALUES (11, 33, 71, 'VCH-EXP-20260326-1774474953713', '2026-03-26', 'EXPENSE', 'EXPENSE_PAID', 6, 'Paid expense voucher', 'POSTED', '2026-03-26 03:12:33.717713', 168, '2026-03-26 03:12:33.717713', 168);
INSERT INTO "voucher" ("id", "organization_id", "branch_id", "voucher_number", "voucher_date", "voucher_type", "reference_type", "reference_id", "remarks", "status", "created_at", "created_by", "updated_at", "updated_by") VALUES (12, 33, 73, 'VCH-INV-20260329-1774789091050', '2026-03-29', 'SALES', 'SALES_INVOICE', 15, 'Auto sales voucher', 'POSTED', '2026-03-29 18:28:11.238953', 168, '2026-03-29 18:28:11.238953', 168);
INSERT INTO "voucher" ("id", "organization_id", "branch_id", "voucher_number", "voucher_date", "voucher_type", "reference_type", "reference_id", "remarks", "status", "created_at", "created_by", "updated_at", "updated_by") VALUES (13, 33, 71, 'VCH-INV-SPC-00003', '2026-03-14', 'SALES', 'SALES_INVOICE', 16, 'Seeded sales voucher for quote/order demo', 'POSTED', '2026-03-29 18:34:01.206794', 168, '2026-03-29 18:34:01.206794', 168);
INSERT INTO "voucher" ("id", "organization_id", "branch_id", "voucher_number", "voucher_date", "voucher_type", "reference_type", "reference_id", "remarks", "status", "created_at", "created_by", "updated_at", "updated_by") VALUES (14, 33, 71, 'JOURNAL-33-00011', '2026-03-29', 'JOURNAL', 'recurring_journal', 1, 'Demo recurring journal', 'POSTED', '2026-03-29 20:14:14.271332', 168, '2026-03-29 20:14:14.271332', 168);
INSERT INTO "voucher" ("id", "organization_id", "branch_id", "voucher_number", "voucher_date", "voucher_type", "reference_type", "reference_id", "remarks", "status", "created_at", "created_by", "updated_at", "updated_by") VALUES (15, 33, 71, 'VCH-INV-20260329-1774795575062', '2026-03-29', 'SALES', 'SALES_INVOICE', 26, 'Auto sales voucher', 'POSTED', '2026-03-29 20:16:15.12091', 168, '2026-03-29 20:16:15.12091', 168);
INSERT INTO "voucher" ("id", "organization_id", "branch_id", "voucher_number", "voucher_date", "voucher_type", "reference_type", "reference_id", "remarks", "status", "created_at", "created_by", "updated_at", "updated_by") VALUES (16, 33, 73, 'VCH-INV-20260329-1774796288341', '2026-03-29', 'SALES', 'SALES_INVOICE', 33, 'Auto sales voucher', 'POSTED', '2026-03-29 20:28:08.430958', 168, '2026-03-29 20:28:08.430958', 168);
INSERT INTO "voucher" ("id", "organization_id", "branch_id", "voucher_number", "voucher_date", "voucher_type", "reference_type", "reference_id", "remarks", "status", "created_at", "created_by", "updated_at", "updated_by") VALUES (17, 33, 73, 'VCH-INV-20260329-1774796323171', '2026-03-29', 'SALES', 'SALES_INVOICE', 34, 'Auto sales voucher', 'POSTED', '2026-03-29 20:28:43.209351', 168, '2026-03-29 20:28:43.209351', 168);
INSERT INTO "voucher" ("id", "organization_id", "branch_id", "voucher_number", "voucher_date", "voucher_type", "reference_type", "reference_id", "remarks", "status", "created_at", "created_by", "updated_at", "updated_by") VALUES (18, 33, 73, 'VCH-INV-20260329-1774796479238', '2026-03-29', 'SALES', 'SALES_INVOICE', 36, 'Auto sales voucher', 'POSTED', '2026-03-29 20:31:19.324568', 168, '2026-03-29 20:31:19.324568', 168);
INSERT INTO "voucher" ("id", "organization_id", "branch_id", "voucher_number", "voucher_date", "voucher_type", "reference_type", "reference_id", "remarks", "status", "created_at", "created_by", "updated_at", "updated_by") VALUES (19, 33, 73, 'VCH-RCT-20260404-1775250012805', '2026-04-03', 'RECEIPT', 'CUSTOMER_RECEIPT', 12, 'Customer receipt voucher', 'POSTED', '2026-04-04 02:30:12.818528', 168, '2026-04-04 02:30:12.818528', 168);
INSERT INTO "voucher" ("id", "organization_id", "branch_id", "voucher_number", "voucher_date", "voucher_type", "reference_type", "reference_id", "remarks", "status", "created_at", "created_by", "updated_at", "updated_by") VALUES (20, 33, 73, 'VCH-RCT-20260404-1775250668660', '2026-04-03', 'RECEIPT', 'CUSTOMER_RECEIPT', 13, 'Customer receipt voucher', 'POSTED', '2026-04-04 02:41:08.667071', 168, '2026-04-04 02:41:08.667071', 168);
INSERT INTO "voucher" ("id", "organization_id", "branch_id", "voucher_number", "voucher_date", "voucher_type", "reference_type", "reference_id", "remarks", "status", "created_at", "created_by", "updated_at", "updated_by") VALUES (21, 33, 73, 'VCH-RCT-20260404-1775250716152', '2026-04-03', 'RECEIPT', 'CUSTOMER_RECEIPT', 14, 'Customer receipt voucher', 'POSTED', '2026-04-04 02:41:56.154238', 168, '2026-04-04 02:41:56.154238', 168);

-- changeset sameerkhan:1775937591491-51
INSERT INTO "ledger_entry" ("id", "organization_id", "branch_id", "voucher_id", "account_id", "entry_date", "debit_amount", "credit_amount", "narrative", "customer_id", "supplier_id", "sales_invoice_id", "purchase_receipt_id", "created_at", "created_by", "updated_at", "updated_by", "expense_id", "service_replacement_id") VALUES (1, 33, 71, 1, 267, '2026-03-05', 16803.20, 0.00, 'Sales posting', 52, NULL, 9, NULL, '2026-03-25 04:32:16.083557', 170, '2026-03-25 04:32:16.083557', 170, NULL, NULL);
INSERT INTO "ledger_entry" ("id", "organization_id", "branch_id", "voucher_id", "account_id", "entry_date", "debit_amount", "credit_amount", "narrative", "customer_id", "supplier_id", "sales_invoice_id", "purchase_receipt_id", "created_at", "created_by", "updated_at", "updated_by", "expense_id", "service_replacement_id") VALUES (2, 33, 72, 2, 267, '2026-03-03', 22768.10, 0.00, 'Sales posting', 51, NULL, 10, NULL, '2026-03-25 04:32:16.083557', 173, '2026-03-25 04:32:16.083557', 173, NULL, NULL);
INSERT INTO "ledger_entry" ("id", "organization_id", "branch_id", "voucher_id", "account_id", "entry_date", "debit_amount", "credit_amount", "narrative", "customer_id", "supplier_id", "sales_invoice_id", "purchase_receipt_id", "created_at", "created_by", "updated_at", "updated_by", "expense_id", "service_replacement_id") VALUES (3, 33, 71, 1, 272, '2026-03-05', 0.00, 14240.00, 'Sales posting', 52, NULL, 9, NULL, '2026-03-25 04:32:16.083557', 170, '2026-03-25 04:32:16.083557', 170, NULL, NULL);
INSERT INTO "ledger_entry" ("id", "organization_id", "branch_id", "voucher_id", "account_id", "entry_date", "debit_amount", "credit_amount", "narrative", "customer_id", "supplier_id", "sales_invoice_id", "purchase_receipt_id", "created_at", "created_by", "updated_at", "updated_by", "expense_id", "service_replacement_id") VALUES (4, 33, 72, 2, 272, '2026-03-03', 0.00, 19295.00, 'Sales posting', 51, NULL, 10, NULL, '2026-03-25 04:32:16.083557', 173, '2026-03-25 04:32:16.083557', 173, NULL, NULL);
INSERT INTO "ledger_entry" ("id", "organization_id", "branch_id", "voucher_id", "account_id", "entry_date", "debit_amount", "credit_amount", "narrative", "customer_id", "supplier_id", "sales_invoice_id", "purchase_receipt_id", "created_at", "created_by", "updated_at", "updated_by", "expense_id", "service_replacement_id") VALUES (5, 34, 74, 3, 279, '2026-03-07', 6310.64, 0.00, 'Sales posting', 55, NULL, 11, NULL, '2026-03-25 04:32:16.083557', 181, '2026-03-25 04:32:16.083557', 181, NULL, NULL);
INSERT INTO "ledger_entry" ("id", "organization_id", "branch_id", "voucher_id", "account_id", "entry_date", "debit_amount", "credit_amount", "narrative", "customer_id", "supplier_id", "sales_invoice_id", "purchase_receipt_id", "created_at", "created_by", "updated_at", "updated_by", "expense_id", "service_replacement_id") VALUES (6, 34, 74, 3, 284, '2026-03-07', 0.00, 5348.00, 'Sales posting', 55, NULL, 11, NULL, '2026-03-25 04:32:16.083557', 181, '2026-03-25 04:32:16.083557', 181, NULL, NULL);
INSERT INTO "ledger_entry" ("id", "organization_id", "branch_id", "voucher_id", "account_id", "entry_date", "debit_amount", "credit_amount", "narrative", "customer_id", "supplier_id", "sales_invoice_id", "purchase_receipt_id", "created_at", "created_by", "updated_at", "updated_by", "expense_id", "service_replacement_id") VALUES (7, 33, 71, 4, 265, '2026-03-06', 8000.00, 0.00, 'Customer receipt posting', 52, NULL, 9, NULL, '2026-03-25 04:32:16.083557', 171, '2026-03-25 04:32:16.083557', 171, NULL, NULL);
INSERT INTO "ledger_entry" ("id", "organization_id", "branch_id", "voucher_id", "account_id", "entry_date", "debit_amount", "credit_amount", "narrative", "customer_id", "supplier_id", "sales_invoice_id", "purchase_receipt_id", "created_at", "created_by", "updated_at", "updated_by", "expense_id", "service_replacement_id") VALUES (8, 33, 71, 4, 267, '2026-03-06', 0.00, 8000.00, 'Customer receipt posting', 52, NULL, 9, NULL, '2026-03-25 04:32:16.083557', 171, '2026-03-25 04:32:16.083557', 171, NULL, NULL);
INSERT INTO "ledger_entry" ("id", "organization_id", "branch_id", "voucher_id", "account_id", "entry_date", "debit_amount", "credit_amount", "narrative", "customer_id", "supplier_id", "sales_invoice_id", "purchase_receipt_id", "created_at", "created_by", "updated_at", "updated_by", "expense_id", "service_replacement_id") VALUES (9, 33, 72, 5, 265, '2026-03-03', 22768.10, 0.00, 'Customer receipt posting', 51, NULL, 10, NULL, '2026-03-25 04:32:16.083557', 173, '2026-03-25 04:32:16.083557', 173, NULL, NULL);
INSERT INTO "ledger_entry" ("id", "organization_id", "branch_id", "voucher_id", "account_id", "entry_date", "debit_amount", "credit_amount", "narrative", "customer_id", "supplier_id", "sales_invoice_id", "purchase_receipt_id", "created_at", "created_by", "updated_at", "updated_by", "expense_id", "service_replacement_id") VALUES (10, 33, 72, 5, 267, '2026-03-03', 0.00, 22768.10, 'Customer receipt posting', 51, NULL, 10, NULL, '2026-03-25 04:32:16.083557', 173, '2026-03-25 04:32:16.083557', 173, NULL, NULL);
INSERT INTO "ledger_entry" ("id", "organization_id", "branch_id", "voucher_id", "account_id", "entry_date", "debit_amount", "credit_amount", "narrative", "customer_id", "supplier_id", "sales_invoice_id", "purchase_receipt_id", "created_at", "created_by", "updated_at", "updated_by", "expense_id", "service_replacement_id") VALUES (11, 34, 74, 6, 277, '2026-03-07', 6310.64, 0.00, 'Customer receipt posting', 55, NULL, 11, NULL, '2026-03-25 04:32:16.083557', 181, '2026-03-25 04:32:16.083557', 181, NULL, NULL);
INSERT INTO "ledger_entry" ("id", "organization_id", "branch_id", "voucher_id", "account_id", "entry_date", "debit_amount", "credit_amount", "narrative", "customer_id", "supplier_id", "sales_invoice_id", "purchase_receipt_id", "created_at", "created_by", "updated_at", "updated_by", "expense_id", "service_replacement_id") VALUES (12, 34, 74, 6, 279, '2026-03-07', 0.00, 6310.64, 'Customer receipt posting', 55, NULL, 11, NULL, '2026-03-25 04:32:16.083557', 181, '2026-03-25 04:32:16.083557', 181, NULL, NULL);
INSERT INTO "ledger_entry" ("id", "organization_id", "branch_id", "voucher_id", "account_id", "entry_date", "debit_amount", "credit_amount", "narrative", "customer_id", "supplier_id", "sales_invoice_id", "purchase_receipt_id", "created_at", "created_by", "updated_at", "updated_by", "expense_id", "service_replacement_id") VALUES (15, 33, 71, 8, 266, '2026-03-26', 1000.00, 0.00, 'Customer receipt', 52, NULL, NULL, NULL, '2026-03-26 02:59:58.627366', 168, '2026-03-26 02:59:58.627366', 168, NULL, NULL);
INSERT INTO "ledger_entry" ("id", "organization_id", "branch_id", "voucher_id", "account_id", "entry_date", "debit_amount", "credit_amount", "narrative", "customer_id", "supplier_id", "sales_invoice_id", "purchase_receipt_id", "created_at", "created_by", "updated_at", "updated_by", "expense_id", "service_replacement_id") VALUES (16, 33, 71, 8, 267, '2026-03-26', 0.00, 1000.00, 'Customer receipt settlement', 52, NULL, NULL, NULL, '2026-03-26 02:59:58.630324', 168, '2026-03-26 02:59:58.630324', 168, NULL, NULL);
INSERT INTO "ledger_entry" ("id", "organization_id", "branch_id", "voucher_id", "account_id", "entry_date", "debit_amount", "credit_amount", "narrative", "customer_id", "supplier_id", "sales_invoice_id", "purchase_receipt_id", "created_at", "created_by", "updated_at", "updated_by", "expense_id", "service_replacement_id") VALUES (17, 33, 71, 9, 274, '2026-03-26', 750.00, 0.00, 'Expense accrual', NULL, NULL, NULL, NULL, '2026-03-26 03:12:33.63688', 168, '2026-03-26 03:12:33.63688', 168, 5, NULL);
INSERT INTO "ledger_entry" ("id", "organization_id", "branch_id", "voucher_id", "account_id", "entry_date", "debit_amount", "credit_amount", "narrative", "customer_id", "supplier_id", "sales_invoice_id", "purchase_receipt_id", "created_at", "created_by", "updated_at", "updated_by", "expense_id", "service_replacement_id") VALUES (18, 33, 71, 9, 333, '2026-03-26', 0.00, 750.00, 'Expense payable', NULL, NULL, NULL, NULL, '2026-03-26 03:12:33.640274', 168, '2026-03-26 03:12:33.640274', 168, 5, NULL);
INSERT INTO "ledger_entry" ("id", "organization_id", "branch_id", "voucher_id", "account_id", "entry_date", "debit_amount", "credit_amount", "narrative", "customer_id", "supplier_id", "sales_invoice_id", "purchase_receipt_id", "created_at", "created_by", "updated_at", "updated_by", "expense_id", "service_replacement_id") VALUES (19, 33, 71, 10, 333, '2026-03-26', 750.00, 0.00, 'Expense payable settlement', NULL, NULL, NULL, NULL, '2026-03-26 03:12:33.681369', 168, '2026-03-26 03:12:33.681369', 168, 5, NULL);
INSERT INTO "ledger_entry" ("id", "organization_id", "branch_id", "voucher_id", "account_id", "entry_date", "debit_amount", "credit_amount", "narrative", "customer_id", "supplier_id", "sales_invoice_id", "purchase_receipt_id", "created_at", "created_by", "updated_at", "updated_by", "expense_id", "service_replacement_id") VALUES (20, 33, 71, 10, 266, '2026-03-26', 0.00, 750.00, 'Expense settlement', NULL, NULL, NULL, NULL, '2026-03-26 03:12:33.682835', 168, '2026-03-26 03:12:33.682835', 168, 5, NULL);
INSERT INTO "ledger_entry" ("id", "organization_id", "branch_id", "voucher_id", "account_id", "entry_date", "debit_amount", "credit_amount", "narrative", "customer_id", "supplier_id", "sales_invoice_id", "purchase_receipt_id", "created_at", "created_by", "updated_at", "updated_by", "expense_id", "service_replacement_id") VALUES (21, 33, 71, 11, 274, '2026-03-26', 420.00, 0.00, 'Expense posting', NULL, NULL, NULL, NULL, '2026-03-26 03:12:33.720397', 168, '2026-03-26 03:12:33.720397', 168, 6, NULL);
INSERT INTO "ledger_entry" ("id", "organization_id", "branch_id", "voucher_id", "account_id", "entry_date", "debit_amount", "credit_amount", "narrative", "customer_id", "supplier_id", "sales_invoice_id", "purchase_receipt_id", "created_at", "created_by", "updated_at", "updated_by", "expense_id", "service_replacement_id") VALUES (22, 33, 71, 11, 265, '2026-03-26', 0.00, 420.00, 'Expense payment', NULL, NULL, NULL, NULL, '2026-03-26 03:12:33.72163', 168, '2026-03-26 03:12:33.72163', 168, 6, NULL);
INSERT INTO "ledger_entry" ("id", "organization_id", "branch_id", "voucher_id", "account_id", "entry_date", "debit_amount", "credit_amount", "narrative", "customer_id", "supplier_id", "sales_invoice_id", "purchase_receipt_id", "created_at", "created_by", "updated_at", "updated_by", "expense_id", "service_replacement_id") VALUES (23, 33, 73, 12, 267, '2026-03-29', 3403.12, 0.00, 'Sales receivable', 53, NULL, 15, NULL, '2026-03-29 18:28:11.252648', 168, '2026-03-29 18:28:11.252648', 168, NULL, NULL);
INSERT INTO "ledger_entry" ("id", "organization_id", "branch_id", "voucher_id", "account_id", "entry_date", "debit_amount", "credit_amount", "narrative", "customer_id", "supplier_id", "sales_invoice_id", "purchase_receipt_id", "created_at", "created_by", "updated_at", "updated_by", "expense_id", "service_replacement_id") VALUES (24, 33, 73, 12, 272, '2026-03-29', 0.00, 2884.00, 'Sales revenue', 53, NULL, 15, NULL, '2026-03-29 18:28:11.259702', 168, '2026-03-29 18:28:11.259702', 168, NULL, NULL);
INSERT INTO "ledger_entry" ("id", "organization_id", "branch_id", "voucher_id", "account_id", "entry_date", "debit_amount", "credit_amount", "narrative", "customer_id", "supplier_id", "sales_invoice_id", "purchase_receipt_id", "created_at", "created_by", "updated_at", "updated_by", "expense_id", "service_replacement_id") VALUES (25, 33, 73, 12, 270, '2026-03-29', 0.00, 519.12, 'Output GST', 53, NULL, 15, NULL, '2026-03-29 18:28:11.260809', 168, '2026-03-29 18:28:11.260809', 168, NULL, NULL);
INSERT INTO "ledger_entry" ("id", "organization_id", "branch_id", "voucher_id", "account_id", "entry_date", "debit_amount", "credit_amount", "narrative", "customer_id", "supplier_id", "sales_invoice_id", "purchase_receipt_id", "created_at", "created_by", "updated_at", "updated_by", "expense_id", "service_replacement_id") VALUES (26, 33, 73, 12, 325, '2026-03-29', 2060.00, 0.00, 'Cost of goods sold', 53, NULL, 15, NULL, '2026-03-29 18:28:11.261578', 168, '2026-03-29 18:28:11.261578', 168, NULL, NULL);
INSERT INTO "ledger_entry" ("id", "organization_id", "branch_id", "voucher_id", "account_id", "entry_date", "debit_amount", "credit_amount", "narrative", "customer_id", "supplier_id", "sales_invoice_id", "purchase_receipt_id", "created_at", "created_by", "updated_at", "updated_by", "expense_id", "service_replacement_id") VALUES (27, 33, 73, 12, 268, '2026-03-29', 0.00, 2060.00, 'Inventory reduction on sale', 53, NULL, 15, NULL, '2026-03-29 18:28:11.262289', 168, '2026-03-29 18:28:11.262289', 168, NULL, NULL);
INSERT INTO "ledger_entry" ("id", "organization_id", "branch_id", "voucher_id", "account_id", "entry_date", "debit_amount", "credit_amount", "narrative", "customer_id", "supplier_id", "sales_invoice_id", "purchase_receipt_id", "created_at", "created_by", "updated_at", "updated_by", "expense_id", "service_replacement_id") VALUES (28, 33, 71, 13, 267, '2026-03-14', 3403.12, 0.00, 'Seeded quote-order-invoice demo posting', 53, NULL, 16, NULL, '2026-03-29 18:34:01.206794', 168, '2026-03-29 18:34:01.206794', 168, NULL, NULL);
INSERT INTO "ledger_entry" ("id", "organization_id", "branch_id", "voucher_id", "account_id", "entry_date", "debit_amount", "credit_amount", "narrative", "customer_id", "supplier_id", "sales_invoice_id", "purchase_receipt_id", "created_at", "created_by", "updated_at", "updated_by", "expense_id", "service_replacement_id") VALUES (29, 33, 71, 13, 272, '2026-03-14', 0.00, 2884.00, 'Seeded quote-order-invoice demo posting', 53, NULL, 16, NULL, '2026-03-29 18:34:01.206794', 168, '2026-03-29 18:34:01.206794', 168, NULL, NULL);
INSERT INTO "ledger_entry" ("id", "organization_id", "branch_id", "voucher_id", "account_id", "entry_date", "debit_amount", "credit_amount", "narrative", "customer_id", "supplier_id", "sales_invoice_id", "purchase_receipt_id", "created_at", "created_by", "updated_at", "updated_by", "expense_id", "service_replacement_id") VALUES (30, 33, 71, 14, 265, '2026-03-29', 1000.00, 0.00, 'Monthly accrual reversal', NULL, NULL, NULL, NULL, '2026-03-29 20:14:14.274308', 168, '2026-03-29 20:14:14.274308', 168, NULL, NULL);
INSERT INTO "ledger_entry" ("id", "organization_id", "branch_id", "voucher_id", "account_id", "entry_date", "debit_amount", "credit_amount", "narrative", "customer_id", "supplier_id", "sales_invoice_id", "purchase_receipt_id", "created_at", "created_by", "updated_at", "updated_by", "expense_id", "service_replacement_id") VALUES (31, 33, 71, 14, 272, '2026-03-29', 0.00, 1000.00, 'Monthly accrual reversal', NULL, NULL, NULL, NULL, '2026-03-29 20:14:14.278151', 168, '2026-03-29 20:14:14.278151', 168, NULL, NULL);
INSERT INTO "ledger_entry" ("id", "organization_id", "branch_id", "voucher_id", "account_id", "entry_date", "debit_amount", "credit_amount", "narrative", "customer_id", "supplier_id", "sales_invoice_id", "purchase_receipt_id", "created_at", "created_by", "updated_at", "updated_by", "expense_id", "service_replacement_id") VALUES (32, 33, 71, 15, 267, '2026-03-29', 1050.20, 0.00, 'Sales receivable', 50, NULL, 26, NULL, '2026-03-29 20:16:15.128713', 168, '2026-03-29 20:16:15.128713', 168, NULL, NULL);
INSERT INTO "ledger_entry" ("id", "organization_id", "branch_id", "voucher_id", "account_id", "entry_date", "debit_amount", "credit_amount", "narrative", "customer_id", "supplier_id", "sales_invoice_id", "purchase_receipt_id", "created_at", "created_by", "updated_at", "updated_by", "expense_id", "service_replacement_id") VALUES (33, 33, 71, 15, 272, '2026-03-29', 0.00, 890.00, 'Sales revenue', 50, NULL, 26, NULL, '2026-03-29 20:16:15.131256', 168, '2026-03-29 20:16:15.131256', 168, NULL, NULL);
INSERT INTO "ledger_entry" ("id", "organization_id", "branch_id", "voucher_id", "account_id", "entry_date", "debit_amount", "credit_amount", "narrative", "customer_id", "supplier_id", "sales_invoice_id", "purchase_receipt_id", "created_at", "created_by", "updated_at", "updated_by", "expense_id", "service_replacement_id") VALUES (34, 33, 71, 15, 270, '2026-03-29', 0.00, 160.20, 'Output GST', 50, NULL, 26, NULL, '2026-03-29 20:16:15.132281', 168, '2026-03-29 20:16:15.132281', 168, NULL, NULL);
INSERT INTO "ledger_entry" ("id", "organization_id", "branch_id", "voucher_id", "account_id", "entry_date", "debit_amount", "credit_amount", "narrative", "customer_id", "supplier_id", "sales_invoice_id", "purchase_receipt_id", "created_at", "created_by", "updated_at", "updated_by", "expense_id", "service_replacement_id") VALUES (35, 33, 73, 16, 267, '2026-03-29', 7670.00, 0.00, 'Sales receivable', 53, NULL, 33, NULL, '2026-03-29 20:28:08.440108', 168, '2026-03-29 20:28:08.440108', 168, NULL, NULL);
INSERT INTO "ledger_entry" ("id", "organization_id", "branch_id", "voucher_id", "account_id", "entry_date", "debit_amount", "credit_amount", "narrative", "customer_id", "supplier_id", "sales_invoice_id", "purchase_receipt_id", "created_at", "created_by", "updated_at", "updated_by", "expense_id", "service_replacement_id") VALUES (36, 33, 73, 16, 272, '2026-03-29', 0.00, 6500.00, 'Sales revenue', 53, NULL, 33, NULL, '2026-03-29 20:28:08.444255', 168, '2026-03-29 20:28:08.444255', 168, NULL, NULL);
INSERT INTO "ledger_entry" ("id", "organization_id", "branch_id", "voucher_id", "account_id", "entry_date", "debit_amount", "credit_amount", "narrative", "customer_id", "supplier_id", "sales_invoice_id", "purchase_receipt_id", "created_at", "created_by", "updated_at", "updated_by", "expense_id", "service_replacement_id") VALUES (37, 33, 73, 16, 270, '2026-03-29', 0.00, 1170.00, 'Output GST', 53, NULL, 33, NULL, '2026-03-29 20:28:08.446686', 168, '2026-03-29 20:28:08.446686', 168, NULL, NULL);
INSERT INTO "ledger_entry" ("id", "organization_id", "branch_id", "voucher_id", "account_id", "entry_date", "debit_amount", "credit_amount", "narrative", "customer_id", "supplier_id", "sales_invoice_id", "purchase_receipt_id", "created_at", "created_by", "updated_at", "updated_by", "expense_id", "service_replacement_id") VALUES (38, 33, 73, 16, 325, '2026-03-29', 5000.00, 0.00, 'Cost of goods sold', 53, NULL, 33, NULL, '2026-03-29 20:28:08.44765', 168, '2026-03-29 20:28:08.44765', 168, NULL, NULL);
INSERT INTO "ledger_entry" ("id", "organization_id", "branch_id", "voucher_id", "account_id", "entry_date", "debit_amount", "credit_amount", "narrative", "customer_id", "supplier_id", "sales_invoice_id", "purchase_receipt_id", "created_at", "created_by", "updated_at", "updated_by", "expense_id", "service_replacement_id") VALUES (39, 33, 73, 16, 268, '2026-03-29', 0.00, 5000.00, 'Inventory reduction on sale', 53, NULL, 33, NULL, '2026-03-29 20:28:08.449114', 168, '2026-03-29 20:28:08.449114', 168, NULL, NULL);
INSERT INTO "ledger_entry" ("id", "organization_id", "branch_id", "voucher_id", "account_id", "entry_date", "debit_amount", "credit_amount", "narrative", "customer_id", "supplier_id", "sales_invoice_id", "purchase_receipt_id", "created_at", "created_by", "updated_at", "updated_by", "expense_id", "service_replacement_id") VALUES (40, 33, 73, 17, 267, '2026-03-29', 129.80, 0.00, 'Sales receivable', 53, NULL, 34, NULL, '2026-03-29 20:28:43.216263', 168, '2026-03-29 20:28:43.216263', 168, NULL, NULL);
INSERT INTO "ledger_entry" ("id", "organization_id", "branch_id", "voucher_id", "account_id", "entry_date", "debit_amount", "credit_amount", "narrative", "customer_id", "supplier_id", "sales_invoice_id", "purchase_receipt_id", "created_at", "created_by", "updated_at", "updated_by", "expense_id", "service_replacement_id") VALUES (41, 33, 73, 17, 272, '2026-03-29', 0.00, 110.00, 'Sales revenue', 53, NULL, 34, NULL, '2026-03-29 20:28:43.217798', 168, '2026-03-29 20:28:43.217798', 168, NULL, NULL);
INSERT INTO "ledger_entry" ("id", "organization_id", "branch_id", "voucher_id", "account_id", "entry_date", "debit_amount", "credit_amount", "narrative", "customer_id", "supplier_id", "sales_invoice_id", "purchase_receipt_id", "created_at", "created_by", "updated_at", "updated_by", "expense_id", "service_replacement_id") VALUES (42, 33, 73, 17, 270, '2026-03-29', 0.00, 19.80, 'Output GST', 53, NULL, 34, NULL, '2026-03-29 20:28:43.218608', 168, '2026-03-29 20:28:43.218608', 168, NULL, NULL);
INSERT INTO "ledger_entry" ("id", "organization_id", "branch_id", "voucher_id", "account_id", "entry_date", "debit_amount", "credit_amount", "narrative", "customer_id", "supplier_id", "sales_invoice_id", "purchase_receipt_id", "created_at", "created_by", "updated_at", "updated_by", "expense_id", "service_replacement_id") VALUES (43, 33, 73, 17, 325, '2026-03-29', 70.00, 0.00, 'Cost of goods sold', 53, NULL, 34, NULL, '2026-03-29 20:28:43.219239', 168, '2026-03-29 20:28:43.219239', 168, NULL, NULL);
INSERT INTO "ledger_entry" ("id", "organization_id", "branch_id", "voucher_id", "account_id", "entry_date", "debit_amount", "credit_amount", "narrative", "customer_id", "supplier_id", "sales_invoice_id", "purchase_receipt_id", "created_at", "created_by", "updated_at", "updated_by", "expense_id", "service_replacement_id") VALUES (44, 33, 73, 17, 268, '2026-03-29', 0.00, 70.00, 'Inventory reduction on sale', 53, NULL, 34, NULL, '2026-03-29 20:28:43.219828', 168, '2026-03-29 20:28:43.219828', 168, NULL, NULL);
INSERT INTO "ledger_entry" ("id", "organization_id", "branch_id", "voucher_id", "account_id", "entry_date", "debit_amount", "credit_amount", "narrative", "customer_id", "supplier_id", "sales_invoice_id", "purchase_receipt_id", "created_at", "created_by", "updated_at", "updated_by", "expense_id", "service_replacement_id") VALUES (45, 33, 73, 18, 267, '2026-03-29', 7670.00, 0.00, 'Sales receivable', 53, NULL, 36, NULL, '2026-03-29 20:31:19.332348', 168, '2026-03-29 20:31:19.332348', 168, NULL, NULL);
INSERT INTO "ledger_entry" ("id", "organization_id", "branch_id", "voucher_id", "account_id", "entry_date", "debit_amount", "credit_amount", "narrative", "customer_id", "supplier_id", "sales_invoice_id", "purchase_receipt_id", "created_at", "created_by", "updated_at", "updated_by", "expense_id", "service_replacement_id") VALUES (46, 33, 73, 18, 272, '2026-03-29', 0.00, 6500.00, 'Sales revenue', 53, NULL, 36, NULL, '2026-03-29 20:31:19.335539', 168, '2026-03-29 20:31:19.335539', 168, NULL, NULL);
INSERT INTO "ledger_entry" ("id", "organization_id", "branch_id", "voucher_id", "account_id", "entry_date", "debit_amount", "credit_amount", "narrative", "customer_id", "supplier_id", "sales_invoice_id", "purchase_receipt_id", "created_at", "created_by", "updated_at", "updated_by", "expense_id", "service_replacement_id") VALUES (47, 33, 73, 18, 270, '2026-03-29', 0.00, 1170.00, 'Output GST', 53, NULL, 36, NULL, '2026-03-29 20:31:19.337066', 168, '2026-03-29 20:31:19.337066', 168, NULL, NULL);
INSERT INTO "ledger_entry" ("id", "organization_id", "branch_id", "voucher_id", "account_id", "entry_date", "debit_amount", "credit_amount", "narrative", "customer_id", "supplier_id", "sales_invoice_id", "purchase_receipt_id", "created_at", "created_by", "updated_at", "updated_by", "expense_id", "service_replacement_id") VALUES (48, 33, 73, 18, 325, '2026-03-29', 5000.00, 0.00, 'Cost of goods sold', 53, NULL, 36, NULL, '2026-03-29 20:31:19.338438', 168, '2026-03-29 20:31:19.338438', 168, NULL, NULL);
INSERT INTO "ledger_entry" ("id", "organization_id", "branch_id", "voucher_id", "account_id", "entry_date", "debit_amount", "credit_amount", "narrative", "customer_id", "supplier_id", "sales_invoice_id", "purchase_receipt_id", "created_at", "created_by", "updated_at", "updated_by", "expense_id", "service_replacement_id") VALUES (49, 33, 73, 18, 268, '2026-03-29', 0.00, 5000.00, 'Inventory reduction on sale', 53, NULL, 36, NULL, '2026-03-29 20:31:19.339938', 168, '2026-03-29 20:31:19.339938', 168, NULL, NULL);
INSERT INTO "ledger_entry" ("id", "organization_id", "branch_id", "voucher_id", "account_id", "entry_date", "debit_amount", "credit_amount", "narrative", "customer_id", "supplier_id", "sales_invoice_id", "purchase_receipt_id", "created_at", "created_by", "updated_at", "updated_by", "expense_id", "service_replacement_id") VALUES (50, 33, 73, 19, 265, '2026-04-03', 1050.20, 0.00, 'Customer receipt', 50, NULL, NULL, NULL, '2026-04-04 02:30:12.825906', 168, '2026-04-04 02:30:12.825906', 168, NULL, NULL);
INSERT INTO "ledger_entry" ("id", "organization_id", "branch_id", "voucher_id", "account_id", "entry_date", "debit_amount", "credit_amount", "narrative", "customer_id", "supplier_id", "sales_invoice_id", "purchase_receipt_id", "created_at", "created_by", "updated_at", "updated_by", "expense_id", "service_replacement_id") VALUES (51, 33, 73, 19, 267, '2026-04-03', 0.00, 1050.20, 'Customer receipt settlement', 50, NULL, NULL, NULL, '2026-04-04 02:30:12.837344', 168, '2026-04-04 02:30:12.837344', 168, NULL, NULL);
INSERT INTO "ledger_entry" ("id", "organization_id", "branch_id", "voucher_id", "account_id", "entry_date", "debit_amount", "credit_amount", "narrative", "customer_id", "supplier_id", "sales_invoice_id", "purchase_receipt_id", "created_at", "created_by", "updated_at", "updated_by", "expense_id", "service_replacement_id") VALUES (52, 33, 73, 20, 265, '2026-04-03', 5000.00, 0.00, 'Customer receipt', 53, NULL, NULL, NULL, '2026-04-04 02:41:08.672486', 168, '2026-04-04 02:41:08.672486', 168, NULL, NULL);
INSERT INTO "ledger_entry" ("id", "organization_id", "branch_id", "voucher_id", "account_id", "entry_date", "debit_amount", "credit_amount", "narrative", "customer_id", "supplier_id", "sales_invoice_id", "purchase_receipt_id", "created_at", "created_by", "updated_at", "updated_by", "expense_id", "service_replacement_id") VALUES (53, 33, 73, 20, 267, '2026-04-03', 0.00, 5000.00, 'Customer receipt settlement', 53, NULL, NULL, NULL, '2026-04-04 02:41:08.676907', 168, '2026-04-04 02:41:08.676907', 168, NULL, NULL);
INSERT INTO "ledger_entry" ("id", "organization_id", "branch_id", "voucher_id", "account_id", "entry_date", "debit_amount", "credit_amount", "narrative", "customer_id", "supplier_id", "sales_invoice_id", "purchase_receipt_id", "created_at", "created_by", "updated_at", "updated_by", "expense_id", "service_replacement_id") VALUES (54, 33, 73, 21, 265, '2026-04-03', 2670.00, 0.00, 'Customer receipt', 53, NULL, NULL, NULL, '2026-04-04 02:41:56.157266', 168, '2026-04-04 02:41:56.157266', 168, NULL, NULL);
INSERT INTO "ledger_entry" ("id", "organization_id", "branch_id", "voucher_id", "account_id", "entry_date", "debit_amount", "credit_amount", "narrative", "customer_id", "supplier_id", "sales_invoice_id", "purchase_receipt_id", "created_at", "created_by", "updated_at", "updated_by", "expense_id", "service_replacement_id") VALUES (55, 33, 73, 21, 267, '2026-04-03', 0.00, 2670.00, 'Customer receipt settlement', 53, NULL, NULL, NULL, '2026-04-04 02:41:56.15864', 168, '2026-04-04 02:41:56.15864', 168, NULL, NULL);

-- changeset sameerkhan:1775937591491-80
INSERT INTO "recurring_sales_invoice" ("id", "organization_id", "branch_id", "warehouse_id", "customer_id", "price_list_id", "template_number", "frequency", "start_date", "next_run_date", "end_date", "due_days", "place_of_supply_state_code", "remarks", "is_active", "last_run_at", "last_sales_invoice_id", "created_at", "updated_at", "created_by", "updated_by") VALUES (1, 33, 71, 142, 50, NULL, 'RSI-20260329-1774795307838', 'MONTHLY', '2026-03-29', '2026-03-29', NULL, 15, '24', 'Demo recurring invoice', TRUE, NULL, NULL, '2026-03-29 20:11:47.840775', '2026-03-29 20:11:47.840775', 168, 168);
INSERT INTO "recurring_sales_invoice" ("id", "organization_id", "branch_id", "warehouse_id", "customer_id", "price_list_id", "template_number", "frequency", "start_date", "next_run_date", "end_date", "due_days", "place_of_supply_state_code", "remarks", "is_active", "last_run_at", "last_sales_invoice_id", "created_at", "updated_at", "created_by", "updated_by") VALUES (2, 33, 71, 142, 50, NULL, 'RSI-20260329-1774795454054', 'MONTHLY', '2026-03-29', '2026-04-29', NULL, 15, '24', 'Demo recurring floodlight invoice', TRUE, '2026-03-29 11:46:15.139328', 26, '2026-03-29 11:44:14.055083', '2026-03-29 11:46:15.140142', 168, 168);

-- changeset sameerkhan:1775937591491-81
INSERT INTO "recurring_sales_invoice_line" ("id", "recurring_sales_invoice_id", "product_id", "uom_id", "quantity", "base_quantity", "unit_price", "discount_amount", "warranty_months", "remarks", "created_at", "updated_at", "created_by", "updated_by") VALUES (1, 1, 44, 11, 5.000, 5.000, NULL, 0.00, NULL, NULL, '2026-03-29 20:11:47.864083', '2026-03-29 20:11:47.864083', 168, 168);
INSERT INTO "recurring_sales_invoice_line" ("id", "recurring_sales_invoice_id", "product_id", "uom_id", "quantity", "base_quantity", "unit_price", "discount_amount", "warranty_months", "remarks", "created_at", "updated_at", "created_by", "updated_by") VALUES (2, 2, 51, 5, 1.000, 1.000, NULL, 0.00, NULL, NULL, '2026-03-29 11:44:14.064558', '2026-03-29 11:44:14.064558', 168, 168);

-- changeset sameerkhan:1775937591491-82
INSERT INTO "recurring_journal" ("id", "organization_id", "branch_id", "template_number", "voucher_type", "frequency", "start_date", "next_run_date", "end_date", "remarks", "is_active", "last_run_at", "last_voucher_id", "created_at", "updated_at", "created_by", "updated_by") VALUES (1, 33, 71, 'RJ-20260329-1774795454208', 'JOURNAL', 'MONTHLY', '2026-03-29', '2026-04-29', NULL, 'Demo recurring journal', TRUE, '2026-03-29 11:44:14.286683', 14, '2026-03-29 11:44:14.209135', '2026-03-29 11:44:14.287211', 168, 168);

-- changeset sameerkhan:1775937591491-83
INSERT INTO "recurring_journal_line" ("id", "recurring_journal_id", "account_id", "debit_amount", "credit_amount", "narrative", "customer_id", "supplier_id", "created_at", "updated_at", "created_by", "updated_by") VALUES (1, 1, 265, 1000.00, 0.00, 'Monthly accrual reversal', NULL, NULL, '2026-03-29 11:44:14.216713', '2026-03-29 11:44:14.216713', 168, 168);
INSERT INTO "recurring_journal_line" ("id", "recurring_journal_id", "account_id", "debit_amount", "credit_amount", "narrative", "customer_id", "supplier_id", "created_at", "updated_at", "created_by", "updated_by") VALUES (2, 1, 272, 0.00, 1000.00, 'Monthly accrual reversal', NULL, NULL, '2026-03-29 11:44:14.22477', '2026-03-29 11:44:14.22477', 168, 168);

-- changeset sameerkhan:1775937591491-84
INSERT INTO "bank_statement_entry" ("id", "organization_id", "branch_id", "account_id", "entry_date", "value_date", "reference_number", "description", "debit_amount", "credit_amount", "status", "matched_ledger_entry_id", "matched_on", "matched_by", "remarks", "created_at", "updated_at", "created_by", "updated_by") VALUES (1, 33, 71, 266, '2026-03-26', '2026-03-26', 'BANK-STMT-001', 'Customer receipt bank credit', 1000.00, 0.00, 'RECONCILED', 15, '2026-03-29 11:50:22.379814', 168, 'Matched to bank receipt ledger', '2026-03-29 11:50:22.263059', '2026-03-29 11:50:22.379975', 168, 168);

-- changeset sameerkhan:1775937591491-85
INSERT INTO "account_subscription" ("id", "account_id", "subscription_plan_id", "status", "starts_on", "ends_on", "auto_renew", "purchased_at", "grace_until", "notes", "metadata_json", "created_at", "created_by", "updated_at", "updated_by") VALUES (1, 16, 2, 'ACTIVE', '2026-03-25', NULL, FALSE, '2026-03-25 06:47:22.620421', NULL, 'Backfilled default subscription during subscription schema migration', '{"source": "migration-043"}', '2026-03-29 21:43:03.901681', NULL, '2026-03-29 21:43:03.901681', NULL);
INSERT INTO "account_subscription" ("id", "account_id", "subscription_plan_id", "status", "starts_on", "ends_on", "auto_renew", "purchased_at", "grace_until", "notes", "metadata_json", "created_at", "created_by", "updated_at", "updated_by") VALUES (2, 1, 2, 'ACTIVE', '2026-03-25', NULL, FALSE, '2026-03-25 06:51:58.006659', NULL, 'Backfilled from organization subscription', '{"source": "migration-043"}', '2026-03-29 21:43:03.901681', 168, '2026-03-29 21:43:03.901681', 168);
INSERT INTO "account_subscription" ("id", "account_id", "subscription_plan_id", "status", "starts_on", "ends_on", "auto_renew", "purchased_at", "grace_until", "notes", "metadata_json", "created_at", "created_by", "updated_at", "updated_by") VALUES (3, 9, 2, 'ACTIVE', '2026-03-25', NULL, FALSE, '2026-03-25 06:47:22.620421', NULL, 'Backfilled default subscription during subscription schema migration', '{"source": "migration-043"}', '2026-03-29 21:43:03.901681', NULL, '2026-03-29 21:43:03.901681', NULL);

-- changeset sameerkhan:1775937591491-86
INSERT INTO "product_attribute_definition" ("id", "organization_id", "code", "label", "description", "data_type", "input_type", "is_required", "is_active", "unit_label", "placeholder", "help_text", "sort_order", "created_at", "created_by", "updated_at", "updated_by") VALUES (1, 35, 'battery_type', 'Battery Type', 'Battery fitment / maintenance type', 'OPTION', 'SELECT', TRUE, TRUE, NULL, 'Select battery type', 'Used to distinguish RMF / LMF / tubular types', 10, '2026-04-04 18:41:12.742411', 190, '2026-04-04 18:41:12.742411', 190);
INSERT INTO "product_attribute_definition" ("id", "organization_id", "code", "label", "description", "data_type", "input_type", "is_required", "is_active", "unit_label", "placeholder", "help_text", "sort_order", "created_at", "created_by", "updated_at", "updated_by") VALUES (2, 36, 'battery_type', 'Battery Type', 'Battery fitment / maintenance type', 'OPTION', 'SELECT', TRUE, TRUE, NULL, 'Select battery type', 'Used to distinguish RMF / LMF / tubular types', 10, '2026-04-04 18:41:12.742411', 191, '2026-04-04 18:41:12.742411', 191);
INSERT INTO "product_attribute_definition" ("id", "organization_id", "code", "label", "description", "data_type", "input_type", "is_required", "is_active", "unit_label", "placeholder", "help_text", "sort_order", "created_at", "created_by", "updated_at", "updated_by") VALUES (3, 34, 'battery_type', 'Battery Type', 'Battery fitment / maintenance type', 'OPTION', 'SELECT', TRUE, TRUE, NULL, 'Select battery type', 'Used to distinguish RMF / LMF / tubular types', 10, '2026-04-04 18:41:12.742411', 176, '2026-04-04 18:41:12.742411', 176);
INSERT INTO "product_attribute_definition" ("id", "organization_id", "code", "label", "description", "data_type", "input_type", "is_required", "is_active", "unit_label", "placeholder", "help_text", "sort_order", "created_at", "created_by", "updated_at", "updated_by") VALUES (5, 35, 'capacity_ah', 'Capacity (Ah)', 'Battery capacity in ampere-hour', 'NUMBER', 'NUMBER', FALSE, TRUE, 'Ah', 'Enter capacity', 'Useful for battery sizing and search', 20, '2026-04-04 18:41:12.742411', 190, '2026-04-04 18:41:12.742411', 190);
INSERT INTO "product_attribute_definition" ("id", "organization_id", "code", "label", "description", "data_type", "input_type", "is_required", "is_active", "unit_label", "placeholder", "help_text", "sort_order", "created_at", "created_by", "updated_at", "updated_by") VALUES (6, 36, 'capacity_ah', 'Capacity (Ah)', 'Battery capacity in ampere-hour', 'NUMBER', 'NUMBER', FALSE, TRUE, 'Ah', 'Enter capacity', 'Useful for battery sizing and search', 20, '2026-04-04 18:41:12.742411', 191, '2026-04-04 18:41:12.742411', 191);
INSERT INTO "product_attribute_definition" ("id", "organization_id", "code", "label", "description", "data_type", "input_type", "is_required", "is_active", "unit_label", "placeholder", "help_text", "sort_order", "created_at", "created_by", "updated_at", "updated_by") VALUES (7, 34, 'capacity_ah', 'Capacity (Ah)', 'Battery capacity in ampere-hour', 'NUMBER', 'NUMBER', FALSE, TRUE, 'Ah', 'Enter capacity', 'Useful for battery sizing and search', 20, '2026-04-04 18:41:12.742411', 176, '2026-04-04 18:41:12.742411', 176);
INSERT INTO "product_attribute_definition" ("id", "organization_id", "code", "label", "description", "data_type", "input_type", "is_required", "is_active", "unit_label", "placeholder", "help_text", "sort_order", "created_at", "created_by", "updated_at", "updated_by") VALUES (8, 33, 'capacity_ah', 'Capacity (Ah)', 'Battery capacity in ampere-hour', 'NUMBER', 'NUMBER', FALSE, TRUE, 'Ah', 'Enter capacity', 'Useful for battery sizing and search', 20, '2026-04-04 18:41:12.742411', 168, '2026-04-04 18:41:12.742411', 168);
INSERT INTO "product_attribute_definition" ("id", "organization_id", "code", "label", "description", "data_type", "input_type", "is_required", "is_active", "unit_label", "placeholder", "help_text", "sort_order", "created_at", "created_by", "updated_at", "updated_by") VALUES (9, 35, 'voltage', 'Voltage', 'Nominal voltage of the battery', 'NUMBER', 'NUMBER', FALSE, TRUE, 'V', 'Enter voltage', 'Common battery voltage rating', 30, '2026-04-04 18:41:12.742411', 190, '2026-04-04 18:41:12.742411', 190);
INSERT INTO "product_attribute_definition" ("id", "organization_id", "code", "label", "description", "data_type", "input_type", "is_required", "is_active", "unit_label", "placeholder", "help_text", "sort_order", "created_at", "created_by", "updated_at", "updated_by") VALUES (10, 36, 'voltage', 'Voltage', 'Nominal voltage of the battery', 'NUMBER', 'NUMBER', FALSE, TRUE, 'V', 'Enter voltage', 'Common battery voltage rating', 30, '2026-04-04 18:41:12.742411', 191, '2026-04-04 18:41:12.742411', 191);
INSERT INTO "product_attribute_definition" ("id", "organization_id", "code", "label", "description", "data_type", "input_type", "is_required", "is_active", "unit_label", "placeholder", "help_text", "sort_order", "created_at", "created_by", "updated_at", "updated_by") VALUES (11, 34, 'voltage', 'Voltage', 'Nominal voltage of the battery', 'NUMBER', 'NUMBER', FALSE, TRUE, 'V', 'Enter voltage', 'Common battery voltage rating', 30, '2026-04-04 18:41:12.742411', 176, '2026-04-04 18:41:12.742411', 176);
INSERT INTO "product_attribute_definition" ("id", "organization_id", "code", "label", "description", "data_type", "input_type", "is_required", "is_active", "unit_label", "placeholder", "help_text", "sort_order", "created_at", "created_by", "updated_at", "updated_by") VALUES (12, 33, 'voltage', 'Voltage', 'Nominal voltage of the battery', 'NUMBER', 'NUMBER', FALSE, TRUE, 'V', 'Enter voltage', 'Common battery voltage rating', 30, '2026-04-04 18:41:12.742411', 168, '2026-04-04 18:41:12.742411', 168);
INSERT INTO "product_attribute_definition" ("id", "organization_id", "code", "label", "description", "data_type", "input_type", "is_required", "is_active", "unit_label", "placeholder", "help_text", "sort_order", "created_at", "created_by", "updated_at", "updated_by") VALUES (13, 35, 'viscosity_grade', 'Viscosity Grade', 'Lubricant viscosity grade', 'OPTION', 'SELECT', TRUE, TRUE, NULL, 'Select viscosity', 'Examples: 20W40, 10W30', 10, '2026-04-04 18:41:12.742411', 190, '2026-04-04 18:41:12.742411', 190);
INSERT INTO "product_attribute_definition" ("id", "organization_id", "code", "label", "description", "data_type", "input_type", "is_required", "is_active", "unit_label", "placeholder", "help_text", "sort_order", "created_at", "created_by", "updated_at", "updated_by") VALUES (14, 36, 'viscosity_grade', 'Viscosity Grade', 'Lubricant viscosity grade', 'OPTION', 'SELECT', TRUE, TRUE, NULL, 'Select viscosity', 'Examples: 20W40, 10W30', 10, '2026-04-04 18:41:12.742411', 191, '2026-04-04 18:41:12.742411', 191);
INSERT INTO "product_attribute_definition" ("id", "organization_id", "code", "label", "description", "data_type", "input_type", "is_required", "is_active", "unit_label", "placeholder", "help_text", "sort_order", "created_at", "created_by", "updated_at", "updated_by") VALUES (15, 34, 'viscosity_grade', 'Viscosity Grade', 'Lubricant viscosity grade', 'OPTION', 'SELECT', TRUE, TRUE, NULL, 'Select viscosity', 'Examples: 20W40, 10W30', 10, '2026-04-04 18:41:12.742411', 176, '2026-04-04 18:41:12.742411', 176);
INSERT INTO "product_attribute_definition" ("id", "organization_id", "code", "label", "description", "data_type", "input_type", "is_required", "is_active", "unit_label", "placeholder", "help_text", "sort_order", "created_at", "created_by", "updated_at", "updated_by") VALUES (16, 33, 'viscosity_grade', 'Viscosity Grade', 'Lubricant viscosity grade', 'OPTION', 'SELECT', TRUE, TRUE, NULL, 'Select viscosity', 'Examples: 20W40, 10W30', 10, '2026-04-04 18:41:12.742411', 168, '2026-04-04 18:41:12.742411', 168);
INSERT INTO "product_attribute_definition" ("id", "organization_id", "code", "label", "description", "data_type", "input_type", "is_required", "is_active", "unit_label", "placeholder", "help_text", "sort_order", "created_at", "created_by", "updated_at", "updated_by") VALUES (17, 35, 'pack_size', 'Pack Size', 'Retail pack size', 'OPTION', 'SELECT', TRUE, TRUE, NULL, 'Select pack size', 'Examples: 500ML, 1L, 4L', 20, '2026-04-04 18:41:12.742411', 190, '2026-04-04 18:41:12.742411', 190);
INSERT INTO "product_attribute_definition" ("id", "organization_id", "code", "label", "description", "data_type", "input_type", "is_required", "is_active", "unit_label", "placeholder", "help_text", "sort_order", "created_at", "created_by", "updated_at", "updated_by") VALUES (18, 36, 'pack_size', 'Pack Size', 'Retail pack size', 'OPTION', 'SELECT', TRUE, TRUE, NULL, 'Select pack size', 'Examples: 500ML, 1L, 4L', 20, '2026-04-04 18:41:12.742411', 191, '2026-04-04 18:41:12.742411', 191);
INSERT INTO "product_attribute_definition" ("id", "organization_id", "code", "label", "description", "data_type", "input_type", "is_required", "is_active", "unit_label", "placeholder", "help_text", "sort_order", "created_at", "created_by", "updated_at", "updated_by") VALUES (19, 34, 'pack_size', 'Pack Size', 'Retail pack size', 'OPTION', 'SELECT', TRUE, TRUE, NULL, 'Select pack size', 'Examples: 500ML, 1L, 4L', 20, '2026-04-04 18:41:12.742411', 176, '2026-04-04 18:41:12.742411', 176);
INSERT INTO "product_attribute_definition" ("id", "organization_id", "code", "label", "description", "data_type", "input_type", "is_required", "is_active", "unit_label", "placeholder", "help_text", "sort_order", "created_at", "created_by", "updated_at", "updated_by") VALUES (20, 33, 'pack_size', 'Pack Size', 'Retail pack size', 'OPTION', 'SELECT', TRUE, TRUE, NULL, 'Select pack size', 'Examples: 500ML, 1L, 4L', 20, '2026-04-04 18:41:12.742411', 168, '2026-04-04 18:41:12.742411', 168);
INSERT INTO "product_attribute_definition" ("id", "organization_id", "code", "label", "description", "data_type", "input_type", "is_required", "is_active", "unit_label", "placeholder", "help_text", "sort_order", "created_at", "created_by", "updated_at", "updated_by") VALUES (21, 35, 'oil_type', 'Oil Type', 'Type of lubricant', 'OPTION', 'SELECT', FALSE, TRUE, NULL, 'Select oil type', 'Engine oil, gear oil, coolant, etc.', 30, '2026-04-04 18:41:12.742411', 190, '2026-04-04 18:41:12.742411', 190);
INSERT INTO "product_attribute_definition" ("id", "organization_id", "code", "label", "description", "data_type", "input_type", "is_required", "is_active", "unit_label", "placeholder", "help_text", "sort_order", "created_at", "created_by", "updated_at", "updated_by") VALUES (22, 36, 'oil_type', 'Oil Type', 'Type of lubricant', 'OPTION', 'SELECT', FALSE, TRUE, NULL, 'Select oil type', 'Engine oil, gear oil, coolant, etc.', 30, '2026-04-04 18:41:12.742411', 191, '2026-04-04 18:41:12.742411', 191);
INSERT INTO "product_attribute_definition" ("id", "organization_id", "code", "label", "description", "data_type", "input_type", "is_required", "is_active", "unit_label", "placeholder", "help_text", "sort_order", "created_at", "created_by", "updated_at", "updated_by") VALUES (23, 34, 'oil_type', 'Oil Type', 'Type of lubricant', 'OPTION', 'SELECT', FALSE, TRUE, NULL, 'Select oil type', 'Engine oil, gear oil, coolant, etc.', 30, '2026-04-04 18:41:12.742411', 176, '2026-04-04 18:41:12.742411', 176);
INSERT INTO "product_attribute_definition" ("id", "organization_id", "code", "label", "description", "data_type", "input_type", "is_required", "is_active", "unit_label", "placeholder", "help_text", "sort_order", "created_at", "created_by", "updated_at", "updated_by") VALUES (24, 33, 'oil_type', 'Oil Type', 'Type of lubricant', 'OPTION', 'SELECT', FALSE, TRUE, NULL, 'Select oil type', 'Engine oil, gear oil, coolant, etc.', 30, '2026-04-04 18:41:12.742411', 168, '2026-04-04 18:41:12.742411', 168);
INSERT INTO "product_attribute_definition" ("id", "organization_id", "code", "label", "description", "data_type", "input_type", "is_required", "is_active", "unit_label", "placeholder", "help_text", "sort_order", "created_at", "created_by", "updated_at", "updated_by") VALUES (25, 33, 'model', 'Model', NULL, 'TEXT', 'TEXT', TRUE, TRUE, NULL, NULL, NULL, 1, '2026-04-04 19:14:02.241444', 168, '2026-04-04 19:14:02.241444', 168);
INSERT INTO "product_attribute_definition" ("id", "organization_id", "code", "label", "description", "data_type", "input_type", "is_required", "is_active", "unit_label", "placeholder", "help_text", "sort_order", "created_at", "created_by", "updated_at", "updated_by") VALUES (26, 33, 'capacity', 'Capacity', NULL, 'TEXT', 'TEXT', TRUE, TRUE, NULL, 'capacity', NULL, 1, '2026-04-04 19:15:31.29175', 168, '2026-04-04 19:15:31.29175', 168);
INSERT INTO "product_attribute_definition" ("id", "organization_id", "code", "label", "description", "data_type", "input_type", "is_required", "is_active", "unit_label", "placeholder", "help_text", "sort_order", "created_at", "created_by", "updated_at", "updated_by") VALUES (4, 33, 'battery_type', 'Battery Type', 'Battery fitment / maintenance type', 'OPTION', 'SELECT', TRUE, TRUE, NULL, 'Select battery type', 'Used to distinguish RMF / LMF / tubular types', 1, '2026-04-04 18:41:12.742411', 168, '2026-04-06 22:28:09.645394', 169);

-- changeset sameerkhan:1775937591491-87
INSERT INTO "product_attribute_option" ("id", "attribute_definition_id", "code", "label", "sort_order", "is_active", "created_at", "created_by", "updated_at", "updated_by") VALUES (1, 1, 'TUBULAR', 'Tubular', 30, TRUE, '2026-04-04 18:41:12.742411', 190, '2026-04-04 18:41:12.742411', 190);
INSERT INTO "product_attribute_option" ("id", "attribute_definition_id", "code", "label", "sort_order", "is_active", "created_at", "created_by", "updated_at", "updated_by") VALUES (2, 14, '5W30', '5W30', 40, TRUE, '2026-04-04 18:41:12.742411', 191, '2026-04-04 18:41:12.742411', 191);
INSERT INTO "product_attribute_option" ("id", "attribute_definition_id", "code", "label", "sort_order", "is_active", "created_at", "created_by", "updated_at", "updated_by") VALUES (3, 2, 'RMF', 'RMF', 10, TRUE, '2026-04-04 18:41:12.742411', 191, '2026-04-04 18:41:12.742411', 191);
INSERT INTO "product_attribute_option" ("id", "attribute_definition_id", "code", "label", "sort_order", "is_active", "created_at", "created_by", "updated_at", "updated_by") VALUES (4, 18, '900ML', '900 ML', 20, TRUE, '2026-04-04 18:41:12.742411', 191, '2026-04-04 18:41:12.742411', 191);
INSERT INTO "product_attribute_option" ("id", "attribute_definition_id", "code", "label", "sort_order", "is_active", "created_at", "created_by", "updated_at", "updated_by") VALUES (5, 3, 'LMF', 'LMF', 20, TRUE, '2026-04-04 18:41:12.742411', 176, '2026-04-04 18:41:12.742411', 176);
INSERT INTO "product_attribute_option" ("id", "attribute_definition_id", "code", "label", "sort_order", "is_active", "created_at", "created_by", "updated_at", "updated_by") VALUES (6, 24, 'BRAKE_FLUID', 'Brake Fluid', 40, TRUE, '2026-04-04 18:41:12.742411', 168, '2026-04-04 18:41:12.742411', 168);
INSERT INTO "product_attribute_option" ("id", "attribute_definition_id", "code", "label", "sort_order", "is_active", "created_at", "created_by", "updated_at", "updated_by") VALUES (7, 17, '900ML', '900 ML', 20, TRUE, '2026-04-04 18:41:12.742411', 190, '2026-04-04 18:41:12.742411', 190);
INSERT INTO "product_attribute_option" ("id", "attribute_definition_id", "code", "label", "sort_order", "is_active", "created_at", "created_by", "updated_at", "updated_by") VALUES (8, 20, '500ML', '500 ML', 10, TRUE, '2026-04-04 18:41:12.742411', 168, '2026-04-04 18:41:12.742411', 168);
INSERT INTO "product_attribute_option" ("id", "attribute_definition_id", "code", "label", "sort_order", "is_active", "created_at", "created_by", "updated_at", "updated_by") VALUES (10, 18, '500ML', '500 ML', 10, TRUE, '2026-04-04 18:41:12.742411', 191, '2026-04-04 18:41:12.742411', 191);
INSERT INTO "product_attribute_option" ("id", "attribute_definition_id", "code", "label", "sort_order", "is_active", "created_at", "created_by", "updated_at", "updated_by") VALUES (11, 19, '4L', '4 L', 40, TRUE, '2026-04-04 18:41:12.742411', 176, '2026-04-04 18:41:12.742411', 176);
INSERT INTO "product_attribute_option" ("id", "attribute_definition_id", "code", "label", "sort_order", "is_active", "created_at", "created_by", "updated_at", "updated_by") VALUES (13, 15, '5W30', '5W30', 40, TRUE, '2026-04-04 18:41:12.742411', 176, '2026-04-04 18:41:12.742411', 176);
INSERT INTO "product_attribute_option" ("id", "attribute_definition_id", "code", "label", "sort_order", "is_active", "created_at", "created_by", "updated_at", "updated_by") VALUES (14, 23, 'BRAKE_FLUID', 'Brake Fluid', 40, TRUE, '2026-04-04 18:41:12.742411', 176, '2026-04-04 18:41:12.742411', 176);
INSERT INTO "product_attribute_option" ("id", "attribute_definition_id", "code", "label", "sort_order", "is_active", "created_at", "created_by", "updated_at", "updated_by") VALUES (15, 16, '5W30', '5W30', 40, TRUE, '2026-04-04 18:41:12.742411', 168, '2026-04-04 18:41:12.742411', 168);
INSERT INTO "product_attribute_option" ("id", "attribute_definition_id", "code", "label", "sort_order", "is_active", "created_at", "created_by", "updated_at", "updated_by") VALUES (16, 3, 'TUBULAR', 'Tubular', 30, TRUE, '2026-04-04 18:41:12.742411', 176, '2026-04-04 18:41:12.742411', 176);
INSERT INTO "product_attribute_option" ("id", "attribute_definition_id", "code", "label", "sort_order", "is_active", "created_at", "created_by", "updated_at", "updated_by") VALUES (17, 19, '1L', '1 L', 30, TRUE, '2026-04-04 18:41:12.742411', 176, '2026-04-04 18:41:12.742411', 176);
INSERT INTO "product_attribute_option" ("id", "attribute_definition_id", "code", "label", "sort_order", "is_active", "created_at", "created_by", "updated_at", "updated_by") VALUES (18, 22, 'BRAKE_FLUID', 'Brake Fluid', 40, TRUE, '2026-04-04 18:41:12.742411', 191, '2026-04-04 18:41:12.742411', 191);
INSERT INTO "product_attribute_option" ("id", "attribute_definition_id", "code", "label", "sort_order", "is_active", "created_at", "created_by", "updated_at", "updated_by") VALUES (19, 17, '500ML', '500 ML', 10, TRUE, '2026-04-04 18:41:12.742411', 190, '2026-04-04 18:41:12.742411', 190);
INSERT INTO "product_attribute_option" ("id", "attribute_definition_id", "code", "label", "sort_order", "is_active", "created_at", "created_by", "updated_at", "updated_by") VALUES (20, 20, '900ML', '900 ML', 20, TRUE, '2026-04-04 18:41:12.742411', 168, '2026-04-04 18:41:12.742411', 168);
INSERT INTO "product_attribute_option" ("id", "attribute_definition_id", "code", "label", "sort_order", "is_active", "created_at", "created_by", "updated_at", "updated_by") VALUES (21, 13, '5W30', '5W30', 40, TRUE, '2026-04-04 18:41:12.742411', 190, '2026-04-04 18:41:12.742411', 190);
INSERT INTO "product_attribute_option" ("id", "attribute_definition_id", "code", "label", "sort_order", "is_active", "created_at", "created_by", "updated_at", "updated_by") VALUES (22, 2, 'SMF', 'SMF', 40, TRUE, '2026-04-04 18:41:12.742411', 191, '2026-04-04 18:41:12.742411', 191);
INSERT INTO "product_attribute_option" ("id", "attribute_definition_id", "code", "label", "sort_order", "is_active", "created_at", "created_by", "updated_at", "updated_by") VALUES (23, 1, 'LMF', 'LMF', 20, TRUE, '2026-04-04 18:41:12.742411', 190, '2026-04-04 18:41:12.742411', 190);
INSERT INTO "product_attribute_option" ("id", "attribute_definition_id", "code", "label", "sort_order", "is_active", "created_at", "created_by", "updated_at", "updated_by") VALUES (24, 21, 'BRAKE_FLUID', 'Brake Fluid', 40, TRUE, '2026-04-04 18:41:12.742411', 190, '2026-04-04 18:41:12.742411', 190);
INSERT INTO "product_attribute_option" ("id", "attribute_definition_id", "code", "label", "sort_order", "is_active", "created_at", "created_by", "updated_at", "updated_by") VALUES (25, 20, '4L', '4 L', 40, TRUE, '2026-04-04 18:41:12.742411', 168, '2026-04-04 18:41:12.742411', 168);
INSERT INTO "product_attribute_option" ("id", "attribute_definition_id", "code", "label", "sort_order", "is_active", "created_at", "created_by", "updated_at", "updated_by") VALUES (26, 15, '10W30', '10W30', 10, TRUE, '2026-04-04 18:41:12.742411', 176, '2026-04-04 18:41:12.742411', 176);
INSERT INTO "product_attribute_option" ("id", "attribute_definition_id", "code", "label", "sort_order", "is_active", "created_at", "created_by", "updated_at", "updated_by") VALUES (27, 16, '10W30', '10W30', 10, TRUE, '2026-04-04 18:41:12.742411', 168, '2026-04-04 18:41:12.742411', 168);
INSERT INTO "product_attribute_option" ("id", "attribute_definition_id", "code", "label", "sort_order", "is_active", "created_at", "created_by", "updated_at", "updated_by") VALUES (29, 24, 'ENGINE_OIL', 'Engine Oil', 10, TRUE, '2026-04-04 18:41:12.742411', 168, '2026-04-04 18:41:12.742411', 168);
INSERT INTO "product_attribute_option" ("id", "attribute_definition_id", "code", "label", "sort_order", "is_active", "created_at", "created_by", "updated_at", "updated_by") VALUES (30, 23, 'GEAR_OIL', 'Gear Oil', 20, TRUE, '2026-04-04 18:41:12.742411', 176, '2026-04-04 18:41:12.742411', 176);
INSERT INTO "product_attribute_option" ("id", "attribute_definition_id", "code", "label", "sort_order", "is_active", "created_at", "created_by", "updated_at", "updated_by") VALUES (31, 20, '1L', '1 L', 30, TRUE, '2026-04-04 18:41:12.742411', 168, '2026-04-04 18:41:12.742411', 168);
INSERT INTO "product_attribute_option" ("id", "attribute_definition_id", "code", "label", "sort_order", "is_active", "created_at", "created_by", "updated_at", "updated_by") VALUES (32, 1, 'SMF', 'SMF', 40, TRUE, '2026-04-04 18:41:12.742411', 190, '2026-04-04 18:41:12.742411', 190);
INSERT INTO "product_attribute_option" ("id", "attribute_definition_id", "code", "label", "sort_order", "is_active", "created_at", "created_by", "updated_at", "updated_by") VALUES (33, 2, 'LMF', 'LMF', 20, TRUE, '2026-04-04 18:41:12.742411', 191, '2026-04-04 18:41:12.742411', 191);
INSERT INTO "product_attribute_option" ("id", "attribute_definition_id", "code", "label", "sort_order", "is_active", "created_at", "created_by", "updated_at", "updated_by") VALUES (34, 14, '15W40', '15W40', 20, TRUE, '2026-04-04 18:41:12.742411', 191, '2026-04-04 18:41:12.742411', 191);
INSERT INTO "product_attribute_option" ("id", "attribute_definition_id", "code", "label", "sort_order", "is_active", "created_at", "created_by", "updated_at", "updated_by") VALUES (35, 22, 'GEAR_OIL', 'Gear Oil', 20, TRUE, '2026-04-04 18:41:12.742411', 191, '2026-04-04 18:41:12.742411', 191);
INSERT INTO "product_attribute_option" ("id", "attribute_definition_id", "code", "label", "sort_order", "is_active", "created_at", "created_by", "updated_at", "updated_by") VALUES (36, 19, '900ML', '900 ML', 20, TRUE, '2026-04-04 18:41:12.742411', 176, '2026-04-04 18:41:12.742411', 176);
INSERT INTO "product_attribute_option" ("id", "attribute_definition_id", "code", "label", "sort_order", "is_active", "created_at", "created_by", "updated_at", "updated_by") VALUES (37, 24, 'COOLANT', 'Coolant', 30, TRUE, '2026-04-04 18:41:12.742411', 168, '2026-04-04 18:41:12.742411', 168);
INSERT INTO "product_attribute_option" ("id", "attribute_definition_id", "code", "label", "sort_order", "is_active", "created_at", "created_by", "updated_at", "updated_by") VALUES (38, 14, '20W40', '20W40', 30, TRUE, '2026-04-04 18:41:12.742411', 191, '2026-04-04 18:41:12.742411', 191);
INSERT INTO "product_attribute_option" ("id", "attribute_definition_id", "code", "label", "sort_order", "is_active", "created_at", "created_by", "updated_at", "updated_by") VALUES (39, 21, 'GEAR_OIL', 'Gear Oil', 20, TRUE, '2026-04-04 18:41:12.742411', 190, '2026-04-04 18:41:12.742411', 190);
INSERT INTO "product_attribute_option" ("id", "attribute_definition_id", "code", "label", "sort_order", "is_active", "created_at", "created_by", "updated_at", "updated_by") VALUES (40, 13, '10W30', '10W30', 10, TRUE, '2026-04-04 18:41:12.742411', 190, '2026-04-04 18:41:12.742411', 190);
INSERT INTO "product_attribute_option" ("id", "attribute_definition_id", "code", "label", "sort_order", "is_active", "created_at", "created_by", "updated_at", "updated_by") VALUES (41, 3, 'RMF', 'RMF', 10, TRUE, '2026-04-04 18:41:12.742411', 176, '2026-04-04 18:41:12.742411', 176);
INSERT INTO "product_attribute_option" ("id", "attribute_definition_id", "code", "label", "sort_order", "is_active", "created_at", "created_by", "updated_at", "updated_by") VALUES (42, 21, 'ENGINE_OIL', 'Engine Oil', 10, TRUE, '2026-04-04 18:41:12.742411', 190, '2026-04-04 18:41:12.742411', 190);
INSERT INTO "product_attribute_option" ("id", "attribute_definition_id", "code", "label", "sort_order", "is_active", "created_at", "created_by", "updated_at", "updated_by") VALUES (43, 14, '10W30', '10W30', 10, TRUE, '2026-04-04 18:41:12.742411', 191, '2026-04-04 18:41:12.742411', 191);
INSERT INTO "product_attribute_option" ("id", "attribute_definition_id", "code", "label", "sort_order", "is_active", "created_at", "created_by", "updated_at", "updated_by") VALUES (44, 23, 'COOLANT', 'Coolant', 30, TRUE, '2026-04-04 18:41:12.742411', 176, '2026-04-04 18:41:12.742411', 176);
INSERT INTO "product_attribute_option" ("id", "attribute_definition_id", "code", "label", "sort_order", "is_active", "created_at", "created_by", "updated_at", "updated_by") VALUES (45, 13, '20W40', '20W40', 30, TRUE, '2026-04-04 18:41:12.742411', 190, '2026-04-04 18:41:12.742411', 190);
INSERT INTO "product_attribute_option" ("id", "attribute_definition_id", "code", "label", "sort_order", "is_active", "created_at", "created_by", "updated_at", "updated_by") VALUES (46, 3, 'SMF', 'SMF', 40, TRUE, '2026-04-04 18:41:12.742411', 176, '2026-04-04 18:41:12.742411', 176);
INSERT INTO "product_attribute_option" ("id", "attribute_definition_id", "code", "label", "sort_order", "is_active", "created_at", "created_by", "updated_at", "updated_by") VALUES (47, 17, '4L', '4 L', 40, TRUE, '2026-04-04 18:41:12.742411', 190, '2026-04-04 18:41:12.742411', 190);
INSERT INTO "product_attribute_option" ("id", "attribute_definition_id", "code", "label", "sort_order", "is_active", "created_at", "created_by", "updated_at", "updated_by") VALUES (48, 2, 'TUBULAR', 'Tubular', 30, TRUE, '2026-04-04 18:41:12.742411', 191, '2026-04-04 18:41:12.742411', 191);
INSERT INTO "product_attribute_option" ("id", "attribute_definition_id", "code", "label", "sort_order", "is_active", "created_at", "created_by", "updated_at", "updated_by") VALUES (49, 1, 'RMF', 'RMF', 10, TRUE, '2026-04-04 18:41:12.742411', 190, '2026-04-04 18:41:12.742411', 190);
INSERT INTO "product_attribute_option" ("id", "attribute_definition_id", "code", "label", "sort_order", "is_active", "created_at", "created_by", "updated_at", "updated_by") VALUES (50, 13, '15W40', '15W40', 20, TRUE, '2026-04-04 18:41:12.742411', 190, '2026-04-04 18:41:12.742411', 190);
INSERT INTO "product_attribute_option" ("id", "attribute_definition_id", "code", "label", "sort_order", "is_active", "created_at", "created_by", "updated_at", "updated_by") VALUES (51, 22, 'ENGINE_OIL', 'Engine Oil', 10, TRUE, '2026-04-04 18:41:12.742411', 191, '2026-04-04 18:41:12.742411', 191);
INSERT INTO "product_attribute_option" ("id", "attribute_definition_id", "code", "label", "sort_order", "is_active", "created_at", "created_by", "updated_at", "updated_by") VALUES (52, 18, '1L', '1 L', 30, TRUE, '2026-04-04 18:41:12.742411', 191, '2026-04-04 18:41:12.742411', 191);
INSERT INTO "product_attribute_option" ("id", "attribute_definition_id", "code", "label", "sort_order", "is_active", "created_at", "created_by", "updated_at", "updated_by") VALUES (53, 21, 'COOLANT', 'Coolant', 30, TRUE, '2026-04-04 18:41:12.742411', 190, '2026-04-04 18:41:12.742411', 190);
INSERT INTO "product_attribute_option" ("id", "attribute_definition_id", "code", "label", "sort_order", "is_active", "created_at", "created_by", "updated_at", "updated_by") VALUES (54, 16, '20W40', '20W40', 30, TRUE, '2026-04-04 18:41:12.742411', 168, '2026-04-04 18:41:12.742411', 168);
INSERT INTO "product_attribute_option" ("id", "attribute_definition_id", "code", "label", "sort_order", "is_active", "created_at", "created_by", "updated_at", "updated_by") VALUES (56, 23, 'ENGINE_OIL', 'Engine Oil', 10, TRUE, '2026-04-04 18:41:12.742411', 176, '2026-04-04 18:41:12.742411', 176);
INSERT INTO "product_attribute_option" ("id", "attribute_definition_id", "code", "label", "sort_order", "is_active", "created_at", "created_by", "updated_at", "updated_by") VALUES (57, 15, '15W40', '15W40', 20, TRUE, '2026-04-04 18:41:12.742411', 176, '2026-04-04 18:41:12.742411', 176);
INSERT INTO "product_attribute_option" ("id", "attribute_definition_id", "code", "label", "sort_order", "is_active", "created_at", "created_by", "updated_at", "updated_by") VALUES (58, 24, 'GEAR_OIL', 'Gear Oil', 20, TRUE, '2026-04-04 18:41:12.742411', 168, '2026-04-04 18:41:12.742411', 168);
INSERT INTO "product_attribute_option" ("id", "attribute_definition_id", "code", "label", "sort_order", "is_active", "created_at", "created_by", "updated_at", "updated_by") VALUES (59, 17, '1L', '1 L', 30, TRUE, '2026-04-04 18:41:12.742411', 190, '2026-04-04 18:41:12.742411', 190);
INSERT INTO "product_attribute_option" ("id", "attribute_definition_id", "code", "label", "sort_order", "is_active", "created_at", "created_by", "updated_at", "updated_by") VALUES (60, 22, 'COOLANT', 'Coolant', 30, TRUE, '2026-04-04 18:41:12.742411', 191, '2026-04-04 18:41:12.742411', 191);
INSERT INTO "product_attribute_option" ("id", "attribute_definition_id", "code", "label", "sort_order", "is_active", "created_at", "created_by", "updated_at", "updated_by") VALUES (61, 15, '20W40', '20W40', 30, TRUE, '2026-04-04 18:41:12.742411', 176, '2026-04-04 18:41:12.742411', 176);
INSERT INTO "product_attribute_option" ("id", "attribute_definition_id", "code", "label", "sort_order", "is_active", "created_at", "created_by", "updated_at", "updated_by") VALUES (62, 18, '4L', '4 L', 40, TRUE, '2026-04-04 18:41:12.742411', 191, '2026-04-04 18:41:12.742411', 191);
INSERT INTO "product_attribute_option" ("id", "attribute_definition_id", "code", "label", "sort_order", "is_active", "created_at", "created_by", "updated_at", "updated_by") VALUES (63, 19, '500ML', '500 ML', 10, TRUE, '2026-04-04 18:41:12.742411', 176, '2026-04-04 18:41:12.742411', 176);
INSERT INTO "product_attribute_option" ("id", "attribute_definition_id", "code", "label", "sort_order", "is_active", "created_at", "created_by", "updated_at", "updated_by") VALUES (64, 16, '15W40', '15W40', 20, TRUE, '2026-04-04 18:41:12.742411', 168, '2026-04-04 18:41:12.742411', 168);
INSERT INTO "product_attribute_option" ("id", "attribute_definition_id", "code", "label", "sort_order", "is_active", "created_at", "created_by", "updated_at", "updated_by") VALUES (65, 4, 'rmf', 'RMF', 1, TRUE, '2026-04-06 22:28:09.631716', 169, '2026-04-06 22:28:09.631716', 169);
INSERT INTO "product_attribute_option" ("id", "attribute_definition_id", "code", "label", "sort_order", "is_active", "created_at", "created_by", "updated_at", "updated_by") VALUES (66, 4, 'lmf', 'LMF', 2, TRUE, '2026-04-06 22:28:09.637767', 169, '2026-04-06 22:28:09.637767', 169);
INSERT INTO "product_attribute_option" ("id", "attribute_definition_id", "code", "label", "sort_order", "is_active", "created_at", "created_by", "updated_at", "updated_by") VALUES (67, 4, 'tubular', 'Tubular', 3, TRUE, '2026-04-06 22:28:09.638455', 169, '2026-04-06 22:28:09.638455', 169);
INSERT INTO "product_attribute_option" ("id", "attribute_definition_id", "code", "label", "sort_order", "is_active", "created_at", "created_by", "updated_at", "updated_by") VALUES (68, 4, 'smf', 'SMF', 4, TRUE, '2026-04-06 22:28:09.63933', 169, '2026-04-06 22:28:09.63933', 169);
INSERT INTO "product_attribute_option" ("id", "attribute_definition_id", "code", "label", "sort_order", "is_active", "created_at", "created_by", "updated_at", "updated_by") VALUES (69, 4, 'li_ion', 'Li-ion', 5, TRUE, '2026-04-06 22:28:09.639911', 169, '2026-04-06 22:28:09.639911', 169);

-- changeset sameerkhan:1775937591491-88
INSERT INTO "product_attribute_scope" ("id", "organization_id", "attribute_definition_id", "category_id", "brand_id", "created_at", "created_by", "updated_at", "updated_by") VALUES (1, 33, 8, 72, NULL, '2026-04-04 18:41:12.742411', 168, '2026-04-04 18:41:12.742411', 168);
INSERT INTO "product_attribute_scope" ("id", "organization_id", "attribute_definition_id", "category_id", "brand_id", "created_at", "created_by", "updated_at", "updated_by") VALUES (3, 33, 12, 72, NULL, '2026-04-04 18:41:12.742411', 168, '2026-04-04 18:41:12.742411', 168);
INSERT INTO "product_attribute_scope" ("id", "organization_id", "attribute_definition_id", "category_id", "brand_id", "created_at", "created_by", "updated_at", "updated_by") VALUES (4, 33, 20, 74, NULL, '2026-04-04 18:41:12.742411', 168, '2026-04-04 18:41:12.742411', 168);
INSERT INTO "product_attribute_scope" ("id", "organization_id", "attribute_definition_id", "category_id", "brand_id", "created_at", "created_by", "updated_at", "updated_by") VALUES (5, 33, 24, 74, NULL, '2026-04-04 18:41:12.742411', 168, '2026-04-04 18:41:12.742411', 168);
INSERT INTO "product_attribute_scope" ("id", "organization_id", "attribute_definition_id", "category_id", "brand_id", "created_at", "created_by", "updated_at", "updated_by") VALUES (6, 33, 16, 74, NULL, '2026-04-04 18:41:12.742411', 168, '2026-04-04 18:41:12.742411', 168);
INSERT INTO "product_attribute_scope" ("id", "organization_id", "attribute_definition_id", "category_id", "brand_id", "created_at", "created_by", "updated_at", "updated_by") VALUES (7, 34, 7, 77, NULL, '2026-04-04 18:41:12.742411', 176, '2026-04-04 18:41:12.742411', 176);
INSERT INTO "product_attribute_scope" ("id", "organization_id", "attribute_definition_id", "category_id", "brand_id", "created_at", "created_by", "updated_at", "updated_by") VALUES (8, 34, 3, 77, NULL, '2026-04-04 18:41:12.742411', 176, '2026-04-04 18:41:12.742411', 176);
INSERT INTO "product_attribute_scope" ("id", "organization_id", "attribute_definition_id", "category_id", "brand_id", "created_at", "created_by", "updated_at", "updated_by") VALUES (9, 34, 11, 77, NULL, '2026-04-04 18:41:12.742411', 176, '2026-04-04 18:41:12.742411', 176);
INSERT INTO "product_attribute_scope" ("id", "organization_id", "attribute_definition_id", "category_id", "brand_id", "created_at", "created_by", "updated_at", "updated_by") VALUES (10, 34, 15, 79, NULL, '2026-04-04 18:41:12.742411', 176, '2026-04-04 18:41:12.742411', 176);
INSERT INTO "product_attribute_scope" ("id", "organization_id", "attribute_definition_id", "category_id", "brand_id", "created_at", "created_by", "updated_at", "updated_by") VALUES (11, 34, 19, 79, NULL, '2026-04-04 18:41:12.742411', 176, '2026-04-04 18:41:12.742411', 176);
INSERT INTO "product_attribute_scope" ("id", "organization_id", "attribute_definition_id", "category_id", "brand_id", "created_at", "created_by", "updated_at", "updated_by") VALUES (12, 34, 23, 79, NULL, '2026-04-04 18:41:12.742411', 176, '2026-04-04 18:41:12.742411', 176);
INSERT INTO "product_attribute_scope" ("id", "organization_id", "attribute_definition_id", "category_id", "brand_id", "created_at", "created_by", "updated_at", "updated_by") VALUES (13, 33, 25, 71, 85, '2026-04-04 19:14:02.24776', 168, '2026-04-04 19:14:02.24776', 168);
INSERT INTO "product_attribute_scope" ("id", "organization_id", "attribute_definition_id", "category_id", "brand_id", "created_at", "created_by", "updated_at", "updated_by") VALUES (14, 33, 26, 71, 85, '2026-04-04 19:15:31.294424', 168, '2026-04-04 19:15:31.294424', 168);
INSERT INTO "product_attribute_scope" ("id", "organization_id", "attribute_definition_id", "category_id", "brand_id", "created_at", "created_by", "updated_at", "updated_by") VALUES (15, 33, 4, 72, 86, '2026-04-06 22:28:09.642674', 169, '2026-04-06 22:28:09.642674', 169);

-- changeset sameerkhan:1775937591491-89
INSERT INTO "store_product_attribute_value" ("id", "organization_id", "store_product_id", "attribute_definition_id", "value_text", "value_number", "value_boolean", "value_date", "value_option_id", "value_json", "created_at", "created_by", "updated_at", "updated_by") VALUES (2, 33, 55, 8, NULL, 65.000000, NULL, NULL, NULL, NULL, '2026-04-04 18:51:35.73117', 168, '2026-04-04 18:51:35.73117', 168);
INSERT INTO "store_product_attribute_value" ("id", "organization_id", "store_product_id", "attribute_definition_id", "value_text", "value_number", "value_boolean", "value_date", "value_option_id", "value_json", "created_at", "created_by", "updated_at", "updated_by") VALUES (3, 33, 55, 12, NULL, 12.000000, NULL, NULL, NULL, NULL, '2026-04-04 18:51:35.731905', 168, '2026-04-04 18:51:35.731905', 168);
INSERT INTO "store_product_attribute_value" ("id", "organization_id", "store_product_id", "attribute_definition_id", "value_text", "value_number", "value_boolean", "value_date", "value_option_id", "value_json", "created_at", "created_by", "updated_at", "updated_by") VALUES (4, 33, 57, 26, '1500 VA', NULL, NULL, NULL, NULL, NULL, '2026-04-04 19:36:02.62328', 168, '2026-04-04 19:36:02.62328', 168);
INSERT INTO "store_product_attribute_value" ("id", "organization_id", "store_product_id", "attribute_definition_id", "value_text", "value_number", "value_boolean", "value_date", "value_option_id", "value_json", "created_at", "created_by", "updated_at", "updated_by") VALUES (5, 33, 57, 25, 'Power', NULL, NULL, NULL, NULL, NULL, '2026-04-04 19:36:02.626522', 168, '2026-04-04 19:36:02.626522', 168);
INSERT INTO "store_product_attribute_value" ("id", "organization_id", "store_product_id", "attribute_definition_id", "value_text", "value_number", "value_boolean", "value_date", "value_option_id", "value_json", "created_at", "created_by", "updated_at", "updated_by") VALUES (1, 33, 55, 4, NULL, NULL, NULL, NULL, NULL, NULL, '2026-04-04 18:51:35.726844', 168, '2026-04-04 18:51:35.726844', 168);

-- changeset sameerkhan:1775937591491-90
INSERT INTO "warranty_extension" ("id", "organization_id", "product_ownership_id", "serial_number_id", "sales_invoice_id", "sales_invoice_line_id", "extension_type", "months_added", "start_date", "end_date", "status", "reason", "reference_number", "amount", "remarks", "created_at", "created_by", "updated_at", "updated_by") VALUES (1, 33, 4, 54, 10, 24, 'PAID_EXTENDED', 12, '2028-03-04', '2029-03-03', 'ACTIVE', 'Demo extended warranty purchase', 'EXT-DEMO-0001', 1499.00, 'Added during UI verification', '2026-04-04 20:33:54.858431', 168, '2026-04-04 20:33:54.858431', 168);
